model,exercise_id,subject_id,correct_label,pred_score
LSTM baseline,1,1,1,43.115925
LSTM baseline,1,1,1,43.07041
LSTM baseline,1,1,1,43.06072
LSTM baseline,1,1,1,43.076523
LSTM baseline,1,1,1,43.07611
LSTM baseline,1,1,1,43.096146
LSTM baseline,1,1,1,43.07966
LSTM baseline,1,1,1,43.085613
LSTM baseline,1,1,1,43.0888
LSTM baseline,1,1,1,43.092327
LSTM baseline,1,2,1,43.099304
LSTM baseline,1,2,1,43.126392
LSTM baseline,1,2,1,43.16412
LSTM baseline,1,2,1,43.151566
LSTM baseline,1,2,1,43.190678
LSTM baseline,1,2,1,43.144215
LSTM baseline,1,2,1,43.12957
LSTM baseline,1,2,1,43.12416
LSTM baseline,1,2,1,43.09768
LSTM baseline,1,2,1,43.10144
LSTM baseline,1,3,1,43.11131
LSTM baseline,1,3,1,43.137848
LSTM baseline,1,3,1,43.115807
LSTM baseline,1,3,1,43.106514
LSTM baseline,1,3,1,43.116722
LSTM baseline,1,3,1,43.101112
LSTM baseline,1,3,1,43.12509
LSTM baseline,1,3,1,43.13776
LSTM baseline,1,3,1,43.10097
LSTM baseline,1,3,1,43.110367
LSTM baseline,1,4,1,43.101547
LSTM baseline,1,4,1,43.156128
LSTM baseline,1,4,1,43.139957
LSTM baseline,1,4,1,43.157455
LSTM baseline,1,4,1,43.120525
LSTM baseline,1,4,1,43.107822
LSTM baseline,1,4,1,43.127647
LSTM baseline,1,4,1,43.142834
LSTM baseline,1,4,1,43.13715
LSTM baseline,1,4,1,43.116653
LSTM baseline,1,5,1,43.16334
LSTM baseline,1,5,1,43.237194
LSTM baseline,1,5,1,43.199787
LSTM baseline,1,5,1,43.220703
LSTM baseline,1,5,1,43.19374
LSTM baseline,1,5,1,43.19962
LSTM baseline,1,5,1,43.209995
LSTM baseline,1,5,1,43.198242
LSTM baseline,1,5,1,43.181572
LSTM baseline,1,5,1,43.20334
LSTM baseline,1,6,1,43.147793
LSTM baseline,1,6,1,43.134403
LSTM baseline,1,6,1,43.10608
LSTM baseline,1,6,1,43.120235
LSTM baseline,1,6,1,43.13309
LSTM baseline,1,6,1,43.205544
LSTM baseline,1,6,1,43.139183
LSTM baseline,1,6,1,43.17369
LSTM baseline,1,6,1,43.1294
LSTM baseline,1,6,1,43.155804
LSTM baseline,1,7,1,43.06126
LSTM baseline,1,7,1,43.125187
LSTM baseline,1,7,1,43.15012
LSTM baseline,1,7,1,43.16045
LSTM baseline,1,7,1,43.141895
LSTM baseline,1,7,1,43.18017
LSTM baseline,1,7,1,43.159977
LSTM baseline,1,7,1,43.152134
LSTM baseline,1,7,1,43.154312
LSTM baseline,1,7,1,43.16763
LSTM baseline,1,8,1,43.15275
LSTM baseline,1,8,1,43.162006
LSTM baseline,1,8,1,43.14485
LSTM baseline,1,8,1,43.125046
LSTM baseline,1,8,1,43.149185
LSTM baseline,1,8,1,43.14793
LSTM baseline,1,8,1,43.13493
LSTM baseline,1,8,1,43.16566
LSTM baseline,1,8,1,43.148327
LSTM baseline,1,8,1,43.14985
LSTM baseline,1,9,1,43.104477
LSTM baseline,1,9,1,43.086502
LSTM baseline,1,9,1,43.057144
LSTM baseline,1,9,1,43.10502
LSTM baseline,1,9,1,43.12324
LSTM baseline,1,9,1,43.103043
LSTM baseline,1,9,1,43.11235
LSTM baseline,1,9,1,43.115192
LSTM baseline,1,9,1,43.09484
LSTM baseline,1,9,1,43.104847
LSTM baseline,1,10,1,43.069534
LSTM baseline,1,10,1,43.05967
LSTM baseline,1,10,1,43.064312
LSTM baseline,1,10,1,43.046284
LSTM baseline,1,10,1,43.030964
LSTM baseline,1,10,1,43.072784
LSTM baseline,1,10,1,43.08061
LSTM baseline,1,10,1,43.07787
LSTM baseline,1,10,1,43.07825
LSTM baseline,1,10,1,43.05488
LSTM baseline,2,1,1,43.35416
LSTM baseline,2,1,1,43.34988
LSTM baseline,2,1,1,43.33888
LSTM baseline,2,1,1,43.35319
LSTM baseline,2,1,1,43.3512
LSTM baseline,2,1,1,43.33258
LSTM baseline,2,1,1,43.355785
LSTM baseline,2,1,1,43.404263
LSTM baseline,2,1,1,43.39528
LSTM baseline,2,1,1,43.384308
LSTM baseline,2,2,1,43.347294
LSTM baseline,2,2,1,43.369637
LSTM baseline,2,2,1,43.364574
LSTM baseline,2,2,1,43.374706
LSTM baseline,2,2,1,43.375412
LSTM baseline,2,2,1,43.37178
LSTM baseline,2,2,1,43.353115
LSTM baseline,2,2,1,43.375748
LSTM baseline,2,2,1,43.347637
LSTM baseline,2,2,1,43.367043
LSTM baseline,2,3,1,43.239323
LSTM baseline,2,3,1,43.230404
LSTM baseline,2,3,1,43.21653
LSTM baseline,2,3,1,43.219337
LSTM baseline,2,3,1,43.231194
LSTM baseline,2,3,1,43.221302
LSTM baseline,2,3,1,43.24321
LSTM baseline,2,3,1,43.21583
LSTM baseline,2,3,1,43.19796
LSTM baseline,2,3,1,43.216114
LSTM baseline,2,4,1,43.230732
LSTM baseline,2,4,1,43.24147
LSTM baseline,2,4,1,43.24849
LSTM baseline,2,4,1,43.24936
LSTM baseline,2,4,1,43.243633
LSTM baseline,2,4,1,43.246967
LSTM baseline,2,4,1,43.238174
LSTM baseline,2,4,1,43.244396
LSTM baseline,2,4,1,43.244915
LSTM baseline,2,4,1,43.15647
LSTM baseline,2,5,1,43.34259
LSTM baseline,2,5,1,43.353004
LSTM baseline,2,5,1,43.3458
LSTM baseline,2,5,1,43.32684
LSTM baseline,2,5,1,43.3353
LSTM baseline,2,5,1,43.344254
LSTM baseline,2,5,1,43.323986
LSTM baseline,2,5,1,43.323696
LSTM baseline,2,5,1,43.33683
LSTM baseline,2,5,1,43.322495
LSTM baseline,2,6,1,43.255234
LSTM baseline,2,6,1,43.198288
LSTM baseline,2,6,1,43.321968
LSTM baseline,2,6,1,43.27087
LSTM baseline,2,6,1,43.345737
LSTM baseline,2,6,1,43.291134
LSTM baseline,2,6,1,43.321266
LSTM baseline,2,6,1,43.29618
LSTM baseline,2,6,1,43.326157
LSTM baseline,2,6,1,43.30984
LSTM baseline,2,7,1,43.343567
LSTM baseline,2,7,1,43.37929
LSTM baseline,2,7,1,43.376812
LSTM baseline,2,7,1,43.384033
LSTM baseline,2,7,1,43.390526
LSTM baseline,2,7,1,43.373802
LSTM baseline,2,7,1,43.375103
LSTM baseline,2,7,1,43.379803
LSTM baseline,2,7,1,43.39271
LSTM baseline,2,7,1,43.399555
LSTM baseline,2,8,1,43.33453
LSTM baseline,2,8,1,43.32934
LSTM baseline,2,8,1,43.31709
LSTM baseline,2,8,1,43.338337
LSTM baseline,2,8,1,43.340176
LSTM baseline,2,8,1,43.348648
LSTM baseline,2,8,1,43.330257
LSTM baseline,2,8,1,43.31084
LSTM baseline,2,8,1,43.323483
LSTM baseline,2,8,1,43.32773
LSTM baseline,2,9,1,43.23753
LSTM baseline,2,9,1,43.231792
LSTM baseline,2,9,1,43.18787
LSTM baseline,2,9,1,43.19203
LSTM baseline,2,9,1,43.197308
LSTM baseline,2,9,1,43.191483
LSTM baseline,2,9,1,43.183407
LSTM baseline,2,9,1,43.18868
LSTM baseline,2,9,1,43.196983
LSTM baseline,2,9,1,43.197155
LSTM baseline,2,10,1,43.37557
LSTM baseline,2,10,1,43.355247
LSTM baseline,2,10,1,43.39112
LSTM baseline,2,10,1,43.393456
LSTM baseline,2,10,1,43.399548
LSTM baseline,2,10,1,43.402916
LSTM baseline,2,10,1,43.404312
LSTM baseline,2,10,1,43.401627
LSTM baseline,2,10,1,43.338173
LSTM baseline,2,10,1,43.401485
LSTM baseline,3,1,1,43.038403
LSTM baseline,3,1,1,43.055756
LSTM baseline,3,1,1,43.11767
LSTM baseline,3,1,1,43.09716
LSTM baseline,3,1,1,43.090046
LSTM baseline,3,1,1,43.080193
LSTM baseline,3,1,1,43.11812
LSTM baseline,3,1,1,43.25245
LSTM baseline,3,1,1,43.167473
LSTM baseline,3,1,1,43.090237
LSTM baseline,3,2,1,43.04378
LSTM baseline,3,2,1,42.956963
LSTM baseline,3,2,1,43.123844
LSTM baseline,3,2,1,43.046165
LSTM baseline,3,2,1,43.05991
LSTM baseline,3,2,1,43.054726
LSTM baseline,3,2,1,43.064617
LSTM baseline,3,2,1,43.06838
LSTM baseline,3,2,1,43.062508
LSTM baseline,3,2,1,43.054462
LSTM baseline,3,3,1,43.008564
LSTM baseline,3,3,1,43.019108
LSTM baseline,3,3,1,43.05369
LSTM baseline,3,3,1,43.06341
LSTM baseline,3,3,1,43.053917
LSTM baseline,3,3,1,43.023186
LSTM baseline,3,3,1,43.09581
LSTM baseline,3,3,1,42.996773
LSTM baseline,3,3,1,43.041878
LSTM baseline,3,3,1,43.015507
LSTM baseline,3,4,1,43.091583
LSTM baseline,3,4,1,43.174404
LSTM baseline,3,4,1,43.133354
LSTM baseline,3,4,1,43.101288
LSTM baseline,3,4,1,43.16746
LSTM baseline,3,4,1,43.156254
LSTM baseline,3,4,1,43.036144
LSTM baseline,3,4,1,43.173615
LSTM baseline,3,4,1,43.08538
LSTM baseline,3,4,1,43.07584
LSTM baseline,3,5,1,43.160137
LSTM baseline,3,5,1,43.223515
LSTM baseline,3,5,1,43.252594
LSTM baseline,3,5,1,43.20194
LSTM baseline,3,5,1,43.262867
LSTM baseline,3,5,1,43.098103
LSTM baseline,3,5,1,42.995678
LSTM baseline,3,5,1,42.960617
LSTM baseline,3,5,1,42.874573
LSTM baseline,3,5,1,42.96977
LSTM baseline,3,6,1,43.098465
LSTM baseline,3,6,1,43.070587
LSTM baseline,3,6,1,43.106888
LSTM baseline,3,6,1,43.126064
LSTM baseline,3,6,1,43.084656
LSTM baseline,3,6,1,43.06312
LSTM baseline,3,6,1,43.055176
LSTM baseline,3,6,1,43.10302
LSTM baseline,3,6,1,43.114285
LSTM baseline,3,6,1,43.084606
LSTM baseline,3,7,1,42.81961
LSTM baseline,3,7,1,42.948677
LSTM baseline,3,7,1,42.98051
LSTM baseline,3,7,1,42.97144
LSTM baseline,3,7,1,42.933575
LSTM baseline,3,7,1,42.93666
LSTM baseline,3,7,1,43.017776
LSTM baseline,3,7,1,43.02953
LSTM baseline,3,7,1,42.899784
LSTM baseline,3,7,1,42.993145
LSTM baseline,3,8,1,42.901745
LSTM baseline,3,8,1,42.89738
LSTM baseline,3,8,1,42.820377
LSTM baseline,3,8,1,43.003906
LSTM baseline,3,8,1,42.814846
LSTM baseline,3,8,1,42.82678
LSTM baseline,3,8,1,42.866756
LSTM baseline,3,8,1,42.883823
LSTM baseline,3,8,1,42.878014
LSTM baseline,3,8,1,42.822937
LSTM baseline,3,9,1,42.98372
LSTM baseline,3,9,1,42.96553
LSTM baseline,3,9,1,43.003296
LSTM baseline,3,9,1,42.95397
LSTM baseline,3,9,1,42.937428
LSTM baseline,3,9,1,42.986202
LSTM baseline,3,9,1,42.96978
LSTM baseline,3,9,1,42.951645
LSTM baseline,3,9,1,42.944458
LSTM baseline,3,9,1,42.97963
LSTM baseline,3,10,1,42.950226
LSTM baseline,3,10,1,42.856846
LSTM baseline,3,10,1,42.844704
LSTM baseline,3,10,1,42.88289
LSTM baseline,3,10,1,42.85473
LSTM baseline,3,10,1,42.845264
LSTM baseline,3,10,1,42.87412
LSTM baseline,3,10,1,42.89575
LSTM baseline,3,10,1,42.94548
LSTM baseline,3,10,1,42.953842
LSTM baseline,4,1,1,42.753605
LSTM baseline,4,1,1,42.84031
LSTM baseline,4,1,1,42.905968
LSTM baseline,4,1,1,42.851944
LSTM baseline,4,1,1,42.854454
LSTM baseline,4,1,1,42.877747
LSTM baseline,4,1,1,42.879807
LSTM baseline,4,1,1,42.819256
LSTM baseline,4,1,1,42.856087
LSTM baseline,4,1,1,42.79561
LSTM baseline,4,2,1,42.93724
LSTM baseline,4,2,1,42.934082
LSTM baseline,4,2,1,42.98534
LSTM baseline,4,2,1,42.912025
LSTM baseline,4,2,1,42.94295
LSTM baseline,4,2,1,42.933857
LSTM baseline,4,2,1,42.949512
LSTM baseline,4,2,1,42.930893
LSTM baseline,4,2,1,42.957775
LSTM baseline,4,2,1,43.00314
LSTM baseline,4,3,1,43.198624
LSTM baseline,4,3,1,43.261936
LSTM baseline,4,3,1,43.251255
LSTM baseline,4,3,1,43.302734
LSTM baseline,4,3,1,43.303898
LSTM baseline,4,3,1,43.233543
LSTM baseline,4,3,1,43.2569
LSTM baseline,4,3,1,43.272793
LSTM baseline,4,3,1,43.243538
LSTM baseline,4,3,1,43.228325
LSTM baseline,4,4,1,43.17791
LSTM baseline,4,4,1,43.317364
LSTM baseline,4,4,1,43.30628
LSTM baseline,4,4,1,43.320686
LSTM baseline,4,4,1,43.30881
LSTM baseline,4,4,1,43.296104
LSTM baseline,4,4,1,43.307148
LSTM baseline,4,4,1,43.294643
LSTM baseline,4,4,1,43.299366
LSTM baseline,4,4,1,43.315495
LSTM baseline,4,5,1,43.17653
LSTM baseline,4,5,1,43.181847
LSTM baseline,4,5,1,43.153965
LSTM baseline,4,5,1,43.225407
LSTM baseline,4,5,1,43.20624
LSTM baseline,4,5,1,43.205532
LSTM baseline,4,5,1,43.175423
LSTM baseline,4,5,1,43.195473
LSTM baseline,4,5,1,43.23248
LSTM baseline,4,5,1,43.19871
LSTM baseline,4,6,1,43.034756
LSTM baseline,4,6,1,43.091026
LSTM baseline,4,6,1,43.064083
LSTM baseline,4,6,1,43.091015
LSTM baseline,4,6,1,43.08966
LSTM baseline,4,6,1,43.074024
LSTM baseline,4,6,1,43.044888
LSTM baseline,4,6,1,43.068073
LSTM baseline,4,6,1,43.08767
LSTM baseline,4,6,1,43.114082
LSTM baseline,4,7,1,43.13038
LSTM baseline,4,7,1,43.16668
LSTM baseline,4,7,1,43.123047
LSTM baseline,4,7,1,43.171635
LSTM baseline,4,7,1,43.12926
LSTM baseline,4,7,1,43.008465
LSTM baseline,4,7,1,43.01017
LSTM baseline,4,7,1,43.089115
LSTM baseline,4,7,1,43.025394
LSTM baseline,4,7,1,43.05071
LSTM baseline,4,8,1,42.69011
LSTM baseline,4,8,1,42.734985
LSTM baseline,4,8,1,42.768673
LSTM baseline,4,8,1,42.73557
LSTM baseline,4,8,1,42.739365
LSTM baseline,4,8,1,42.7178
LSTM baseline,4,8,1,42.754475
LSTM baseline,4,8,1,42.69259
LSTM baseline,4,8,1,42.787533
LSTM baseline,4,8,1,42.794266
LSTM baseline,4,9,1,43.251743
LSTM baseline,4,9,1,43.26294
LSTM baseline,4,9,1,43.269337
LSTM baseline,4,9,1,43.24775
LSTM baseline,4,9,1,43.28987
LSTM baseline,4,9,1,43.21436
LSTM baseline,4,9,1,43.266808
LSTM baseline,4,9,1,43.2388
LSTM baseline,4,9,1,43.258827
LSTM baseline,4,9,1,43.239555
LSTM baseline,4,10,1,42.99761
LSTM baseline,4,10,1,43.025074
LSTM baseline,4,10,1,43.002686
LSTM baseline,4,10,1,42.97634
LSTM baseline,4,10,1,42.959682
LSTM baseline,4,10,1,42.96465
LSTM baseline,4,10,1,42.98441
LSTM baseline,4,10,1,42.991642
LSTM baseline,4,10,1,42.99032
LSTM baseline,4,10,1,42.981342
LSTM baseline,5,1,1,43.073082
LSTM baseline,5,1,1,43.120594
LSTM baseline,5,1,1,43.106094
LSTM baseline,5,1,1,43.068573
LSTM baseline,5,1,1,43.06574
LSTM baseline,5,1,1,43.074017
LSTM baseline,5,1,1,43.068306
LSTM baseline,5,1,1,43.114494
LSTM baseline,5,1,1,43.10031
LSTM baseline,5,1,1,43.06258
LSTM baseline,5,2,1,43.056187
LSTM baseline,5,2,1,43.101658
LSTM baseline,5,2,1,43.085957
LSTM baseline,5,2,1,43.117825
LSTM baseline,5,2,1,43.10046
LSTM baseline,5,2,1,43.06413
LSTM baseline,5,2,1,43.06261
LSTM baseline,5,2,1,43.099113
LSTM baseline,5,2,1,43.08393
LSTM baseline,5,2,1,43.103203
LSTM baseline,5,3,1,43.098976
LSTM baseline,5,3,1,43.108696
LSTM baseline,5,3,1,43.11316
LSTM baseline,5,3,1,43.125546
LSTM baseline,5,3,1,43.14652
LSTM baseline,5,3,1,43.108974
LSTM baseline,5,3,1,43.115437
LSTM baseline,5,3,1,43.135677
LSTM baseline,5,3,1,43.128185
LSTM baseline,5,3,1,43.136635
LSTM baseline,5,4,1,43.101475
LSTM baseline,5,4,1,43.11808
LSTM baseline,5,4,1,43.114204
LSTM baseline,5,4,1,43.11497
LSTM baseline,5,4,1,43.130814
LSTM baseline,5,4,1,43.11615
LSTM baseline,5,4,1,43.120182
LSTM baseline,5,4,1,43.117863
LSTM baseline,5,4,1,43.112164
LSTM baseline,5,4,1,43.112164
LSTM baseline,5,5,1,42.993015
LSTM baseline,5,5,1,43.051456
LSTM baseline,5,5,1,43.021313
LSTM baseline,5,5,1,42.995346
LSTM baseline,5,5,1,42.998074
LSTM baseline,5,5,1,43.026794
LSTM baseline,5,5,1,43.017467
LSTM baseline,5,5,1,43.00687
LSTM baseline,5,5,1,43.030445
LSTM baseline,5,5,1,43.014126
LSTM baseline,5,6,1,43.11064
LSTM baseline,5,6,1,43.060635
LSTM baseline,5,6,1,43.063953
LSTM baseline,5,6,1,43.087917
LSTM baseline,5,6,1,43.060577
LSTM baseline,5,6,1,43.07206
LSTM baseline,5,6,1,43.082767
LSTM baseline,5,6,1,43.064327
LSTM baseline,5,6,1,43.066143
LSTM baseline,5,6,1,43.064526
LSTM baseline,5,7,1,43.134907
LSTM baseline,5,7,1,43.116425
LSTM baseline,5,7,1,43.114048
LSTM baseline,5,7,1,43.124603
LSTM baseline,5,7,1,43.105473
LSTM baseline,5,7,1,43.095013
LSTM baseline,5,7,1,43.111103
LSTM baseline,5,7,1,43.090897
LSTM baseline,5,7,1,43.107567
LSTM baseline,5,7,1,43.118652
LSTM baseline,5,8,1,43.164
LSTM baseline,5,8,1,43.1719
LSTM baseline,5,8,1,43.17306
LSTM baseline,5,8,1,43.212788
LSTM baseline,5,8,1,43.179867
LSTM baseline,5,8,1,43.175938
LSTM baseline,5,8,1,43.182575
LSTM baseline,5,8,1,43.19833
LSTM baseline,5,8,1,43.18636
LSTM baseline,5,8,1,43.20327
LSTM baseline,5,9,1,43.14354
LSTM baseline,5,9,1,43.1803
LSTM baseline,5,9,1,43.167694
LSTM baseline,5,9,1,43.162186
LSTM baseline,5,9,1,43.168835
LSTM baseline,5,9,1,43.154324
LSTM baseline,5,9,1,43.176945
LSTM baseline,5,9,1,43.15687
LSTM baseline,5,9,1,43.176823
LSTM baseline,5,9,1,43.156597
LSTM baseline,5,10,1,42.854073
LSTM baseline,5,10,1,42.830025
LSTM baseline,5,10,1,42.847977
LSTM baseline,5,10,1,42.854633
LSTM baseline,5,10,1,42.82164
LSTM baseline,5,10,1,42.838062
LSTM baseline,5,10,1,42.829918
LSTM baseline,5,10,1,42.84306
LSTM baseline,5,10,1,42.862705
LSTM baseline,5,10,1,42.86522
LSTM baseline,6,1,1,43.390892
LSTM baseline,6,1,1,43.394306
LSTM baseline,6,1,1,43.386078
LSTM baseline,6,1,1,43.39339
LSTM baseline,6,1,1,43.39113
LSTM baseline,6,1,1,43.395386
LSTM baseline,6,1,1,43.39315
LSTM baseline,6,1,1,43.398994
LSTM baseline,6,1,1,43.40419
LSTM baseline,6,1,1,43.39741
LSTM baseline,6,2,1,43.32776
LSTM baseline,6,2,1,43.341545
LSTM baseline,6,2,1,43.34826
LSTM baseline,6,2,1,43.33742
LSTM baseline,6,2,1,43.325096
LSTM baseline,6,2,1,43.31031
LSTM baseline,6,2,1,43.286823
LSTM baseline,6,2,1,43.311676
LSTM baseline,6,2,1,43.286835
LSTM baseline,6,2,1,43.311577
LSTM baseline,6,3,1,43.30473
LSTM baseline,6,3,1,43.28246
LSTM baseline,6,3,1,43.277813
LSTM baseline,6,3,1,43.30105
LSTM baseline,6,3,1,43.289032
LSTM baseline,6,3,1,43.29928
LSTM baseline,6,3,1,43.305656
LSTM baseline,6,3,1,43.279243
LSTM baseline,6,3,1,43.287594
LSTM baseline,6,3,1,43.28253
LSTM baseline,6,4,1,43.314716
LSTM baseline,6,4,1,43.297955
LSTM baseline,6,4,1,43.300022
LSTM baseline,6,4,1,43.3045
LSTM baseline,6,4,1,43.306164
LSTM baseline,6,4,1,43.297855
LSTM baseline,6,4,1,43.31087
LSTM baseline,6,4,1,43.30662
LSTM baseline,6,4,1,43.30621
LSTM baseline,6,4,1,43.314842
LSTM baseline,6,5,1,43.0298
LSTM baseline,6,5,1,43.18525
LSTM baseline,6,5,1,43.072914
LSTM baseline,6,5,1,43.16136
LSTM baseline,6,5,1,43.20324
LSTM baseline,6,5,1,43.19537
LSTM baseline,6,5,1,43.192028
LSTM baseline,6,5,1,43.16774
LSTM baseline,6,5,1,43.195427
LSTM baseline,6,5,1,43.158306
LSTM baseline,6,6,1,43.109234
LSTM baseline,6,6,1,43.10687
LSTM baseline,6,6,1,43.097107
LSTM baseline,6,6,1,43.108612
LSTM baseline,6,6,1,43.117374
LSTM baseline,6,6,1,43.118515
LSTM baseline,6,6,1,43.112606
LSTM baseline,6,6,1,43.113663
LSTM baseline,6,6,1,43.128178
LSTM baseline,6,6,1,43.12691
LSTM baseline,6,7,1,43.38084
LSTM baseline,6,7,1,43.369606
LSTM baseline,6,7,1,43.378
LSTM baseline,6,7,1,43.36024
LSTM baseline,6,7,1,43.388035
LSTM baseline,6,7,1,43.38277
LSTM baseline,6,7,1,43.377964
LSTM baseline,6,7,1,43.373817
LSTM baseline,6,7,1,43.387424
LSTM baseline,6,7,1,43.367065
LSTM baseline,6,8,1,43.29668
LSTM baseline,6,8,1,43.29421
LSTM baseline,6,8,1,43.302517
LSTM baseline,6,8,1,43.296356
LSTM baseline,6,8,1,43.28504
LSTM baseline,6,8,1,43.307625
LSTM baseline,6,8,1,43.3061
LSTM baseline,6,8,1,43.304047
LSTM baseline,6,8,1,43.29082
LSTM baseline,6,8,1,43.286587
LSTM baseline,6,9,1,43.34277
LSTM baseline,6,9,1,43.340603
LSTM baseline,6,9,1,43.341656
LSTM baseline,6,9,1,43.323193
LSTM baseline,6,9,1,43.327496
LSTM baseline,6,9,1,43.33758
LSTM baseline,6,9,1,43.329357
LSTM baseline,6,9,1,43.345654
LSTM baseline,6,9,1,43.3357
LSTM baseline,6,9,1,43.338017
LSTM baseline,6,10,1,43.07196
LSTM baseline,6,10,1,43.13928
LSTM baseline,6,10,1,43.158344
LSTM baseline,6,10,1,43.12282
LSTM baseline,6,10,1,43.14376
LSTM baseline,6,10,1,43.14099
LSTM baseline,6,10,1,43.107815
LSTM baseline,6,10,1,43.149292
LSTM baseline,6,10,1,43.273727
LSTM baseline,6,10,1,43.099678
LSTM baseline,7,1,1,43.3901
LSTM baseline,7,1,1,43.379337
LSTM baseline,7,1,1,43.375107
LSTM baseline,7,1,1,43.37487
LSTM baseline,7,1,1,43.40731
LSTM baseline,7,1,1,43.388283
LSTM baseline,7,1,1,43.381886
LSTM baseline,7,1,1,43.400703
LSTM baseline,7,1,1,43.383358
LSTM baseline,7,1,1,43.3472
LSTM baseline,7,2,1,43.318726
LSTM baseline,7,2,1,43.31747
LSTM baseline,7,2,1,43.32109
LSTM baseline,7,2,1,43.316044
LSTM baseline,7,2,1,43.314507
LSTM baseline,7,2,1,43.3166
LSTM baseline,7,2,1,43.31721
LSTM baseline,7,2,1,43.313828
LSTM baseline,7,2,1,43.320896
LSTM baseline,7,2,1,43.312313
LSTM baseline,7,3,1,43.208748
LSTM baseline,7,3,1,43.21006
LSTM baseline,7,3,1,43.21446
LSTM baseline,7,3,1,43.20716
LSTM baseline,7,3,1,43.209984
LSTM baseline,7,3,1,43.194916
LSTM baseline,7,3,1,43.20498
LSTM baseline,7,3,1,43.21878
LSTM baseline,7,3,1,43.205246
LSTM baseline,7,3,1,43.204685
LSTM baseline,7,4,1,43.34034
LSTM baseline,7,4,1,43.342743
LSTM baseline,7,4,1,43.341114
LSTM baseline,7,4,1,43.34581
LSTM baseline,7,4,1,43.337337
LSTM baseline,7,4,1,43.348743
LSTM baseline,7,4,1,43.35008
LSTM baseline,7,4,1,43.34379
LSTM baseline,7,4,1,43.344032
LSTM baseline,7,4,1,43.354824
LSTM baseline,7,5,1,43.111614
LSTM baseline,7,5,1,43.11784
LSTM baseline,7,5,1,43.10592
LSTM baseline,7,5,1,43.11707
LSTM baseline,7,5,1,43.104347
LSTM baseline,7,5,1,43.107235
LSTM baseline,7,5,1,43.098236
LSTM baseline,7,5,1,43.091663
LSTM baseline,7,5,1,43.095444
LSTM baseline,7,5,1,43.10229
LSTM baseline,7,6,1,43.21165
LSTM baseline,7,6,1,43.213745
LSTM baseline,7,6,1,43.203728
LSTM baseline,7,6,1,43.194916
LSTM baseline,7,6,1,43.204666
LSTM baseline,7,6,1,43.195374
LSTM baseline,7,6,1,43.20713
LSTM baseline,7,6,1,43.212105
LSTM baseline,7,6,1,43.20997
LSTM baseline,7,6,1,43.185623
LSTM baseline,7,7,1,43.332985
LSTM baseline,7,7,1,43.279205
LSTM baseline,7,7,1,43.31846
LSTM baseline,7,7,1,43.354553
LSTM baseline,7,7,1,43.370583
LSTM baseline,7,7,1,43.36838
LSTM baseline,7,7,1,43.36874
LSTM baseline,7,7,1,43.35623
LSTM baseline,7,7,1,43.35598
LSTM baseline,7,7,1,43.3588
LSTM baseline,7,8,1,43.396606
LSTM baseline,7,8,1,43.407642
LSTM baseline,7,8,1,43.37796
LSTM baseline,7,8,1,43.38766
LSTM baseline,7,8,1,43.380123
LSTM baseline,7,8,1,43.384636
LSTM baseline,7,8,1,43.3608
LSTM baseline,7,8,1,43.393745
LSTM baseline,7,8,1,43.380306
LSTM baseline,7,8,1,43.374935
LSTM baseline,7,9,1,43.23432
LSTM baseline,7,9,1,43.282917
LSTM baseline,7,9,1,43.284996
LSTM baseline,7,9,1,43.316334
LSTM baseline,7,9,1,43.222454
LSTM baseline,7,9,1,43.22255
LSTM baseline,7,9,1,43.223724
LSTM baseline,7,9,1,43.224487
LSTM baseline,7,9,1,43.349632
LSTM baseline,7,9,1,43.30153
LSTM baseline,7,10,1,43.386753
LSTM baseline,7,10,1,43.38812
LSTM baseline,7,10,1,43.393543
LSTM baseline,7,10,1,43.387215
LSTM baseline,7,10,1,43.38709
LSTM baseline,7,10,1,43.388817
LSTM baseline,7,10,1,43.389584
LSTM baseline,7,10,1,43.389687
LSTM baseline,7,10,1,43.38328
LSTM baseline,7,10,1,43.380085
LSTM baseline,8,1,1,43.333477
LSTM baseline,8,1,1,43.328693
LSTM baseline,8,1,1,43.31828
LSTM baseline,8,1,1,43.314438
LSTM baseline,8,1,1,43.33135
LSTM baseline,8,1,1,43.284126
LSTM baseline,8,1,1,43.32728
LSTM baseline,8,1,1,43.318787
LSTM baseline,8,1,1,43.347443
LSTM baseline,8,1,1,43.315834
LSTM baseline,8,2,1,43.238865
LSTM baseline,8,2,1,43.119297
LSTM baseline,8,2,1,43.207966
LSTM baseline,8,2,1,43.165314
LSTM baseline,8,2,1,43.16829
LSTM baseline,8,2,1,43.088844
LSTM baseline,8,2,1,43.20284
LSTM baseline,8,2,1,43.229607
LSTM baseline,8,2,1,43.196774
LSTM baseline,8,2,1,43.17366
LSTM baseline,8,3,1,43.228325
LSTM baseline,8,3,1,43.281673
LSTM baseline,8,3,1,43.238026
LSTM baseline,8,3,1,43.215206
LSTM baseline,8,3,1,43.223694
LSTM baseline,8,3,1,43.2401
LSTM baseline,8,3,1,43.25887
LSTM baseline,8,3,1,43.118317
LSTM baseline,8,3,1,43.18426
LSTM baseline,8,3,1,43.137074
LSTM baseline,8,4,1,43.27357
LSTM baseline,8,4,1,43.271664
LSTM baseline,8,4,1,43.26372
LSTM baseline,8,4,1,43.262226
LSTM baseline,8,4,1,43.286156
LSTM baseline,8,4,1,43.267353
LSTM baseline,8,4,1,43.269684
LSTM baseline,8,4,1,43.2933
LSTM baseline,8,4,1,43.26986
LSTM baseline,8,4,1,43.254288
LSTM baseline,8,5,1,43.213474
LSTM baseline,8,5,1,43.198254
LSTM baseline,8,5,1,43.197945
LSTM baseline,8,5,1,43.206387
LSTM baseline,8,5,1,43.193745
LSTM baseline,8,5,1,43.1985
LSTM baseline,8,5,1,43.1971
LSTM baseline,8,5,1,43.193745
LSTM baseline,8,5,1,43.197803
LSTM baseline,8,5,1,43.196507
LSTM baseline,8,6,1,43.050335
LSTM baseline,8,6,1,43.038982
LSTM baseline,8,6,1,43.04432
LSTM baseline,8,6,1,43.04275
LSTM baseline,8,6,1,43.04625
LSTM baseline,8,6,1,43.044773
LSTM baseline,8,6,1,43.040134
LSTM baseline,8,6,1,43.04995
LSTM baseline,8,6,1,43.051155
LSTM baseline,8,6,1,43.057304
LSTM baseline,8,7,1,43.196724
LSTM baseline,8,7,1,43.199432
LSTM baseline,8,7,1,43.184925
LSTM baseline,8,7,1,43.190872
LSTM baseline,8,7,1,43.20186
LSTM baseline,8,7,1,43.191723
LSTM baseline,8,7,1,43.19266
LSTM baseline,8,7,1,43.20606
LSTM baseline,8,7,1,43.20249
LSTM baseline,8,7,1,43.210716
LSTM baseline,8,8,1,43.07956
LSTM baseline,8,8,1,43.117138
LSTM baseline,8,8,1,43.11677
LSTM baseline,8,8,1,43.093166
LSTM baseline,8,8,1,43.096794
LSTM baseline,8,8,1,43.103737
LSTM baseline,8,8,1,43.13025
LSTM baseline,8,8,1,43.085365
LSTM baseline,8,8,1,43.092606
LSTM baseline,8,8,1,43.113552
LSTM baseline,8,9,1,42.884594
LSTM baseline,8,9,1,42.86063
LSTM baseline,8,9,1,42.873085
LSTM baseline,8,9,1,42.851013
LSTM baseline,8,9,1,42.869324
LSTM baseline,8,9,1,42.88787
LSTM baseline,8,9,1,42.892105
LSTM baseline,8,9,1,42.8966
LSTM baseline,8,9,1,42.86396
LSTM baseline,8,9,1,42.90478
LSTM baseline,8,10,1,43.166157
LSTM baseline,8,10,1,43.14858
LSTM baseline,8,10,1,43.14826
LSTM baseline,8,10,1,43.150463
LSTM baseline,8,10,1,43.15003
LSTM baseline,8,10,1,43.154114
LSTM baseline,8,10,1,43.14837
LSTM baseline,8,10,1,43.166252
LSTM baseline,8,10,1,43.15807
LSTM baseline,8,10,1,43.16713
LSTM baseline,9,1,1,43.393494
LSTM baseline,9,1,1,43.38855
LSTM baseline,9,1,1,43.39765
LSTM baseline,9,1,1,43.392506
LSTM baseline,9,1,1,43.391136
LSTM baseline,9,1,1,43.400303
LSTM baseline,9,1,1,43.389595
LSTM baseline,9,1,1,43.39432
LSTM baseline,9,1,1,43.392235
LSTM baseline,9,1,1,43.39567
LSTM baseline,9,2,1,43.38303
LSTM baseline,9,2,1,43.382656
LSTM baseline,9,2,1,43.38621
LSTM baseline,9,2,1,43.384182
LSTM baseline,9,2,1,43.389656
LSTM baseline,9,2,1,43.384945
LSTM baseline,9,2,1,43.38185
LSTM baseline,9,2,1,43.383457
LSTM baseline,9,2,1,43.388447
LSTM baseline,9,2,1,43.398643
LSTM baseline,9,3,1,43.17096
LSTM baseline,9,3,1,43.183956
LSTM baseline,9,3,1,43.188736
LSTM baseline,9,3,1,43.19936
LSTM baseline,9,3,1,43.191807
LSTM baseline,9,3,1,43.189465
LSTM baseline,9,3,1,43.19456
LSTM baseline,9,3,1,43.192413
LSTM baseline,9,3,1,43.18516
LSTM baseline,9,3,1,43.1773
LSTM baseline,9,4,1,43.365208
LSTM baseline,9,4,1,43.37993
LSTM baseline,9,4,1,43.3764
LSTM baseline,9,4,1,43.36038
LSTM baseline,9,4,1,43.3712
LSTM baseline,9,4,1,43.37517
LSTM baseline,9,4,1,43.371063
LSTM baseline,9,4,1,43.37401
LSTM baseline,9,4,1,43.386925
LSTM baseline,9,4,1,43.37648
LSTM baseline,9,5,1,43.148243
LSTM baseline,9,5,1,43.107933
LSTM baseline,9,5,1,43.161
LSTM baseline,9,5,1,43.147133
LSTM baseline,9,5,1,43.1118
LSTM baseline,9,5,1,43.22498
LSTM baseline,9,5,1,43.246845
LSTM baseline,9,5,1,43.11087
LSTM baseline,9,5,1,43.26239
LSTM baseline,9,5,1,43.274147
LSTM baseline,9,6,1,43.447395
LSTM baseline,9,6,1,43.44681
LSTM baseline,9,6,1,43.438732
LSTM baseline,9,6,1,43.440777
LSTM baseline,9,6,1,43.443787
LSTM baseline,9,6,1,43.432835
LSTM baseline,9,6,1,43.4409
LSTM baseline,9,6,1,43.446968
LSTM baseline,9,6,1,43.435295
LSTM baseline,9,6,1,43.435608
LSTM baseline,9,7,1,43.206215
LSTM baseline,9,7,1,43.20902
LSTM baseline,9,7,1,43.23525
LSTM baseline,9,7,1,43.211094
LSTM baseline,9,7,1,43.21559
LSTM baseline,9,7,1,43.215572
LSTM baseline,9,7,1,43.215485
LSTM baseline,9,7,1,43.21002
LSTM baseline,9,7,1,43.232597
LSTM baseline,9,7,1,43.20929
LSTM baseline,9,8,1,43.44454
LSTM baseline,9,8,1,43.444477
LSTM baseline,9,8,1,43.44304
LSTM baseline,9,8,1,43.44455
LSTM baseline,9,8,1,43.434883
LSTM baseline,9,8,1,43.43543
LSTM baseline,9,8,1,43.433014
LSTM baseline,9,8,1,43.439407
LSTM baseline,9,8,1,43.43827
LSTM baseline,9,8,1,43.431118
LSTM baseline,9,9,1,43.43481
LSTM baseline,9,9,1,43.437836
LSTM baseline,9,9,1,43.43517
LSTM baseline,9,9,1,43.437145
LSTM baseline,9,9,1,43.439426
LSTM baseline,9,9,1,43.438385
LSTM baseline,9,9,1,43.43745
LSTM baseline,9,9,1,43.434917
LSTM baseline,9,9,1,43.44087
LSTM baseline,9,9,1,43.4409
LSTM baseline,9,10,1,43.402325
LSTM baseline,9,10,1,43.395954
LSTM baseline,9,10,1,43.39722
LSTM baseline,9,10,1,43.393593
LSTM baseline,9,10,1,43.396564
LSTM baseline,9,10,1,43.405083
LSTM baseline,9,10,1,43.39057
LSTM baseline,9,10,1,43.396954
LSTM baseline,9,10,1,43.393066
LSTM baseline,9,10,1,43.401512
LSTM baseline,10,1,1,43.35576
LSTM baseline,10,1,1,43.35456
LSTM baseline,10,1,1,43.362095
LSTM baseline,10,1,1,43.36303
LSTM baseline,10,1,1,43.363785
LSTM baseline,10,1,1,43.360176
LSTM baseline,10,1,1,43.35856
LSTM baseline,10,1,1,43.3508
LSTM baseline,10,1,1,43.355526
LSTM baseline,10,1,1,43.361313
LSTM baseline,10,2,1,43.393475
LSTM baseline,10,2,1,43.39264
LSTM baseline,10,2,1,43.39459
LSTM baseline,10,2,1,43.395123
LSTM baseline,10,2,1,43.392467
LSTM baseline,10,2,1,43.395702
LSTM baseline,10,2,1,43.396935
LSTM baseline,10,2,1,43.391914
LSTM baseline,10,2,1,43.395817
LSTM baseline,10,2,1,43.39804
LSTM baseline,10,3,1,43.19664
LSTM baseline,10,3,1,43.183388
LSTM baseline,10,3,1,43.176777
LSTM baseline,10,3,1,43.188465
LSTM baseline,10,3,1,43.188744
LSTM baseline,10,3,1,43.187435
LSTM baseline,10,3,1,43.194084
LSTM baseline,10,3,1,43.18543
LSTM baseline,10,3,1,43.20066
LSTM baseline,10,3,1,43.197205
LSTM baseline,10,4,1,43.373043
LSTM baseline,10,4,1,43.37066
LSTM baseline,10,4,1,43.379894
LSTM baseline,10,4,1,43.38081
LSTM baseline,10,4,1,43.375393
LSTM baseline,10,4,1,43.38137
LSTM baseline,10,4,1,43.371395
LSTM baseline,10,4,1,43.37592
LSTM baseline,10,4,1,43.367683
LSTM baseline,10,4,1,43.36152
LSTM baseline,10,5,1,43.258007
LSTM baseline,10,5,1,43.240093
LSTM baseline,10,5,1,43.241035
LSTM baseline,10,5,1,43.246044
LSTM baseline,10,5,1,43.23804
LSTM baseline,10,5,1,43.235172
LSTM baseline,10,5,1,43.252823
LSTM baseline,10,5,1,43.240986
LSTM baseline,10,5,1,43.243668
LSTM baseline,10,5,1,43.248005
LSTM baseline,10,6,1,43.44022
LSTM baseline,10,6,1,43.42965
LSTM baseline,10,6,1,43.42877
LSTM baseline,10,6,1,43.44178
LSTM baseline,10,6,1,43.431217
LSTM baseline,10,6,1,43.370903
LSTM baseline,10,6,1,43.426575
LSTM baseline,10,6,1,43.427326
LSTM baseline,10,6,1,43.441975
LSTM baseline,10,6,1,43.42147
LSTM baseline,10,7,1,43.21758
LSTM baseline,10,7,1,43.23626
LSTM baseline,10,7,1,43.26118
LSTM baseline,10,7,1,43.196693
LSTM baseline,10,7,1,43.257256
LSTM baseline,10,7,1,43.27242
LSTM baseline,10,7,1,43.290974
LSTM baseline,10,7,1,43.278713
LSTM baseline,10,7,1,43.26044
LSTM baseline,10,7,1,43.245567
LSTM baseline,10,8,1,43.36449
LSTM baseline,10,8,1,43.397892
LSTM baseline,10,8,1,43.423058
LSTM baseline,10,8,1,43.423122
LSTM baseline,10,8,1,43.42637
LSTM baseline,10,8,1,43.419765
LSTM baseline,10,8,1,43.368664
LSTM baseline,10,8,1,43.40239
LSTM baseline,10,8,1,43.35463
LSTM baseline,10,8,1,43.397835
LSTM baseline,10,9,1,43.39629
LSTM baseline,10,9,1,43.38665
LSTM baseline,10,9,1,43.402054
LSTM baseline,10,9,1,43.38038
LSTM baseline,10,9,1,43.39075
LSTM baseline,10,9,1,43.402565
LSTM baseline,10,9,1,43.40269
LSTM baseline,10,9,1,43.401196
LSTM baseline,10,9,1,43.391994
LSTM baseline,10,9,1,43.396698
LSTM baseline,10,10,1,43.40562
LSTM baseline,10,10,1,43.41005
LSTM baseline,10,10,1,43.40232
LSTM baseline,10,10,1,43.403404
LSTM baseline,10,10,1,43.40783
LSTM baseline,10,10,1,43.40538
LSTM baseline,10,10,1,43.406143
LSTM baseline,10,10,1,43.403442
LSTM baseline,10,10,1,43.40419
LSTM baseline,10,10,1,43.399048
LSTM baseline,1,1,0,43.140186
LSTM baseline,1,1,0,43.16694
LSTM baseline,1,1,0,43.24607
LSTM baseline,1,1,0,43.176987
LSTM baseline,1,1,0,43.259212
LSTM baseline,1,1,0,43.34594
LSTM baseline,1,1,0,43.184334
LSTM baseline,1,1,0,43.251488
LSTM baseline,1,1,0,43.269005
LSTM baseline,1,1,0,43.269527
LSTM baseline,1,2,0,43.20697
LSTM baseline,1,2,0,43.14678
LSTM baseline,1,2,0,43.174698
LSTM baseline,1,2,0,43.1328
LSTM baseline,1,2,0,43.195015
LSTM baseline,1,2,0,43.209206
LSTM baseline,1,2,0,43.153942
LSTM baseline,1,2,0,43.236134
LSTM baseline,1,2,0,43.166267
LSTM baseline,1,2,0,43.17124
LSTM baseline,1,3,0,43.174263
LSTM baseline,1,3,0,43.182343
LSTM baseline,1,3,0,43.12962
LSTM baseline,1,3,0,43.192795
LSTM baseline,1,3,0,43.137135
LSTM baseline,1,3,0,43.17715
LSTM baseline,1,3,0,43.181606
LSTM baseline,1,3,0,43.170006
LSTM baseline,1,3,0,43.117863
LSTM baseline,1,3,0,43.168846
LSTM baseline,1,4,0,43.363792
LSTM baseline,1,4,0,43.292583
LSTM baseline,1,4,0,43.26666
LSTM baseline,1,4,0,43.308094
LSTM baseline,1,4,0,43.270798
LSTM baseline,1,4,0,42.94123
LSTM baseline,1,4,0,43.172085
LSTM baseline,1,4,0,43.26558
LSTM baseline,1,4,0,43.268307
LSTM baseline,1,4,0,43.33879
LSTM baseline,1,5,0,43.213375
LSTM baseline,1,5,0,43.14192
LSTM baseline,1,5,0,43.231117
LSTM baseline,1,5,0,43.20665
LSTM baseline,1,5,0,43.217327
LSTM baseline,1,5,0,43.087906
LSTM baseline,1,5,0,43.132347
LSTM baseline,1,5,0,43.20838
LSTM baseline,1,5,0,43.136333
LSTM baseline,1,5,0,43.1519
LSTM baseline,1,6,0,43.119976
LSTM baseline,1,6,0,42.92324
LSTM baseline,1,6,0,42.984222
LSTM baseline,1,6,0,43.05443
LSTM baseline,1,6,0,43.12375
LSTM baseline,1,6,0,42.934063
LSTM baseline,1,6,0,43.055706
LSTM baseline,1,6,0,43.05685
LSTM baseline,1,6,0,43.039497
LSTM baseline,1,6,0,42.989563
LSTM baseline,1,7,0,43.362793
LSTM baseline,1,7,0,43.395866
LSTM baseline,1,7,0,43.25933
LSTM baseline,1,7,0,43.36517
LSTM baseline,1,7,0,43.28475
LSTM baseline,1,7,0,43.337418
LSTM baseline,1,7,0,43.394478
LSTM baseline,1,7,0,43.350765
LSTM baseline,1,7,0,43.07232
LSTM baseline,1,7,0,43.406788
LSTM baseline,1,8,0,43.15185
LSTM baseline,1,8,0,43.078854
LSTM baseline,1,8,0,43.129475
LSTM baseline,1,8,0,43.118614
LSTM baseline,1,8,0,43.210716
LSTM baseline,1,8,0,43.227623
LSTM baseline,1,8,0,43.30748
LSTM baseline,1,8,0,43.099224
LSTM baseline,1,8,0,43.248524
LSTM baseline,1,8,0,43.1588
LSTM baseline,1,9,0,43.284527
LSTM baseline,1,9,0,43.273678
LSTM baseline,1,9,0,43.283802
LSTM baseline,1,9,0,43.343864
LSTM baseline,1,9,0,43.2632
LSTM baseline,1,9,0,43.29539
LSTM baseline,1,9,0,43.290962
LSTM baseline,1,9,0,43.18795
LSTM baseline,1,9,0,43.27991
LSTM baseline,1,9,0,43.20711
LSTM baseline,1,10,0,43.227993
LSTM baseline,1,10,0,43.204617
LSTM baseline,1,10,0,43.2012
LSTM baseline,1,10,0,43.119007
LSTM baseline,1,10,0,43.092903
LSTM baseline,1,10,0,43.04779
LSTM baseline,1,10,0,43.146114
LSTM baseline,1,10,0,43.106834
LSTM baseline,1,10,0,43.126244
LSTM baseline,1,10,0,43.16001
LSTM baseline,2,1,0,43.377995
LSTM baseline,2,1,0,43.373215
LSTM baseline,2,1,0,43.37295
LSTM baseline,2,1,0,43.39981
LSTM baseline,2,1,0,43.39092
LSTM baseline,2,1,0,43.387806
LSTM baseline,2,1,0,43.38756
LSTM baseline,2,1,0,43.385834
LSTM baseline,2,1,0,43.365112
LSTM baseline,2,1,0,43.371582
LSTM baseline,2,2,0,43.329693
LSTM baseline,2,2,0,43.338486
LSTM baseline,2,2,0,43.35591
LSTM baseline,2,2,0,43.37924
LSTM baseline,2,2,0,43.359566
LSTM baseline,2,2,0,43.36595
LSTM baseline,2,2,0,43.363605
LSTM baseline,2,2,0,43.381355
LSTM baseline,2,2,0,43.433216
LSTM baseline,2,2,0,43.417095
LSTM baseline,2,3,0,43.25082
LSTM baseline,2,3,0,43.25474
LSTM baseline,2,3,0,43.282623
LSTM baseline,2,3,0,43.264397
LSTM baseline,2,3,0,43.236816
LSTM baseline,2,3,0,43.264706
LSTM baseline,2,3,0,43.202785
LSTM baseline,2,3,0,43.254776
LSTM baseline,2,3,0,43.25619
LSTM baseline,2,3,0,43.273125
LSTM baseline,2,4,0,43.273636
LSTM baseline,2,4,0,43.262604
LSTM baseline,2,4,0,43.275043
LSTM baseline,2,4,0,43.241837
LSTM baseline,2,4,0,43.2823
LSTM baseline,2,4,0,43.27357
LSTM baseline,2,4,0,43.300617
LSTM baseline,2,4,0,43.21508
LSTM baseline,2,4,0,43.10694
LSTM baseline,2,4,0,43.144367
LSTM baseline,2,5,0,43.337013
LSTM baseline,2,5,0,43.35559
LSTM baseline,2,5,0,43.345634
LSTM baseline,2,5,0,43.361164
LSTM baseline,2,5,0,43.315544
LSTM baseline,2,5,0,43.358036
LSTM baseline,2,5,0,43.307526
LSTM baseline,2,5,0,43.35058
LSTM baseline,2,5,0,43.33946
LSTM baseline,2,5,0,43.36773
LSTM baseline,2,6,0,43.216824
LSTM baseline,2,6,0,43.2346
LSTM baseline,2,6,0,43.294285
LSTM baseline,2,6,0,43.237343
LSTM baseline,2,6,0,43.204823
LSTM baseline,2,6,0,43.251392
LSTM baseline,2,6,0,43.241978
LSTM baseline,2,6,0,43.24908
LSTM baseline,2,6,0,43.274048
LSTM baseline,2,6,0,43.225384
LSTM baseline,2,7,0,43.39501
LSTM baseline,2,7,0,43.403843
LSTM baseline,2,7,0,43.392937
LSTM baseline,2,7,0,43.35556
LSTM baseline,2,7,0,43.362175
LSTM baseline,2,7,0,43.338425
LSTM baseline,2,7,0,43.384235
LSTM baseline,2,7,0,43.365974
LSTM baseline,2,7,0,43.381287
LSTM baseline,2,7,0,43.380474
LSTM baseline,2,8,0,43.312656
LSTM baseline,2,8,0,43.285915
LSTM baseline,2,8,0,43.252876
LSTM baseline,2,8,0,43.305504
LSTM baseline,2,8,0,43.23114
LSTM baseline,2,8,0,43.19969
LSTM baseline,2,8,0,43.315197
LSTM baseline,2,8,0,43.245148
LSTM baseline,2,8,0,43.271217
LSTM baseline,2,8,0,43.293365
LSTM baseline,2,9,0,43.344532
LSTM baseline,2,9,0,43.281914
LSTM baseline,2,9,0,43.32092
LSTM baseline,2,9,0,43.343597
LSTM baseline,2,9,0,43.3243
LSTM baseline,2,9,0,43.333065
LSTM baseline,2,9,0,43.285282
LSTM baseline,2,9,0,43.2471
LSTM baseline,2,9,0,43.276745
LSTM baseline,2,9,0,43.344975
LSTM baseline,2,10,0,43.410507
LSTM baseline,2,10,0,43.405323
LSTM baseline,2,10,0,43.39777
LSTM baseline,2,10,0,43.40828
LSTM baseline,2,10,0,43.392334
LSTM baseline,2,10,0,43.38743
LSTM baseline,2,10,0,43.39987
LSTM baseline,2,10,0,43.38618
LSTM baseline,2,10,0,43.385212
LSTM baseline,2,10,0,43.3352
LSTM baseline,3,1,0,43.04586
LSTM baseline,3,1,0,43.238773
LSTM baseline,3,1,0,43.26028
LSTM baseline,3,1,0,43.173874
LSTM baseline,3,1,0,43.022545
LSTM baseline,3,1,0,43.15015
LSTM baseline,3,1,0,43.148148
LSTM baseline,3,1,0,43.09383
LSTM baseline,3,1,0,43.118412
LSTM baseline,3,1,0,42.9362
LSTM baseline,3,2,0,43.069603
LSTM baseline,3,2,0,43.13193
LSTM baseline,3,2,0,43.072285
LSTM baseline,3,2,0,43.176685
LSTM baseline,3,2,0,43.033768
LSTM baseline,3,2,0,43.01239
LSTM baseline,3,2,0,43.011944
LSTM baseline,3,2,0,42.99912
LSTM baseline,3,2,0,42.983273
LSTM baseline,3,2,0,43.252815
LSTM baseline,3,3,0,43.006905
LSTM baseline,3,3,0,43.015728
LSTM baseline,3,3,0,43.16448
LSTM baseline,3,3,0,43.075047
LSTM baseline,3,3,0,43.161407
LSTM baseline,3,3,0,42.998123
LSTM baseline,3,3,0,43.166264
LSTM baseline,3,3,0,43.123577
LSTM baseline,3,3,0,42.998055
LSTM baseline,3,3,0,43.013718
LSTM baseline,3,4,0,43.275074
LSTM baseline,3,4,0,43.298656
LSTM baseline,3,4,0,43.277126
LSTM baseline,3,4,0,43.29189
LSTM baseline,3,4,0,43.190723
LSTM baseline,3,4,0,43.30676
LSTM baseline,3,4,0,43.16251
LSTM baseline,3,4,0,43.087658
LSTM baseline,3,4,0,43.19964
LSTM baseline,3,4,0,43.324963
LSTM baseline,3,5,0,43.102108
LSTM baseline,3,5,0,43.13491
LSTM baseline,3,5,0,43.088795
LSTM baseline,3,5,0,43.11885
LSTM baseline,3,5,0,43.17657
LSTM baseline,3,5,0,43.059208
LSTM baseline,3,5,0,43.16619
LSTM baseline,3,5,0,43.0693
LSTM baseline,3,5,0,43.148193
LSTM baseline,3,5,0,43.104393
LSTM baseline,3,6,0,43.145912
LSTM baseline,3,6,0,43.03813
LSTM baseline,3,6,0,43.02413
LSTM baseline,3,6,0,43.011765
LSTM baseline,3,6,0,43.03983
LSTM baseline,3,6,0,43.01203
LSTM baseline,3,6,0,43.055786
LSTM baseline,3,6,0,43.013348
LSTM baseline,3,6,0,43.116558
LSTM baseline,3,6,0,43.099014
LSTM baseline,3,7,0,42.923016
LSTM baseline,3,7,0,43.00308
LSTM baseline,3,7,0,43.045135
LSTM baseline,3,7,0,42.94317
LSTM baseline,3,7,0,42.97308
LSTM baseline,3,7,0,42.897663
LSTM baseline,3,7,0,42.86112
LSTM baseline,3,7,0,43.135986
LSTM baseline,3,7,0,42.919365
LSTM baseline,3,7,0,42.89063
LSTM baseline,3,8,0,42.745594
LSTM baseline,3,8,0,42.750206
LSTM baseline,3,8,0,42.841835
LSTM baseline,3,8,0,42.76665
LSTM baseline,3,8,0,42.837128
LSTM baseline,3,8,0,42.90671
LSTM baseline,3,8,0,42.923843
LSTM baseline,3,8,0,42.69807
LSTM baseline,3,8,0,42.982784
LSTM baseline,3,8,0,42.74282
LSTM baseline,3,9,0,43.289097
LSTM baseline,3,9,0,43.299698
LSTM baseline,3,9,0,43.305695
LSTM baseline,3,9,0,43.018497
LSTM baseline,3,9,0,42.99417
LSTM baseline,3,9,0,43.09162
LSTM baseline,3,9,0,43.082996
LSTM baseline,3,9,0,43.101414
LSTM baseline,3,9,0,43.085373
LSTM baseline,3,9,0,43.105217
LSTM baseline,3,10,0,43.143124
LSTM baseline,3,10,0,42.944065
LSTM baseline,3,10,0,43.193275
LSTM baseline,3,10,0,43.057884
LSTM baseline,3,10,0,43.007668
LSTM baseline,3,10,0,43.179134
LSTM baseline,3,10,0,42.970806
LSTM baseline,3,10,0,43.160446
LSTM baseline,3,10,0,43.139206
LSTM baseline,3,10,0,43.15864
LSTM baseline,4,1,0,42.699432
LSTM baseline,4,1,0,42.75716
LSTM baseline,4,1,0,42.775284
LSTM baseline,4,1,0,42.902847
LSTM baseline,4,1,0,42.9116
LSTM baseline,4,1,0,42.940407
LSTM baseline,4,1,0,42.873436
LSTM baseline,4,1,0,42.88765
LSTM baseline,4,1,0,42.906734
LSTM baseline,4,1,0,42.683582
LSTM baseline,4,2,0,43.004555
LSTM baseline,4,2,0,42.98539
LSTM baseline,4,2,0,43.00975
LSTM baseline,4,2,0,43.050034
LSTM baseline,4,2,0,43.0366
LSTM baseline,4,2,0,43.043037
LSTM baseline,4,2,0,42.81693
LSTM baseline,4,2,0,43.073242
LSTM baseline,4,2,0,42.979275
LSTM baseline,4,2,0,42.842907
LSTM baseline,4,3,0,43.280014
LSTM baseline,4,3,0,43.331024
LSTM baseline,4,3,0,43.30306
LSTM baseline,4,3,0,43.326668
LSTM baseline,4,3,0,43.31328
LSTM baseline,4,3,0,43.327652
LSTM baseline,4,3,0,43.25443
LSTM baseline,4,3,0,43.337955
LSTM baseline,4,3,0,43.272446
LSTM baseline,4,3,0,43.34014
LSTM baseline,4,4,0,43.3242
LSTM baseline,4,4,0,43.31261
LSTM baseline,4,4,0,43.263
LSTM baseline,4,4,0,43.31636
LSTM baseline,4,4,0,43.287636
LSTM baseline,4,4,0,43.307434
LSTM baseline,4,4,0,43.29224
LSTM baseline,4,4,0,43.306046
LSTM baseline,4,4,0,43.269894
LSTM baseline,4,4,0,43.3346
LSTM baseline,4,5,0,43.176655
LSTM baseline,4,5,0,43.171036
LSTM baseline,4,5,0,43.133194
LSTM baseline,4,5,0,43.116665
LSTM baseline,4,5,0,43.13399
LSTM baseline,4,5,0,43.16146
LSTM baseline,4,5,0,43.193295
LSTM baseline,4,5,0,43.160297
LSTM baseline,4,5,0,43.161896
LSTM baseline,4,5,0,43.16454
LSTM baseline,4,6,0,43.240173
LSTM baseline,4,6,0,43.20536
LSTM baseline,4,6,0,43.242912
LSTM baseline,4,6,0,43.253883
LSTM baseline,4,6,0,43.241924
LSTM baseline,4,6,0,43.19249
LSTM baseline,4,6,0,43.169994
LSTM baseline,4,6,0,43.143295
LSTM baseline,4,6,0,43.123684
LSTM baseline,4,6,0,43.28152
LSTM baseline,4,7,0,43.15038
LSTM baseline,4,7,0,43.182156
LSTM baseline,4,7,0,43.175964
LSTM baseline,4,7,0,43.162647
LSTM baseline,4,7,0,43.206066
LSTM baseline,4,7,0,43.06085
LSTM baseline,4,7,0,43.06838
LSTM baseline,4,7,0,43.081345
LSTM baseline,4,7,0,43.06962
LSTM baseline,4,7,0,43.033604
LSTM baseline,4,8,0,42.91442
LSTM baseline,4,8,0,42.8821
LSTM baseline,4,8,0,42.745308
LSTM baseline,4,8,0,42.681705
LSTM baseline,4,8,0,42.703873
LSTM baseline,4,8,0,43.044907
LSTM baseline,4,8,0,42.702473
LSTM baseline,4,8,0,42.820805
LSTM baseline,4,8,0,42.927837
LSTM baseline,4,8,0,42.942047
LSTM baseline,4,9,0,43.320427
LSTM baseline,4,9,0,43.38573
LSTM baseline,4,9,0,43.2978
LSTM baseline,4,9,0,43.364746
LSTM baseline,4,9,0,43.227325
LSTM baseline,4,9,0,43.25865
LSTM baseline,4,9,0,43.252342
LSTM baseline,4,9,0,43.356052
LSTM baseline,4,9,0,43.365402
LSTM baseline,4,9,0,43.333656
LSTM baseline,4,10,0,43.29767
LSTM baseline,4,10,0,43.264828
LSTM baseline,4,10,0,43.289707
LSTM baseline,4,10,0,43.283142
LSTM baseline,4,10,0,43.208485
LSTM baseline,4,10,0,43.23649
LSTM baseline,4,10,0,43.206528
LSTM baseline,4,10,0,43.233585
LSTM baseline,4,10,0,43.197674
LSTM baseline,4,10,0,43.135418
LSTM baseline,5,1,0,43.13331
LSTM baseline,5,1,0,43.071976
LSTM baseline,5,1,0,43.10003
LSTM baseline,5,1,0,43.078213
LSTM baseline,5,1,0,43.0794
LSTM baseline,5,1,0,43.104397
LSTM baseline,5,1,0,43.061016
LSTM baseline,5,1,0,43.04974
LSTM baseline,5,1,0,43.092186
LSTM baseline,5,1,0,43.059753
LSTM baseline,5,2,0,43.05632
LSTM baseline,5,2,0,43.092274
LSTM baseline,5,2,0,43.106003
LSTM baseline,5,2,0,43.11105
LSTM baseline,5,2,0,43.055107
LSTM baseline,5,2,0,43.112053
LSTM baseline,5,2,0,43.038517
LSTM baseline,5,2,0,43.084377
LSTM baseline,5,2,0,43.110027
LSTM baseline,5,2,0,43.013794
LSTM baseline,5,3,0,43.066998
LSTM baseline,5,3,0,43.069805
LSTM baseline,5,3,0,43.08255
LSTM baseline,5,3,0,43.101017
LSTM baseline,5,3,0,43.09992
LSTM baseline,5,3,0,43.11762
LSTM baseline,5,3,0,43.106915
LSTM baseline,5,3,0,43.119717
LSTM baseline,5,3,0,43.10167
LSTM baseline,5,3,0,43.107677
LSTM baseline,5,4,0,43.08399
LSTM baseline,5,4,0,43.04668
LSTM baseline,5,4,0,43.06423
LSTM baseline,5,4,0,43.14833
LSTM baseline,5,4,0,43.11327
LSTM baseline,5,4,0,43.130497
LSTM baseline,5,4,0,43.182575
LSTM baseline,5,4,0,43.086403
LSTM baseline,5,4,0,43.057262
LSTM baseline,5,4,0,43.121933
LSTM baseline,5,5,0,42.995564
LSTM baseline,5,5,0,43.08483
LSTM baseline,5,5,0,43.03803
LSTM baseline,5,5,0,43.06301
LSTM baseline,5,5,0,42.994312
LSTM baseline,5,5,0,43.169907
LSTM baseline,5,5,0,43.029396
LSTM baseline,5,5,0,43.109474
LSTM baseline,5,5,0,43.03136
LSTM baseline,5,5,0,43.173943
LSTM baseline,5,6,0,43.134495
LSTM baseline,5,6,0,43.052902
LSTM baseline,5,6,0,43.06736
LSTM baseline,5,6,0,43.0379
LSTM baseline,5,6,0,43.078186
LSTM baseline,5,6,0,43.21186
LSTM baseline,5,6,0,43.255466
LSTM baseline,5,6,0,43.167652
LSTM baseline,5,6,0,43.20715
LSTM baseline,5,6,0,43.23982
LSTM baseline,5,7,0,43.07616
LSTM baseline,5,7,0,43.101963
LSTM baseline,5,7,0,43.079056
LSTM baseline,5,7,0,43.062363
LSTM baseline,5,7,0,43.049618
LSTM baseline,5,7,0,43.07202
LSTM baseline,5,7,0,43.0285
LSTM baseline,5,7,0,43.04034
LSTM baseline,5,7,0,43.031765
LSTM baseline,5,7,0,43.072193
LSTM baseline,5,8,0,43.161396
LSTM baseline,5,8,0,43.16004
LSTM baseline,5,8,0,43.146923
LSTM baseline,5,8,0,43.161476
LSTM baseline,5,8,0,43.22275
LSTM baseline,5,8,0,43.17426
LSTM baseline,5,8,0,43.195812
LSTM baseline,5,8,0,43.183964
LSTM baseline,5,8,0,43.168182
LSTM baseline,5,8,0,43.093372
LSTM baseline,5,9,0,43.15493
LSTM baseline,5,9,0,43.17776
LSTM baseline,5,9,0,43.135246
LSTM baseline,5,9,0,43.129314
LSTM baseline,5,9,0,43.19852
LSTM baseline,5,9,0,43.2235
LSTM baseline,5,9,0,43.114426
LSTM baseline,5,9,0,43.13664
LSTM baseline,5,9,0,43.109238
LSTM baseline,5,9,0,43.10499
LSTM baseline,5,10,0,42.81864
LSTM baseline,5,10,0,42.884224
LSTM baseline,5,10,0,42.87015
LSTM baseline,5,10,0,42.861732
LSTM baseline,5,10,0,42.880447
LSTM baseline,5,10,0,42.923424
LSTM baseline,5,10,0,42.92024
LSTM baseline,5,10,0,42.85476
LSTM baseline,5,10,0,42.94232
LSTM baseline,5,10,0,42.868492
LSTM baseline,6,1,0,43.399628
LSTM baseline,6,1,0,43.397057
LSTM baseline,6,1,0,43.397373
LSTM baseline,6,1,0,43.403217
LSTM baseline,6,1,0,43.415733
LSTM baseline,6,1,0,43.412514
LSTM baseline,6,1,0,43.40601
LSTM baseline,6,1,0,43.41786
LSTM baseline,6,1,0,43.42472
LSTM baseline,6,1,0,43.4174
LSTM baseline,6,2,0,43.285553
LSTM baseline,6,2,0,43.31216
LSTM baseline,6,2,0,43.328114
LSTM baseline,6,2,0,43.344147
LSTM baseline,6,2,0,43.33013
LSTM baseline,6,2,0,43.295162
LSTM baseline,6,2,0,43.321915
LSTM baseline,6,2,0,43.333744
LSTM baseline,6,2,0,43.289623
LSTM baseline,6,2,0,43.304432
LSTM baseline,6,3,0,43.34062
LSTM baseline,6,3,0,43.337616
LSTM baseline,6,3,0,43.30981
LSTM baseline,6,3,0,43.104813
LSTM baseline,6,3,0,43.30946
LSTM baseline,6,3,0,43.29146
LSTM baseline,6,3,0,43.287235
LSTM baseline,6,3,0,43.299328
LSTM baseline,6,3,0,43.307354
LSTM baseline,6,3,0,43.169594
LSTM baseline,6,4,0,43.2938
LSTM baseline,6,4,0,43.301147
LSTM baseline,6,4,0,43.293037
LSTM baseline,6,4,0,43.315212
LSTM baseline,6,4,0,43.302776
LSTM baseline,6,4,0,43.30262
LSTM baseline,6,4,0,43.30572
LSTM baseline,6,4,0,43.346466
LSTM baseline,6,4,0,43.35419
LSTM baseline,6,4,0,43.367565
LSTM baseline,6,5,0,43.304543
LSTM baseline,6,5,0,43.264236
LSTM baseline,6,5,0,43.27987
LSTM baseline,6,5,0,43.103485
LSTM baseline,6,5,0,43.12061
LSTM baseline,6,5,0,43.073864
LSTM baseline,6,5,0,43.253105
LSTM baseline,6,5,0,43.13528
LSTM baseline,6,5,0,43.207905
LSTM baseline,6,5,0,43.14134
LSTM baseline,6,6,0,43.23767
LSTM baseline,6,6,0,43.2917
LSTM baseline,6,6,0,43.146767
LSTM baseline,6,6,0,43.25435
LSTM baseline,6,6,0,43.19745
LSTM baseline,6,6,0,43.274876
LSTM baseline,6,6,0,43.253002
LSTM baseline,6,6,0,43.288635
LSTM baseline,6,6,0,43.243084
LSTM baseline,6,6,0,43.222595
LSTM baseline,6,7,0,43.382893
LSTM baseline,6,7,0,43.37092
LSTM baseline,6,7,0,43.36734
LSTM baseline,6,7,0,43.346947
LSTM baseline,6,7,0,43.33119
LSTM baseline,6,7,0,43.38588
LSTM baseline,6,7,0,43.37723
LSTM baseline,6,7,0,43.37564
LSTM baseline,6,7,0,43.353443
LSTM baseline,6,7,0,43.38041
LSTM baseline,6,8,0,43.35283
LSTM baseline,6,8,0,43.344425
LSTM baseline,6,8,0,43.332283
LSTM baseline,6,8,0,43.355495
LSTM baseline,6,8,0,43.35052
LSTM baseline,6,8,0,43.311863
LSTM baseline,6,8,0,43.330986
LSTM baseline,6,8,0,43.357716
LSTM baseline,6,8,0,43.300262
LSTM baseline,6,8,0,43.308823
LSTM baseline,6,9,0,43.254066
LSTM baseline,6,9,0,43.283783
LSTM baseline,6,9,0,43.21739
LSTM baseline,6,9,0,43.252605
LSTM baseline,6,9,0,43.33736
LSTM baseline,6,9,0,43.32857
LSTM baseline,6,9,0,43.275845
LSTM baseline,6,9,0,43.212555
LSTM baseline,6,9,0,43.20729
LSTM baseline,6,9,0,43.252697
LSTM baseline,6,10,0,43.11656
LSTM baseline,6,10,0,43.164993
LSTM baseline,6,10,0,43.1315
LSTM baseline,6,10,0,43.170593
LSTM baseline,6,10,0,43.163216
LSTM baseline,6,10,0,43.154526
LSTM baseline,6,10,0,43.177116
LSTM baseline,6,10,0,43.142155
LSTM baseline,6,10,0,43.099224
LSTM baseline,6,10,0,43.124935
LSTM baseline,7,1,0,43.372105
LSTM baseline,7,1,0,43.34812
LSTM baseline,7,1,0,43.376904
LSTM baseline,7,1,0,43.394985
LSTM baseline,7,1,0,43.39811
LSTM baseline,7,1,0,43.399593
LSTM baseline,7,1,0,43.3699
LSTM baseline,7,1,0,43.384468
LSTM baseline,7,1,0,43.379807
LSTM baseline,7,1,0,43.37777
LSTM baseline,7,2,0,43.304554
LSTM baseline,7,2,0,43.338234
LSTM baseline,7,2,0,43.324493
LSTM baseline,7,2,0,43.34343
LSTM baseline,7,2,0,43.332935
LSTM baseline,7,2,0,43.331364
LSTM baseline,7,2,0,43.301468
LSTM baseline,7,2,0,43.303253
LSTM baseline,7,2,0,43.319717
LSTM baseline,7,2,0,43.32115
LSTM baseline,7,3,0,43.20208
LSTM baseline,7,3,0,43.19964
LSTM baseline,7,3,0,43.182236
LSTM baseline,7,3,0,43.181736
LSTM baseline,7,3,0,43.193764
LSTM baseline,7,3,0,43.19495
LSTM baseline,7,3,0,43.19233
LSTM baseline,7,3,0,43.198265
LSTM baseline,7,3,0,43.18352
LSTM baseline,7,3,0,43.194466
LSTM baseline,7,4,0,43.360664
LSTM baseline,7,4,0,43.352818
LSTM baseline,7,4,0,43.36054
LSTM baseline,7,4,0,43.367325
LSTM baseline,7,4,0,43.346466
LSTM baseline,7,4,0,43.31878
LSTM baseline,7,4,0,43.326065
LSTM baseline,7,4,0,43.34767
LSTM baseline,7,4,0,43.342
LSTM baseline,7,4,0,43.323746
LSTM baseline,7,5,0,43.076847
LSTM baseline,7,5,0,43.08318
LSTM baseline,7,5,0,43.121395
LSTM baseline,7,5,0,43.097427
LSTM baseline,7,5,0,43.142357
LSTM baseline,7,5,0,43.100376
LSTM baseline,7,5,0,43.115036
LSTM baseline,7,5,0,43.081623
LSTM baseline,7,5,0,43.132767
LSTM baseline,7,5,0,43.125324
LSTM baseline,7,6,0,43.21561
LSTM baseline,7,6,0,43.236443
LSTM baseline,7,6,0,43.215107
LSTM baseline,7,6,0,43.192654
LSTM baseline,7,6,0,43.230972
LSTM baseline,7,6,0,43.233498
LSTM baseline,7,6,0,43.234097
LSTM baseline,7,6,0,43.245174
LSTM baseline,7,6,0,43.259464
LSTM baseline,7,6,0,43.059273
LSTM baseline,7,7,0,43.192677
LSTM baseline,7,7,0,43.18513
LSTM baseline,7,7,0,43.20724
LSTM baseline,7,7,0,43.158604
LSTM baseline,7,7,0,43.172024
LSTM baseline,7,7,0,43.24288
LSTM baseline,7,7,0,43.291367
LSTM baseline,7,7,0,43.31928
LSTM baseline,7,7,0,43.1487
LSTM baseline,7,7,0,43.158215
LSTM baseline,7,8,0,43.35168
LSTM baseline,7,8,0,43.36276
LSTM baseline,7,8,0,43.31941
LSTM baseline,7,8,0,43.327713
LSTM baseline,7,8,0,43.307205
LSTM baseline,7,8,0,43.19251
LSTM baseline,7,8,0,43.216015
LSTM baseline,7,8,0,43.29174
LSTM baseline,7,8,0,43.23368
LSTM baseline,7,8,0,43.369415
LSTM baseline,7,9,0,43.22798
LSTM baseline,7,9,0,43.329002
LSTM baseline,7,9,0,43.334545
LSTM baseline,7,9,0,43.309196
LSTM baseline,7,9,0,43.33044
LSTM baseline,7,9,0,43.344448
LSTM baseline,7,9,0,43.207207
LSTM baseline,7,9,0,43.314545
LSTM baseline,7,9,0,43.160988
LSTM baseline,7,9,0,43.257156
LSTM baseline,7,10,0,43.396393
LSTM baseline,7,10,0,43.397392
LSTM baseline,7,10,0,43.39435
LSTM baseline,7,10,0,43.396038
LSTM baseline,7,10,0,43.4017
LSTM baseline,7,10,0,43.405296
LSTM baseline,7,10,0,43.40238
LSTM baseline,7,10,0,43.399414
LSTM baseline,7,10,0,43.39495
LSTM baseline,7,10,0,43.415295
LSTM baseline,8,1,0,43.380875
LSTM baseline,8,1,0,43.384083
LSTM baseline,8,1,0,43.377254
LSTM baseline,8,1,0,43.375553
LSTM baseline,8,1,0,43.371124
LSTM baseline,8,1,0,43.38316
LSTM baseline,8,1,0,43.39344
LSTM baseline,8,1,0,43.40568
LSTM baseline,8,1,0,43.393738
LSTM baseline,8,1,0,43.375095
LSTM baseline,8,2,0,43.077007
LSTM baseline,8,2,0,43.069607
LSTM baseline,8,2,0,43.062187
LSTM baseline,8,2,0,43.08453
LSTM baseline,8,2,0,43.074234
LSTM baseline,8,2,0,43.061783
LSTM baseline,8,2,0,43.12524
LSTM baseline,8,2,0,43.161915
LSTM baseline,8,2,0,43.048077
LSTM baseline,8,2,0,43.05919
LSTM baseline,8,3,0,43.186035
LSTM baseline,8,3,0,43.174656
LSTM baseline,8,3,0,43.273415
LSTM baseline,8,3,0,43.28712
LSTM baseline,8,3,0,43.294006
LSTM baseline,8,3,0,43.28563
LSTM baseline,8,3,0,43.204147
LSTM baseline,8,3,0,43.210556
LSTM baseline,8,3,0,43.25807
LSTM baseline,8,3,0,43.260918
LSTM baseline,8,4,0,43.291645
LSTM baseline,8,4,0,43.27638
LSTM baseline,8,4,0,43.294296
LSTM baseline,8,4,0,43.308342
LSTM baseline,8,4,0,43.30464
LSTM baseline,8,4,0,43.2946
LSTM baseline,8,4,0,43.324413
LSTM baseline,8,4,0,43.29121
LSTM baseline,8,4,0,43.24757
LSTM baseline,8,4,0,43.268784
LSTM baseline,8,5,0,43.19106
LSTM baseline,8,5,0,43.20647
LSTM baseline,8,5,0,43.204067
LSTM baseline,8,5,0,43.205914
LSTM baseline,8,5,0,43.192703
LSTM baseline,8,5,0,43.218307
LSTM baseline,8,5,0,43.116062
LSTM baseline,8,5,0,43.242783
LSTM baseline,8,5,0,43.225647
LSTM baseline,8,5,0,43.15647
LSTM baseline,8,6,0,42.922417
LSTM baseline,8,6,0,42.852276
LSTM baseline,8,6,0,42.779057
LSTM baseline,8,6,0,42.790813
LSTM baseline,8,6,0,42.899426
LSTM baseline,8,6,0,42.93968
LSTM baseline,8,6,0,42.92066
LSTM baseline,8,6,0,42.953827
LSTM baseline,8,6,0,42.891342
LSTM baseline,8,6,0,42.914925
LSTM baseline,8,7,0,43.20376
LSTM baseline,8,7,0,43.199863
LSTM baseline,8,7,0,43.21994
LSTM baseline,8,7,0,43.220764
LSTM baseline,8,7,0,43.15473
LSTM baseline,8,7,0,43.16768
LSTM baseline,8,7,0,43.222343
LSTM baseline,8,7,0,43.222652
LSTM baseline,8,7,0,43.205673
LSTM baseline,8,7,0,43.13621
LSTM baseline,8,8,0,43.197136
LSTM baseline,8,8,0,43.12736
LSTM baseline,8,8,0,43.1349
LSTM baseline,8,8,0,43.1304
LSTM baseline,8,8,0,43.140945
LSTM baseline,8,8,0,43.215633
LSTM baseline,8,8,0,43.16732
LSTM baseline,8,8,0,43.144558
LSTM baseline,8,8,0,43.1183
LSTM baseline,8,8,0,43.168205
LSTM baseline,8,9,0,42.972755
LSTM baseline,8,9,0,42.92419
LSTM baseline,8,9,0,42.912674
LSTM baseline,8,9,0,42.983627
LSTM baseline,8,9,0,43.028152
LSTM baseline,8,9,0,43.05496
LSTM baseline,8,9,0,42.964764
LSTM baseline,8,9,0,42.95386
LSTM baseline,8,9,0,42.88134
LSTM baseline,8,9,0,42.851906
LSTM baseline,8,10,0,43.17883
LSTM baseline,8,10,0,43.1808
LSTM baseline,8,10,0,43.17679
LSTM baseline,8,10,0,43.19656
LSTM baseline,8,10,0,43.194313
LSTM baseline,8,10,0,43.190723
LSTM baseline,8,10,0,43.18255
LSTM baseline,8,10,0,43.20788
LSTM baseline,8,10,0,43.20175
LSTM baseline,8,10,0,43.18247
LSTM baseline,9,1,0,43.393406
LSTM baseline,9,1,0,43.380844
LSTM baseline,9,1,0,43.395126
LSTM baseline,9,1,0,43.393196
LSTM baseline,9,1,0,43.383713
LSTM baseline,9,1,0,43.392765
LSTM baseline,9,1,0,43.390892
LSTM baseline,9,1,0,43.38467
LSTM baseline,9,1,0,43.384537
LSTM baseline,9,1,0,43.407898
LSTM baseline,9,2,0,43.361008
LSTM baseline,9,2,0,43.35737
LSTM baseline,9,2,0,43.37211
LSTM baseline,9,2,0,43.36907
LSTM baseline,9,2,0,43.37328
LSTM baseline,9,2,0,43.36496
LSTM baseline,9,2,0,43.362083
LSTM baseline,9,2,0,43.36293
LSTM baseline,9,2,0,43.362522
LSTM baseline,9,2,0,43.373695
LSTM baseline,9,3,0,43.189713
LSTM baseline,9,3,0,43.19133
LSTM baseline,9,3,0,43.172615
LSTM baseline,9,3,0,43.184135
LSTM baseline,9,3,0,43.19599
LSTM baseline,9,3,0,43.181797
LSTM baseline,9,3,0,43.175266
LSTM baseline,9,3,0,43.196762
LSTM baseline,9,3,0,43.198723
LSTM baseline,9,3,0,43.19719
LSTM baseline,9,4,0,43.37209
LSTM baseline,9,4,0,43.390327
LSTM baseline,9,4,0,43.363766
LSTM baseline,9,4,0,43.374645
LSTM baseline,9,4,0,43.38474
LSTM baseline,9,4,0,43.374287
LSTM baseline,9,4,0,43.383327
LSTM baseline,9,4,0,43.38441
LSTM baseline,9,4,0,43.382492
LSTM baseline,9,4,0,43.386036
LSTM baseline,9,5,0,43.2419
LSTM baseline,9,5,0,43.260323
LSTM baseline,9,5,0,43.26957
LSTM baseline,9,5,0,43.265198
LSTM baseline,9,5,0,43.11332
LSTM baseline,9,5,0,43.129036
LSTM baseline,9,5,0,43.166374
LSTM baseline,9,5,0,43.2443
LSTM baseline,9,5,0,43.253178
LSTM baseline,9,5,0,43.180073
LSTM baseline,9,6,0,43.444717
LSTM baseline,9,6,0,43.430832
LSTM baseline,9,6,0,43.42934
LSTM baseline,9,6,0,43.44591
LSTM baseline,9,6,0,43.44594
LSTM baseline,9,6,0,43.44301
LSTM baseline,9,6,0,43.44418
LSTM baseline,9,6,0,43.446953
LSTM baseline,9,6,0,43.444763
LSTM baseline,9,6,0,43.44711
LSTM baseline,9,7,0,43.151382
LSTM baseline,9,7,0,43.21099
LSTM baseline,9,7,0,43.20502
LSTM baseline,9,7,0,43.39555
LSTM baseline,9,7,0,43.111538
LSTM baseline,9,7,0,43.166306
LSTM baseline,9,7,0,43.130615
LSTM baseline,9,7,0,43.201607
LSTM baseline,9,7,0,43.24728
LSTM baseline,9,7,0,43.35706
LSTM baseline,9,8,0,43.441097
LSTM baseline,9,8,0,43.43927
LSTM baseline,9,8,0,43.43835
LSTM baseline,9,8,0,43.441902
LSTM baseline,9,8,0,43.42896
LSTM baseline,9,8,0,43.44103
LSTM baseline,9,8,0,43.43843
LSTM baseline,9,8,0,43.43704
LSTM baseline,9,8,0,43.409485
LSTM baseline,9,8,0,43.438793
LSTM baseline,9,9,0,43.431347
LSTM baseline,9,9,0,43.424236
LSTM baseline,9,9,0,43.428986
LSTM baseline,9,9,0,43.43084
LSTM baseline,9,9,0,43.43344
LSTM baseline,9,9,0,43.43009
LSTM baseline,9,9,0,43.424328
LSTM baseline,9,9,0,43.414074
LSTM baseline,9,9,0,43.42183
LSTM baseline,9,9,0,43.41496
LSTM baseline,9,10,0,43.414074
LSTM baseline,9,10,0,43.415028
LSTM baseline,9,10,0,43.418427
LSTM baseline,9,10,0,43.418903
LSTM baseline,9,10,0,43.423363
LSTM baseline,9,10,0,43.420574
LSTM baseline,9,10,0,43.413868
LSTM baseline,9,10,0,43.407288
LSTM baseline,9,10,0,43.40166
LSTM baseline,9,10,0,43.4051
LSTM baseline,10,1,0,43.373734
LSTM baseline,10,1,0,43.373333
LSTM baseline,10,1,0,43.375404
LSTM baseline,10,1,0,43.379314
LSTM baseline,10,1,0,43.386044
LSTM baseline,10,1,0,43.37093
LSTM baseline,10,1,0,43.38526
LSTM baseline,10,1,0,43.392178
LSTM baseline,10,1,0,43.391415
LSTM baseline,10,1,0,43.39102
LSTM baseline,10,2,0,43.40571
LSTM baseline,10,2,0,43.40953
LSTM baseline,10,2,0,43.40541
LSTM baseline,10,2,0,43.403343
LSTM baseline,10,2,0,43.392918
LSTM baseline,10,2,0,43.40032
LSTM baseline,10,2,0,43.39195
LSTM baseline,10,2,0,43.398216
LSTM baseline,10,2,0,43.407494
LSTM baseline,10,2,0,43.400146
LSTM baseline,10,3,0,43.16558
LSTM baseline,10,3,0,43.175816
LSTM baseline,10,3,0,43.19069
LSTM baseline,10,3,0,43.205612
LSTM baseline,10,3,0,43.211155
LSTM baseline,10,3,0,43.193356
LSTM baseline,10,3,0,43.199673
LSTM baseline,10,3,0,43.20655
LSTM baseline,10,3,0,43.18995
LSTM baseline,10,3,0,43.191708
LSTM baseline,10,4,0,43.386322
LSTM baseline,10,4,0,43.366802
LSTM baseline,10,4,0,43.36708
LSTM baseline,10,4,0,43.370594
LSTM baseline,10,4,0,43.361774
LSTM baseline,10,4,0,43.36753
LSTM baseline,10,4,0,43.355698
LSTM baseline,10,4,0,43.38384
LSTM baseline,10,4,0,43.37011
LSTM baseline,10,4,0,43.360386
LSTM baseline,10,5,0,43.26345
LSTM baseline,10,5,0,43.257004
LSTM baseline,10,5,0,43.291405
LSTM baseline,10,5,0,43.25978
LSTM baseline,10,5,0,43.292244
LSTM baseline,10,5,0,43.281902
LSTM baseline,10,5,0,43.306034
LSTM baseline,10,5,0,43.32126
LSTM baseline,10,5,0,43.28179
LSTM baseline,10,5,0,43.261265
LSTM baseline,10,6,0,43.433598
LSTM baseline,10,6,0,43.435364
LSTM baseline,10,6,0,43.440403
LSTM baseline,10,6,0,43.43968
LSTM baseline,10,6,0,43.438972
LSTM baseline,10,6,0,43.439556
LSTM baseline,10,6,0,43.416805
LSTM baseline,10,6,0,43.426277
LSTM baseline,10,6,0,43.406487
LSTM baseline,10,6,0,43.411114
LSTM baseline,10,7,0,43.195927
LSTM baseline,10,7,0,43.20636
LSTM baseline,10,7,0,43.210606
LSTM baseline,10,7,0,43.194157
LSTM baseline,10,7,0,43.187637
LSTM baseline,10,7,0,43.185028
LSTM baseline,10,7,0,43.20433
LSTM baseline,10,7,0,43.191124
LSTM baseline,10,7,0,43.177177
LSTM baseline,10,7,0,43.182884
LSTM baseline,10,8,0,43.35061
LSTM baseline,10,8,0,43.428097
LSTM baseline,10,8,0,43.394432
LSTM baseline,10,8,0,43.407448
LSTM baseline,10,8,0,43.378605
LSTM baseline,10,8,0,43.31552
LSTM baseline,10,8,0,43.29663
LSTM baseline,10,8,0,43.386677
LSTM baseline,10,8,0,43.367607
LSTM baseline,10,8,0,43.40961
LSTM baseline,10,9,0,43.3775
LSTM baseline,10,9,0,43.376526
LSTM baseline,10,9,0,43.37628
LSTM baseline,10,9,0,43.4002
LSTM baseline,10,9,0,43.401466
LSTM baseline,10,9,0,43.412064
LSTM baseline,10,9,0,43.41268
LSTM baseline,10,9,0,43.38888
LSTM baseline,10,9,0,43.395275
LSTM baseline,10,9,0,43.37038
LSTM baseline,10,10,0,43.4084
LSTM baseline,10,10,0,43.409954
LSTM baseline,10,10,0,43.402344
LSTM baseline,10,10,0,43.409355
LSTM baseline,10,10,0,43.42089
LSTM baseline,10,10,0,43.428722
LSTM baseline,10,10,0,43.43636
LSTM baseline,10,10,0,43.399235
LSTM baseline,10,10,0,43.434387
LSTM baseline,10,10,0,43.417
ST-GCN,1,1,1,43.124416
ST-GCN,1,1,1,43.07338
ST-GCN,1,1,1,43.01842
ST-GCN,1,1,1,43.05984
ST-GCN,1,1,1,43.087063
ST-GCN,1,1,1,42.992645
ST-GCN,1,1,1,42.99395
ST-GCN,1,1,1,43.051086
ST-GCN,1,1,1,43.12507
ST-GCN,1,1,1,43.097588
ST-GCN,1,2,1,42.658234
ST-GCN,1,2,1,42.6298
ST-GCN,1,2,1,42.665966
ST-GCN,1,2,1,42.63087
ST-GCN,1,2,1,42.350067
ST-GCN,1,2,1,42.473633
ST-GCN,1,2,1,42.57755
ST-GCN,1,2,1,42.514606
ST-GCN,1,2,1,42.539413
ST-GCN,1,2,1,42.43747
ST-GCN,1,3,1,42.82227
ST-GCN,1,3,1,42.752415
ST-GCN,1,3,1,42.6642
ST-GCN,1,3,1,42.63145
ST-GCN,1,3,1,42.63897
ST-GCN,1,3,1,42.67662
ST-GCN,1,3,1,42.71736
ST-GCN,1,3,1,42.77095
ST-GCN,1,3,1,42.803097
ST-GCN,1,3,1,42.666992
ST-GCN,1,4,1,42.74116
ST-GCN,1,4,1,42.634575
ST-GCN,1,4,1,42.520973
ST-GCN,1,4,1,42.503574
ST-GCN,1,4,1,42.48438
ST-GCN,1,4,1,42.381596
ST-GCN,1,4,1,42.33371
ST-GCN,1,4,1,42.41441
ST-GCN,1,4,1,42.614014
ST-GCN,1,4,1,42.568405
ST-GCN,1,5,1,42.094803
ST-GCN,1,5,1,42.05298
ST-GCN,1,5,1,41.86123
ST-GCN,1,5,1,41.941757
ST-GCN,1,5,1,41.983494
ST-GCN,1,5,1,41.872974
ST-GCN,1,5,1,41.97305
ST-GCN,1,5,1,41.82108
ST-GCN,1,5,1,41.76416
ST-GCN,1,5,1,41.872124
ST-GCN,1,6,1,42.937305
ST-GCN,1,6,1,42.871807
ST-GCN,1,6,1,42.752106
ST-GCN,1,6,1,42.628647
ST-GCN,1,6,1,42.66474
ST-GCN,1,6,1,42.678078
ST-GCN,1,6,1,42.722534
ST-GCN,1,6,1,42.6923
ST-GCN,1,6,1,42.980972
ST-GCN,1,6,1,42.730812
ST-GCN,1,7,1,43.229874
ST-GCN,1,7,1,43.379578
ST-GCN,1,7,1,43.424927
ST-GCN,1,7,1,43.421093
ST-GCN,1,7,1,43.405243
ST-GCN,1,7,1,43.46099
ST-GCN,1,7,1,43.514317
ST-GCN,1,7,1,43.50451
ST-GCN,1,7,1,43.51509
ST-GCN,1,7,1,43.492397
ST-GCN,1,8,1,41.909737
ST-GCN,1,8,1,41.989994
ST-GCN,1,8,1,41.99106
ST-GCN,1,8,1,41.936752
ST-GCN,1,8,1,41.987354
ST-GCN,1,8,1,41.9614
ST-GCN,1,8,1,42.02089
ST-GCN,1,8,1,41.94489
ST-GCN,1,8,1,42.0061
ST-GCN,1,8,1,42.005424
ST-GCN,1,9,1,42.448105
ST-GCN,1,9,1,42.39012
ST-GCN,1,9,1,42.41418
ST-GCN,1,9,1,42.343678
ST-GCN,1,9,1,42.36425
ST-GCN,1,9,1,42.33209
ST-GCN,1,9,1,42.375156
ST-GCN,1,9,1,42.435574
ST-GCN,1,9,1,42.340137
ST-GCN,1,9,1,42.348797
ST-GCN,1,10,1,42.936214
ST-GCN,1,10,1,42.854717
ST-GCN,1,10,1,42.83583
ST-GCN,1,10,1,42.832
ST-GCN,1,10,1,42.669292
ST-GCN,1,10,1,42.895817
ST-GCN,1,10,1,42.75463
ST-GCN,1,10,1,42.750126
ST-GCN,1,10,1,42.84632
ST-GCN,1,10,1,42.913967
ST-GCN,2,1,1,42.5413
ST-GCN,2,1,1,42.748924
ST-GCN,2,1,1,42.84247
ST-GCN,2,1,1,42.63429
ST-GCN,2,1,1,42.633
ST-GCN,2,1,1,42.70971
ST-GCN,2,1,1,42.784912
ST-GCN,2,1,1,42.67189
ST-GCN,2,1,1,42.47758
ST-GCN,2,1,1,42.362637
ST-GCN,2,2,1,41.280243
ST-GCN,2,2,1,40.88295
ST-GCN,2,2,1,40.96645
ST-GCN,2,2,1,41.372833
ST-GCN,2,2,1,41.06898
ST-GCN,2,2,1,40.778694
ST-GCN,2,2,1,40.77218
ST-GCN,2,2,1,41.026245
ST-GCN,2,2,1,40.7864
ST-GCN,2,2,1,40.852528
ST-GCN,2,3,1,41.732853
ST-GCN,2,3,1,41.46713
ST-GCN,2,3,1,41.58468
ST-GCN,2,3,1,41.519238
ST-GCN,2,3,1,41.479374
ST-GCN,2,3,1,41.449127
ST-GCN,2,3,1,41.38568
ST-GCN,2,3,1,41.31973
ST-GCN,2,3,1,41.25887
ST-GCN,2,3,1,41.53097
ST-GCN,2,4,1,42.051594
ST-GCN,2,4,1,41.816235
ST-GCN,2,4,1,41.486378
ST-GCN,2,4,1,41.387123
ST-GCN,2,4,1,41.52456
ST-GCN,2,4,1,41.42482
ST-GCN,2,4,1,41.168907
ST-GCN,2,4,1,41.267056
ST-GCN,2,4,1,41.17451
ST-GCN,2,4,1,40.807377
ST-GCN,2,5,1,42.863617
ST-GCN,2,5,1,42.926098
ST-GCN,2,5,1,42.827755
ST-GCN,2,5,1,42.6288
ST-GCN,2,5,1,42.526966
ST-GCN,2,5,1,42.23539
ST-GCN,2,5,1,42.04262
ST-GCN,2,5,1,41.9952
ST-GCN,2,5,1,42.108738
ST-GCN,2,5,1,42.166485
ST-GCN,2,6,1,44.145252
ST-GCN,2,6,1,44.14932
ST-GCN,2,6,1,44.1624
ST-GCN,2,6,1,44.177197
ST-GCN,2,6,1,44.179295
ST-GCN,2,6,1,44.17186
ST-GCN,2,6,1,44.266514
ST-GCN,2,6,1,44.25298
ST-GCN,2,6,1,44.23087
ST-GCN,2,6,1,44.217957
ST-GCN,2,7,1,41.805588
ST-GCN,2,7,1,41.96718
ST-GCN,2,7,1,42.086594
ST-GCN,2,7,1,42.129963
ST-GCN,2,7,1,42.105644
ST-GCN,2,7,1,42.04029
ST-GCN,2,7,1,42.202026
ST-GCN,2,7,1,42.05307
ST-GCN,2,7,1,42.153027
ST-GCN,2,7,1,42.34439
ST-GCN,2,8,1,43.989418
ST-GCN,2,8,1,44.100338
ST-GCN,2,8,1,44.139202
ST-GCN,2,8,1,44.14017
ST-GCN,2,8,1,44.091312
ST-GCN,2,8,1,44.004196
ST-GCN,2,8,1,44.030445
ST-GCN,2,8,1,44.102283
ST-GCN,2,8,1,44.121857
ST-GCN,2,8,1,44.10637
ST-GCN,2,9,1,43.956024
ST-GCN,2,9,1,43.95471
ST-GCN,2,9,1,43.82925
ST-GCN,2,9,1,43.920834
ST-GCN,2,9,1,43.892456
ST-GCN,2,9,1,43.817444
ST-GCN,2,9,1,43.79302
ST-GCN,2,9,1,43.754906
ST-GCN,2,9,1,43.820152
ST-GCN,2,9,1,43.761948
ST-GCN,2,10,1,41.616776
ST-GCN,2,10,1,41.689743
ST-GCN,2,10,1,41.591316
ST-GCN,2,10,1,41.630833
ST-GCN,2,10,1,41.77901
ST-GCN,2,10,1,41.770363
ST-GCN,2,10,1,41.799843
ST-GCN,2,10,1,41.973026
ST-GCN,2,10,1,41.75758
ST-GCN,2,10,1,41.582047
ST-GCN,3,1,1,42.507553
ST-GCN,3,1,1,42.503212
ST-GCN,3,1,1,42.362724
ST-GCN,3,1,1,42.41574
ST-GCN,3,1,1,42.286522
ST-GCN,3,1,1,42.222626
ST-GCN,3,1,1,42.05615
ST-GCN,3,1,1,42.111065
ST-GCN,3,1,1,42.355137
ST-GCN,3,1,1,42.39816
ST-GCN,3,2,1,41.304386
ST-GCN,3,2,1,41.233574
ST-GCN,3,2,1,41.12792
ST-GCN,3,2,1,41.180954
ST-GCN,3,2,1,41.278564
ST-GCN,3,2,1,41.240974
ST-GCN,3,2,1,41.240322
ST-GCN,3,2,1,41.262196
ST-GCN,3,2,1,41.356316
ST-GCN,3,2,1,41.199898
ST-GCN,3,3,1,41.267906
ST-GCN,3,3,1,41.14144
ST-GCN,3,3,1,41.097633
ST-GCN,3,3,1,41.121357
ST-GCN,3,3,1,41.16197
ST-GCN,3,3,1,41.050785
ST-GCN,3,3,1,41.00828
ST-GCN,3,3,1,41.00835
ST-GCN,3,3,1,41.02182
ST-GCN,3,3,1,40.916195
ST-GCN,3,4,1,41.411385
ST-GCN,3,4,1,41.426334
ST-GCN,3,4,1,41.725407
ST-GCN,3,4,1,41.71721
ST-GCN,3,4,1,41.92179
ST-GCN,3,4,1,41.793156
ST-GCN,3,4,1,41.99205
ST-GCN,3,4,1,42.183834
ST-GCN,3,4,1,42.30233
ST-GCN,3,4,1,42.213375
ST-GCN,3,5,1,42.206867
ST-GCN,3,5,1,42.278522
ST-GCN,3,5,1,42.406948
ST-GCN,3,5,1,42.503963
ST-GCN,3,5,1,42.666557
ST-GCN,3,5,1,42.58331
ST-GCN,3,5,1,42.50626
ST-GCN,3,5,1,42.274117
ST-GCN,3,5,1,42.465096
ST-GCN,3,5,1,42.408474
ST-GCN,3,6,1,42.609665
ST-GCN,3,6,1,42.405678
ST-GCN,3,6,1,42.557045
ST-GCN,3,6,1,42.4195
ST-GCN,3,6,1,42.13407
ST-GCN,3,6,1,42.2829
ST-GCN,3,6,1,42.267216
ST-GCN,3,6,1,42.391865
ST-GCN,3,6,1,42.497025
ST-GCN,3,6,1,42.534725
ST-GCN,3,7,1,41.20645
ST-GCN,3,7,1,41.49926
ST-GCN,3,7,1,41.491158
ST-GCN,3,7,1,41.661175
ST-GCN,3,7,1,41.631752
ST-GCN,3,7,1,41.534115
ST-GCN,3,7,1,41.56514
ST-GCN,3,7,1,41.784065
ST-GCN,3,7,1,41.855053
ST-GCN,3,7,1,42.13219
ST-GCN,3,8,1,42.205837
ST-GCN,3,8,1,41.919918
ST-GCN,3,8,1,41.54783
ST-GCN,3,8,1,41.645596
ST-GCN,3,8,1,41.230846
ST-GCN,3,8,1,41.641
ST-GCN,3,8,1,41.79015
ST-GCN,3,8,1,41.875664
ST-GCN,3,8,1,41.953827
ST-GCN,3,8,1,41.63106
ST-GCN,3,9,1,41.5953
ST-GCN,3,9,1,41.50333
ST-GCN,3,9,1,41.55063
ST-GCN,3,9,1,41.557964
ST-GCN,3,9,1,41.531555
ST-GCN,3,9,1,41.57746
ST-GCN,3,9,1,41.62246
ST-GCN,3,9,1,41.577885
ST-GCN,3,9,1,41.600533
ST-GCN,3,9,1,41.600246
ST-GCN,3,10,1,42.419006
ST-GCN,3,10,1,42.501736
ST-GCN,3,10,1,42.409317
ST-GCN,3,10,1,42.401524
ST-GCN,3,10,1,42.382767
ST-GCN,3,10,1,42.268456
ST-GCN,3,10,1,42.387836
ST-GCN,3,10,1,42.10753
ST-GCN,3,10,1,42.55427
ST-GCN,3,10,1,42.59516
ST-GCN,4,1,1,40.88195
ST-GCN,4,1,1,40.99614
ST-GCN,4,1,1,41.132324
ST-GCN,4,1,1,40.96573
ST-GCN,4,1,1,40.94158
ST-GCN,4,1,1,40.943726
ST-GCN,4,1,1,40.93511
ST-GCN,4,1,1,40.96743
ST-GCN,4,1,1,40.930454
ST-GCN,4,1,1,40.88433
ST-GCN,4,2,1,41.178528
ST-GCN,4,2,1,41.315796
ST-GCN,4,2,1,41.47386
ST-GCN,4,2,1,41.38034
ST-GCN,4,2,1,41.30786
ST-GCN,4,2,1,41.297733
ST-GCN,4,2,1,41.306683
ST-GCN,4,2,1,41.2508
ST-GCN,4,2,1,41.350986
ST-GCN,4,2,1,41.30277
ST-GCN,4,3,1,41.53251
ST-GCN,4,3,1,41.682743
ST-GCN,4,3,1,41.74199
ST-GCN,4,3,1,41.696636
ST-GCN,4,3,1,41.61804
ST-GCN,4,3,1,41.580322
ST-GCN,4,3,1,41.620003
ST-GCN,4,3,1,41.637856
ST-GCN,4,3,1,41.647587
ST-GCN,4,3,1,41.75898
ST-GCN,4,4,1,42.17094
ST-GCN,4,4,1,42.62222
ST-GCN,4,4,1,42.52996
ST-GCN,4,4,1,42.63434
ST-GCN,4,4,1,42.57894
ST-GCN,4,4,1,42.628777
ST-GCN,4,4,1,42.611767
ST-GCN,4,4,1,42.68505
ST-GCN,4,4,1,42.70899
ST-GCN,4,4,1,42.71277
ST-GCN,4,5,1,40.995228
ST-GCN,4,5,1,40.97737
ST-GCN,4,5,1,41.077408
ST-GCN,4,5,1,41.193165
ST-GCN,4,5,1,41.23882
ST-GCN,4,5,1,41.14958
ST-GCN,4,5,1,41.112206
ST-GCN,4,5,1,41.171734
ST-GCN,4,5,1,41.19691
ST-GCN,4,5,1,41.13809
ST-GCN,4,6,1,42.165455
ST-GCN,4,6,1,42.402454
ST-GCN,4,6,1,42.3853
ST-GCN,4,6,1,42.432663
ST-GCN,4,6,1,42.4647
ST-GCN,4,6,1,42.34432
ST-GCN,4,6,1,42.27243
ST-GCN,4,6,1,42.28469
ST-GCN,4,6,1,42.31266
ST-GCN,4,6,1,42.416553
ST-GCN,4,7,1,40.668987
ST-GCN,4,7,1,41.052002
ST-GCN,4,7,1,40.466045
ST-GCN,4,7,1,41.187664
ST-GCN,4,7,1,40.47062
ST-GCN,4,7,1,39.98657
ST-GCN,4,7,1,40.03981
ST-GCN,4,7,1,40.176258
ST-GCN,4,7,1,39.91748
ST-GCN,4,7,1,40.25353
ST-GCN,4,8,1,41.033863
ST-GCN,4,8,1,40.992573
ST-GCN,4,8,1,40.948498
ST-GCN,4,8,1,40.979218
ST-GCN,4,8,1,40.943573
ST-GCN,4,8,1,40.852665
ST-GCN,4,8,1,40.8563
ST-GCN,4,8,1,40.869934
ST-GCN,4,8,1,40.840977
ST-GCN,4,8,1,40.86944
ST-GCN,4,9,1,42.52252
ST-GCN,4,9,1,42.664448
ST-GCN,4,9,1,42.62987
ST-GCN,4,9,1,42.67691
ST-GCN,4,9,1,42.64763
ST-GCN,4,9,1,42.720985
ST-GCN,4,9,1,42.6681
ST-GCN,4,9,1,42.688408
ST-GCN,4,9,1,42.754375
ST-GCN,4,9,1,42.758
ST-GCN,4,10,1,40.94117
ST-GCN,4,10,1,41.16611
ST-GCN,4,10,1,40.748966
ST-GCN,4,10,1,40.74166
ST-GCN,4,10,1,40.54118
ST-GCN,4,10,1,40.834164
ST-GCN,4,10,1,40.766598
ST-GCN,4,10,1,40.74253
ST-GCN,4,10,1,40.913994
ST-GCN,4,10,1,41.033516
ST-GCN,5,1,1,42.926884
ST-GCN,5,1,1,42.920193
ST-GCN,5,1,1,42.98628
ST-GCN,5,1,1,42.929413
ST-GCN,5,1,1,42.919865
ST-GCN,5,1,1,42.962654
ST-GCN,5,1,1,43.028233
ST-GCN,5,1,1,42.97834
ST-GCN,5,1,1,42.977478
ST-GCN,5,1,1,42.914627
ST-GCN,5,2,1,42.470177
ST-GCN,5,2,1,42.305283
ST-GCN,5,2,1,42.374695
ST-GCN,5,2,1,42.33188
ST-GCN,5,2,1,42.30923
ST-GCN,5,2,1,42.327057
ST-GCN,5,2,1,42.38922
ST-GCN,5,2,1,42.405018
ST-GCN,5,2,1,42.284115
ST-GCN,5,2,1,42.27499
ST-GCN,5,3,1,42.53681
ST-GCN,5,3,1,42.458836
ST-GCN,5,3,1,42.44529
ST-GCN,5,3,1,42.406975
ST-GCN,5,3,1,42.380283
ST-GCN,5,3,1,42.402905
ST-GCN,5,3,1,42.45154
ST-GCN,5,3,1,42.426456
ST-GCN,5,3,1,42.39858
ST-GCN,5,3,1,42.35347
ST-GCN,5,4,1,42.796307
ST-GCN,5,4,1,42.711998
ST-GCN,5,4,1,42.67244
ST-GCN,5,4,1,42.640778
ST-GCN,5,4,1,42.64507
ST-GCN,5,4,1,42.603172
ST-GCN,5,4,1,42.58677
ST-GCN,5,4,1,42.637886
ST-GCN,5,4,1,42.588326
ST-GCN,5,4,1,42.60574
ST-GCN,5,5,1,42.342075
ST-GCN,5,5,1,42.40242
ST-GCN,5,5,1,42.438004
ST-GCN,5,5,1,42.4096
ST-GCN,5,5,1,42.367535
ST-GCN,5,5,1,42.36745
ST-GCN,5,5,1,42.44566
ST-GCN,5,5,1,42.372253
ST-GCN,5,5,1,42.461906
ST-GCN,5,5,1,42.44126
ST-GCN,5,6,1,43.29012
ST-GCN,5,6,1,43.19041
ST-GCN,5,6,1,43.263214
ST-GCN,5,6,1,43.280075
ST-GCN,5,6,1,43.180027
ST-GCN,5,6,1,43.2201
ST-GCN,5,6,1,43.252197
ST-GCN,5,6,1,43.206375
ST-GCN,5,6,1,43.231003
ST-GCN,5,6,1,43.238
ST-GCN,5,7,1,43.39877
ST-GCN,5,7,1,43.34655
ST-GCN,5,7,1,43.364853
ST-GCN,5,7,1,43.33518
ST-GCN,5,7,1,43.321377
ST-GCN,5,7,1,43.28535
ST-GCN,5,7,1,43.366344
ST-GCN,5,7,1,43.32206
ST-GCN,5,7,1,43.2965
ST-GCN,5,7,1,43.34249
ST-GCN,5,8,1,42.781593
ST-GCN,5,8,1,42.868084
ST-GCN,5,8,1,42.806126
ST-GCN,5,8,1,42.77171
ST-GCN,5,8,1,42.793568
ST-GCN,5,8,1,42.732666
ST-GCN,5,8,1,42.80395
ST-GCN,5,8,1,42.771667
ST-GCN,5,8,1,42.732376
ST-GCN,5,8,1,42.754173
ST-GCN,5,9,1,42.95146
ST-GCN,5,9,1,43.021156
ST-GCN,5,9,1,43.03561
ST-GCN,5,9,1,43.06316
ST-GCN,5,9,1,43.053753
ST-GCN,5,9,1,43.01291
ST-GCN,5,9,1,43.08666
ST-GCN,5,9,1,43.07454
ST-GCN,5,9,1,43.071293
ST-GCN,5,9,1,43.05156
ST-GCN,5,10,1,40.69252
ST-GCN,5,10,1,40.848957
ST-GCN,5,10,1,40.914963
ST-GCN,5,10,1,40.68079
ST-GCN,5,10,1,40.749542
ST-GCN,5,10,1,40.704887
ST-GCN,5,10,1,41.00461
ST-GCN,5,10,1,40.456936
ST-GCN,5,10,1,40.880375
ST-GCN,5,10,1,40.95034
ST-GCN,6,1,1,43.70831
ST-GCN,6,1,1,43.823807
ST-GCN,6,1,1,43.955647
ST-GCN,6,1,1,43.896954
ST-GCN,6,1,1,43.766796
ST-GCN,6,1,1,43.77508
ST-GCN,6,1,1,43.839603
ST-GCN,6,1,1,43.701836
ST-GCN,6,1,1,43.462852
ST-GCN,6,1,1,43.369358
ST-GCN,6,2,1,42.234795
ST-GCN,6,2,1,42.058674
ST-GCN,6,2,1,41.31546
ST-GCN,6,2,1,41.267746
ST-GCN,6,2,1,41.127308
ST-GCN,6,2,1,41.323845
ST-GCN,6,2,1,41.365437
ST-GCN,6,2,1,41.68373
ST-GCN,6,2,1,41.681633
ST-GCN,6,2,1,41.95609
ST-GCN,6,3,1,42.08835
ST-GCN,6,3,1,42.099483
ST-GCN,6,3,1,42.051685
ST-GCN,6,3,1,41.95546
ST-GCN,6,3,1,42.021442
ST-GCN,6,3,1,41.79157
ST-GCN,6,3,1,42.001724
ST-GCN,6,3,1,41.86005
ST-GCN,6,3,1,41.67241
ST-GCN,6,3,1,41.543102
ST-GCN,6,4,1,41.87196
ST-GCN,6,4,1,42.00997
ST-GCN,6,4,1,41.255177
ST-GCN,6,4,1,41.28972
ST-GCN,6,4,1,41.552834
ST-GCN,6,4,1,41.441856
ST-GCN,6,4,1,41.956493
ST-GCN,6,4,1,41.961346
ST-GCN,6,4,1,41.939342
ST-GCN,6,4,1,41.782654
ST-GCN,6,5,1,40.820408
ST-GCN,6,5,1,40.74193
ST-GCN,6,5,1,40.85752
ST-GCN,6,5,1,40.58107
ST-GCN,6,5,1,40.6629
ST-GCN,6,5,1,40.72053
ST-GCN,6,5,1,40.664265
ST-GCN,6,5,1,40.62941
ST-GCN,6,5,1,40.489456
ST-GCN,6,5,1,40.480053
ST-GCN,6,6,1,42.595745
ST-GCN,6,6,1,42.501648
ST-GCN,6,6,1,42.623177
ST-GCN,6,6,1,42.735966
ST-GCN,6,6,1,42.944637
ST-GCN,6,6,1,42.858017
ST-GCN,6,6,1,42.903915
ST-GCN,6,6,1,42.772125
ST-GCN,6,6,1,42.99573
ST-GCN,6,6,1,43.087666
ST-GCN,6,7,1,42.833977
ST-GCN,6,7,1,43.003475
ST-GCN,6,7,1,42.949028
ST-GCN,6,7,1,43.14943
ST-GCN,6,7,1,43.01184
ST-GCN,6,7,1,43.21662
ST-GCN,6,7,1,43.230835
ST-GCN,6,7,1,43.259964
ST-GCN,6,7,1,43.189392
ST-GCN,6,7,1,43.32966
ST-GCN,6,8,1,42.98804
ST-GCN,6,8,1,42.87024
ST-GCN,6,8,1,42.843338
ST-GCN,6,8,1,42.85374
ST-GCN,6,8,1,43.033405
ST-GCN,6,8,1,42.9675
ST-GCN,6,8,1,42.99498
ST-GCN,6,8,1,43.02841
ST-GCN,6,8,1,42.98064
ST-GCN,6,8,1,42.904476
ST-GCN,6,9,1,43.54283
ST-GCN,6,9,1,43.784317
ST-GCN,6,9,1,43.730072
ST-GCN,6,9,1,43.769825
ST-GCN,6,9,1,43.762486
ST-GCN,6,9,1,43.768993
ST-GCN,6,9,1,43.734722
ST-GCN,6,9,1,43.609447
ST-GCN,6,9,1,43.668144
ST-GCN,6,9,1,43.769127
ST-GCN,6,10,1,42.972363
ST-GCN,6,10,1,43.472153
ST-GCN,6,10,1,43.597706
ST-GCN,6,10,1,43.339806
ST-GCN,6,10,1,43.561665
ST-GCN,6,10,1,43.494087
ST-GCN,6,10,1,43.29091
ST-GCN,6,10,1,43.2667
ST-GCN,6,10,1,43.8142
ST-GCN,6,10,1,43.113632
ST-GCN,7,1,1,41.84689
ST-GCN,7,1,1,41.783886
ST-GCN,7,1,1,41.877422
ST-GCN,7,1,1,41.619316
ST-GCN,7,1,1,41.721973
ST-GCN,7,1,1,41.704296
ST-GCN,7,1,1,41.770206
ST-GCN,7,1,1,41.821568
ST-GCN,7,1,1,41.673412
ST-GCN,7,1,1,41.61487
ST-GCN,7,2,1,41.011684
ST-GCN,7,2,1,40.94965
ST-GCN,7,2,1,40.931858
ST-GCN,7,2,1,40.94501
ST-GCN,7,2,1,40.972946
ST-GCN,7,2,1,40.92779
ST-GCN,7,2,1,40.91898
ST-GCN,7,2,1,40.91249
ST-GCN,7,2,1,40.937
ST-GCN,7,2,1,40.909767
ST-GCN,7,3,1,41.095665
ST-GCN,7,3,1,41.122566
ST-GCN,7,3,1,41.102043
ST-GCN,7,3,1,41.086536
ST-GCN,7,3,1,41.105362
ST-GCN,7,3,1,41.074524
ST-GCN,7,3,1,40.95844
ST-GCN,7,3,1,40.982853
ST-GCN,7,3,1,40.920986
ST-GCN,7,3,1,40.92522
ST-GCN,7,4,1,42.04774
ST-GCN,7,4,1,41.933243
ST-GCN,7,4,1,41.951977
ST-GCN,7,4,1,42.04633
ST-GCN,7,4,1,41.970627
ST-GCN,7,4,1,42.048126
ST-GCN,7,4,1,41.968567
ST-GCN,7,4,1,41.93363
ST-GCN,7,4,1,41.85763
ST-GCN,7,4,1,41.931885
ST-GCN,7,5,1,40.47436
ST-GCN,7,5,1,40.4439
ST-GCN,7,5,1,40.46432
ST-GCN,7,5,1,40.461792
ST-GCN,7,5,1,40.458584
ST-GCN,7,5,1,40.45123
ST-GCN,7,5,1,40.37407
ST-GCN,7,5,1,40.398712
ST-GCN,7,5,1,40.410736
ST-GCN,7,5,1,40.37718
ST-GCN,7,6,1,43.769302
ST-GCN,7,6,1,43.749687
ST-GCN,7,6,1,43.728172
ST-GCN,7,6,1,43.724674
ST-GCN,7,6,1,43.751858
ST-GCN,7,6,1,43.762135
ST-GCN,7,6,1,43.77047
ST-GCN,7,6,1,43.748413
ST-GCN,7,6,1,43.704727
ST-GCN,7,6,1,43.767338
ST-GCN,7,7,1,43.07781
ST-GCN,7,7,1,43.109623
ST-GCN,7,7,1,43.10015
ST-GCN,7,7,1,43.250538
ST-GCN,7,7,1,43.315258
ST-GCN,7,7,1,43.215332
ST-GCN,7,7,1,43.367493
ST-GCN,7,7,1,43.293266
ST-GCN,7,7,1,43.264973
ST-GCN,7,7,1,43.305553
ST-GCN,7,8,1,43.203754
ST-GCN,7,8,1,43.208763
ST-GCN,7,8,1,43.167812
ST-GCN,7,8,1,43.235573
ST-GCN,7,8,1,43.267765
ST-GCN,7,8,1,43.303825
ST-GCN,7,8,1,43.235706
ST-GCN,7,8,1,43.29996
ST-GCN,7,8,1,43.29122
ST-GCN,7,8,1,43.325325
ST-GCN,7,9,1,43.540287
ST-GCN,7,9,1,43.59184
ST-GCN,7,9,1,43.617573
ST-GCN,7,9,1,43.617867
ST-GCN,7,9,1,43.591675
ST-GCN,7,9,1,43.586666
ST-GCN,7,9,1,43.53902
ST-GCN,7,9,1,43.544167
ST-GCN,7,9,1,43.57353
ST-GCN,7,9,1,43.61621
ST-GCN,7,10,1,42.657715
ST-GCN,7,10,1,42.478928
ST-GCN,7,10,1,42.417767
ST-GCN,7,10,1,42.445515
ST-GCN,7,10,1,42.34786
ST-GCN,7,10,1,42.329723
ST-GCN,7,10,1,42.451874
ST-GCN,7,10,1,42.333115
ST-GCN,7,10,1,42.370174
ST-GCN,7,10,1,42.39201
ST-GCN,8,1,1,41.515415
ST-GCN,8,1,1,41.510555
ST-GCN,8,1,1,41.3182
ST-GCN,8,1,1,41.3546
ST-GCN,8,1,1,41.61025
ST-GCN,8,1,1,41.27865
ST-GCN,8,1,1,41.34468
ST-GCN,8,1,1,41.433258
ST-GCN,8,1,1,41.508297
ST-GCN,8,1,1,41.731384
ST-GCN,8,2,1,40.837433
ST-GCN,8,2,1,40.714226
ST-GCN,8,2,1,40.81826
ST-GCN,8,2,1,41.019314
ST-GCN,8,2,1,41.058292
ST-GCN,8,2,1,40.6798
ST-GCN,8,2,1,40.722588
ST-GCN,8,2,1,40.859943
ST-GCN,8,2,1,40.832966
ST-GCN,8,2,1,41.047688
ST-GCN,8,3,1,42.48397
ST-GCN,8,3,1,42.484512
ST-GCN,8,3,1,42.497066
ST-GCN,8,3,1,42.584763
ST-GCN,8,3,1,42.379658
ST-GCN,8,3,1,42.455235
ST-GCN,8,3,1,42.54685
ST-GCN,8,3,1,42.495594
ST-GCN,8,3,1,42.593166
ST-GCN,8,3,1,42.491455
ST-GCN,8,4,1,43.468567
ST-GCN,8,4,1,43.541286
ST-GCN,8,4,1,43.625404
ST-GCN,8,4,1,43.562824
ST-GCN,8,4,1,43.52458
ST-GCN,8,4,1,43.605694
ST-GCN,8,4,1,43.66997
ST-GCN,8,4,1,43.639824
ST-GCN,8,4,1,43.689526
ST-GCN,8,4,1,43.600773
ST-GCN,8,5,1,40.61534
ST-GCN,8,5,1,40.731354
ST-GCN,8,5,1,40.6985
ST-GCN,8,5,1,40.745632
ST-GCN,8,5,1,40.742702
ST-GCN,8,5,1,40.66485
ST-GCN,8,5,1,40.70612
ST-GCN,8,5,1,40.68092
ST-GCN,8,5,1,40.671196
ST-GCN,8,5,1,40.66979
ST-GCN,8,6,1,43.275524
ST-GCN,8,6,1,43.271072
ST-GCN,8,6,1,43.188766
ST-GCN,8,6,1,43.177296
ST-GCN,8,6,1,43.216427
ST-GCN,8,6,1,43.152306
ST-GCN,8,6,1,43.13672
ST-GCN,8,6,1,43.280663
ST-GCN,8,6,1,43.31537
ST-GCN,8,6,1,43.17268
ST-GCN,8,7,1,42.970985
ST-GCN,8,7,1,42.92891
ST-GCN,8,7,1,42.89489
ST-GCN,8,7,1,42.786167
ST-GCN,8,7,1,42.92372
ST-GCN,8,7,1,42.91212
ST-GCN,8,7,1,42.95161
ST-GCN,8,7,1,43.075497
ST-GCN,8,7,1,43.022667
ST-GCN,8,7,1,43.08648
ST-GCN,8,8,1,43.784447
ST-GCN,8,8,1,43.80923
ST-GCN,8,8,1,43.86572
ST-GCN,8,8,1,43.799793
ST-GCN,8,8,1,43.802326
ST-GCN,8,8,1,43.821186
ST-GCN,8,8,1,43.731274
ST-GCN,8,8,1,43.677483
ST-GCN,8,8,1,43.68598
ST-GCN,8,8,1,43.74333
ST-GCN,8,9,1,41.84552
ST-GCN,8,9,1,41.552616
ST-GCN,8,9,1,41.563683
ST-GCN,8,9,1,41.686584
ST-GCN,8,9,1,41.858807
ST-GCN,8,9,1,41.67833
ST-GCN,8,9,1,41.337963
ST-GCN,8,9,1,41.535034
ST-GCN,8,9,1,41.73674
ST-GCN,8,9,1,41.602196
ST-GCN,8,10,1,41.52107
ST-GCN,8,10,1,41.584538
ST-GCN,8,10,1,41.473984
ST-GCN,8,10,1,41.511295
ST-GCN,8,10,1,41.455284
ST-GCN,8,10,1,41.567585
ST-GCN,8,10,1,41.600357
ST-GCN,8,10,1,41.657764
ST-GCN,8,10,1,41.526905
ST-GCN,8,10,1,41.571484
ST-GCN,9,1,1,42.437542
ST-GCN,9,1,1,42.469334
ST-GCN,9,1,1,42.584457
ST-GCN,9,1,1,42.282173
ST-GCN,9,1,1,42.36443
ST-GCN,9,1,1,42.4628
ST-GCN,9,1,1,42.377037
ST-GCN,9,1,1,42.454315
ST-GCN,9,1,1,42.438694
ST-GCN,9,1,1,42.40836
ST-GCN,9,2,1,42.435165
ST-GCN,9,2,1,42.38966
ST-GCN,9,2,1,42.279465
ST-GCN,9,2,1,42.353634
ST-GCN,9,2,1,42.351784
ST-GCN,9,2,1,42.258945
ST-GCN,9,2,1,42.26721
ST-GCN,9,2,1,42.348915
ST-GCN,9,2,1,42.32496
ST-GCN,9,2,1,42.43975
ST-GCN,9,3,1,41.184204
ST-GCN,9,3,1,41.24297
ST-GCN,9,3,1,41.196117
ST-GCN,9,3,1,41.1743
ST-GCN,9,3,1,41.17784
ST-GCN,9,3,1,41.181507
ST-GCN,9,3,1,41.161366
ST-GCN,9,3,1,41.175655
ST-GCN,9,3,1,41.137497
ST-GCN,9,3,1,41.168926
ST-GCN,9,4,1,42.966377
ST-GCN,9,4,1,43.05262
ST-GCN,9,4,1,43.031395
ST-GCN,9,4,1,42.99464
ST-GCN,9,4,1,43.04891
ST-GCN,9,4,1,43.08918
ST-GCN,9,4,1,43.035267
ST-GCN,9,4,1,43.09689
ST-GCN,9,4,1,43.114273
ST-GCN,9,4,1,43.14252
ST-GCN,9,5,1,40.790096
ST-GCN,9,5,1,40.8039
ST-GCN,9,5,1,40.761475
ST-GCN,9,5,1,40.78309
ST-GCN,9,5,1,40.798523
ST-GCN,9,5,1,40.81958
ST-GCN,9,5,1,40.774895
ST-GCN,9,5,1,40.754528
ST-GCN,9,5,1,40.834526
ST-GCN,9,5,1,40.82
ST-GCN,9,6,1,44.052048
ST-GCN,9,6,1,44.065617
ST-GCN,9,6,1,44.05375
ST-GCN,9,6,1,44.078335
ST-GCN,9,6,1,44.08188
ST-GCN,9,6,1,44.08741
ST-GCN,9,6,1,44.095028
ST-GCN,9,6,1,44.075474
ST-GCN,9,6,1,44.03918
ST-GCN,9,6,1,44.040684
ST-GCN,9,7,1,43.20579
ST-GCN,9,7,1,43.38381
ST-GCN,9,7,1,43.48147
ST-GCN,9,7,1,43.46431
ST-GCN,9,7,1,43.465424
ST-GCN,9,7,1,43.494717
ST-GCN,9,7,1,43.507587
ST-GCN,9,7,1,43.52968
ST-GCN,9,7,1,43.521393
ST-GCN,9,7,1,43.54966
ST-GCN,9,8,1,43.365845
ST-GCN,9,8,1,43.38262
ST-GCN,9,8,1,43.41022
ST-GCN,9,8,1,43.43499
ST-GCN,9,8,1,43.399826
ST-GCN,9,8,1,43.445766
ST-GCN,9,8,1,43.469875
ST-GCN,9,8,1,43.46596
ST-GCN,9,8,1,43.54698
ST-GCN,9,8,1,43.503086
ST-GCN,9,9,1,43.471817
ST-GCN,9,9,1,43.529747
ST-GCN,9,9,1,43.550014
ST-GCN,9,9,1,43.564762
ST-GCN,9,9,1,43.581024
ST-GCN,9,9,1,43.54352
ST-GCN,9,9,1,43.5006
ST-GCN,9,9,1,43.547676
ST-GCN,9,9,1,43.530952
ST-GCN,9,9,1,43.540054
ST-GCN,9,10,1,42.30544
ST-GCN,9,10,1,42.335857
ST-GCN,9,10,1,42.340553
ST-GCN,9,10,1,42.432938
ST-GCN,9,10,1,42.438152
ST-GCN,9,10,1,42.399487
ST-GCN,9,10,1,42.415817
ST-GCN,9,10,1,42.434036
ST-GCN,9,10,1,42.395493
ST-GCN,9,10,1,42.416447
ST-GCN,10,1,1,42.282196
ST-GCN,10,1,1,42.200012
ST-GCN,10,1,1,42.10211
ST-GCN,10,1,1,42.057064
ST-GCN,10,1,1,41.990414
ST-GCN,10,1,1,42.00654
ST-GCN,10,1,1,41.981194
ST-GCN,10,1,1,42.039658
ST-GCN,10,1,1,41.96948
ST-GCN,10,1,1,42.040947
ST-GCN,10,2,1,42.46902
ST-GCN,10,2,1,42.352882
ST-GCN,10,2,1,42.365906
ST-GCN,10,2,1,42.301617
ST-GCN,10,2,1,42.311413
ST-GCN,10,2,1,42.34521
ST-GCN,10,2,1,42.309067
ST-GCN,10,2,1,42.279644
ST-GCN,10,2,1,42.33855
ST-GCN,10,2,1,42.383606
ST-GCN,10,3,1,41.326157
ST-GCN,10,3,1,41.209522
ST-GCN,10,3,1,41.198444
ST-GCN,10,3,1,41.208744
ST-GCN,10,3,1,41.23759
ST-GCN,10,3,1,41.18534
ST-GCN,10,3,1,41.207863
ST-GCN,10,3,1,41.269222
ST-GCN,10,3,1,41.310486
ST-GCN,10,3,1,41.28263
ST-GCN,10,4,1,42.58124
ST-GCN,10,4,1,42.641678
ST-GCN,10,4,1,42.625275
ST-GCN,10,4,1,42.54598
ST-GCN,10,4,1,42.577087
ST-GCN,10,4,1,42.54178
ST-GCN,10,4,1,42.58233
ST-GCN,10,4,1,42.53248
ST-GCN,10,4,1,42.575817
ST-GCN,10,4,1,42.556168
ST-GCN,10,5,1,40.607033
ST-GCN,10,5,1,40.59136
ST-GCN,10,5,1,40.58777
ST-GCN,10,5,1,40.614586
ST-GCN,10,5,1,40.588104
ST-GCN,10,5,1,40.617973
ST-GCN,10,5,1,40.597786
ST-GCN,10,5,1,40.6076
ST-GCN,10,5,1,40.611572
ST-GCN,10,5,1,40.621876
ST-GCN,10,6,1,43.909737
ST-GCN,10,6,1,43.895847
ST-GCN,10,6,1,43.91653
ST-GCN,10,6,1,43.894737
ST-GCN,10,6,1,43.85029
ST-GCN,10,6,1,43.913555
ST-GCN,10,6,1,43.95427
ST-GCN,10,6,1,43.938198
ST-GCN,10,6,1,43.92761
ST-GCN,10,6,1,43.926773
ST-GCN,10,7,1,43.03337
ST-GCN,10,7,1,43.039993
ST-GCN,10,7,1,43.127285
ST-GCN,10,7,1,43.109665
ST-GCN,10,7,1,43.168556
ST-GCN,10,7,1,43.13596
ST-GCN,10,7,1,43.115883
ST-GCN,10,7,1,43.141003
ST-GCN,10,7,1,43.16823
ST-GCN,10,7,1,43.095795
ST-GCN,10,8,1,43.169056
ST-GCN,10,8,1,43.218822
ST-GCN,10,8,1,43.1923
ST-GCN,10,8,1,43.276985
ST-GCN,10,8,1,43.174732
ST-GCN,10,8,1,43.226906
ST-GCN,10,8,1,43.214664
ST-GCN,10,8,1,43.2116
ST-GCN,10,8,1,43.17683
ST-GCN,10,8,1,43.212246
ST-GCN,10,9,1,42.707405
ST-GCN,10,9,1,42.776443
ST-GCN,10,9,1,42.81153
ST-GCN,10,9,1,42.74404
ST-GCN,10,9,1,42.765427
ST-GCN,10,9,1,42.756126
ST-GCN,10,9,1,42.790462
ST-GCN,10,9,1,42.801285
ST-GCN,10,9,1,42.778465
ST-GCN,10,9,1,42.77216
ST-GCN,10,10,1,42.676533
ST-GCN,10,10,1,42.622753
ST-GCN,10,10,1,42.609863
ST-GCN,10,10,1,42.542606
ST-GCN,10,10,1,42.521564
ST-GCN,10,10,1,42.50141
ST-GCN,10,10,1,42.56942
ST-GCN,10,10,1,42.495846
ST-GCN,10,10,1,42.54468
ST-GCN,10,10,1,42.509083
ST-GCN,1,1,0,42.95299
ST-GCN,1,1,0,43.22345
ST-GCN,1,1,0,43.083237
ST-GCN,1,1,0,43.089558
ST-GCN,1,1,0,43.118973
ST-GCN,1,1,0,42.98112
ST-GCN,1,1,0,43.047565
ST-GCN,1,1,0,42.94259
ST-GCN,1,1,0,43.04117
ST-GCN,1,1,0,43.07029
ST-GCN,1,2,0,42.03986
ST-GCN,1,2,0,42.54104
ST-GCN,1,2,0,42.51167
ST-GCN,1,2,0,42.52571
ST-GCN,1,2,0,42.408752
ST-GCN,1,2,0,42.328
ST-GCN,1,2,0,42.765675
ST-GCN,1,2,0,42.79381
ST-GCN,1,2,0,42.93924
ST-GCN,1,2,0,42.499413
ST-GCN,1,3,0,42.190147
ST-GCN,1,3,0,42.383213
ST-GCN,1,3,0,42.64412
ST-GCN,1,3,0,42.275497
ST-GCN,1,3,0,42.480057
ST-GCN,1,3,0,42.205944
ST-GCN,1,3,0,42.388245
ST-GCN,1,3,0,41.983734
ST-GCN,1,3,0,42.426456
ST-GCN,1,3,0,42.3864
ST-GCN,1,4,0,42.922123
ST-GCN,1,4,0,42.74063
ST-GCN,1,4,0,42.939304
ST-GCN,1,4,0,42.9115
ST-GCN,1,4,0,41.8978
ST-GCN,1,4,0,41.33229
ST-GCN,1,4,0,42.888206
ST-GCN,1,4,0,42.89888
ST-GCN,1,4,0,42.43848
ST-GCN,1,4,0,42.706745
ST-GCN,1,5,0,42.180386
ST-GCN,1,5,0,42.140125
ST-GCN,1,5,0,42.18133
ST-GCN,1,5,0,42.187256
ST-GCN,1,5,0,41.91351
ST-GCN,1,5,0,41.963184
ST-GCN,1,5,0,42.29847
ST-GCN,1,5,0,41.588867
ST-GCN,1,5,0,42.234238
ST-GCN,1,5,0,41.79187
ST-GCN,1,6,0,43.36148
ST-GCN,1,6,0,42.745567
ST-GCN,1,6,0,42.82635
ST-GCN,1,6,0,43.201244
ST-GCN,1,6,0,43.48882
ST-GCN,1,6,0,42.980774
ST-GCN,1,6,0,42.776794
ST-GCN,1,6,0,43.11124
ST-GCN,1,6,0,43.00351
ST-GCN,1,6,0,42.900375
ST-GCN,1,7,0,43.77418
ST-GCN,1,7,0,42.76701
ST-GCN,1,7,0,43.54528
ST-GCN,1,7,0,43.72406
ST-GCN,1,7,0,43.602436
ST-GCN,1,7,0,43.51758
ST-GCN,1,7,0,43.650265
ST-GCN,1,7,0,43.440582
ST-GCN,1,7,0,42.0078
ST-GCN,1,7,0,42.73256
ST-GCN,1,8,0,42.645367
ST-GCN,1,8,0,42.808903
ST-GCN,1,8,0,42.855267
ST-GCN,1,8,0,42.841366
ST-GCN,1,8,0,42.97312
ST-GCN,1,8,0,43.246445
ST-GCN,1,8,0,42.56812
ST-GCN,1,8,0,42.71285
ST-GCN,1,8,0,42.986748
ST-GCN,1,8,0,42.844357
ST-GCN,1,9,0,42.14891
ST-GCN,1,9,0,42.47224
ST-GCN,1,9,0,42.574253
ST-GCN,1,9,0,42.278606
ST-GCN,1,9,0,42.377605
ST-GCN,1,9,0,42.365696
ST-GCN,1,9,0,42.473194
ST-GCN,1,9,0,42.33217
ST-GCN,1,9,0,42.047535
ST-GCN,1,9,0,41.679955
ST-GCN,1,10,0,43.29795
ST-GCN,1,10,0,43.040863
ST-GCN,1,10,0,43.029854
ST-GCN,1,10,0,42.61353
ST-GCN,1,10,0,42.663517
ST-GCN,1,10,0,42.43217
ST-GCN,1,10,0,42.961754
ST-GCN,1,10,0,42.84986
ST-GCN,1,10,0,43.206146
ST-GCN,1,10,0,43.207924
ST-GCN,2,1,0,41.89263
ST-GCN,2,1,0,41.862915
ST-GCN,2,1,0,41.965576
ST-GCN,2,1,0,42.24808
ST-GCN,2,1,0,42.40327
ST-GCN,2,1,0,42.269794
ST-GCN,2,1,0,42.59851
ST-GCN,2,1,0,42.750828
ST-GCN,2,1,0,42.590942
ST-GCN,2,1,0,42.51011
ST-GCN,2,2,0,41.032505
ST-GCN,2,2,0,41.134247
ST-GCN,2,2,0,41.14551
ST-GCN,2,2,0,41.324577
ST-GCN,2,2,0,41.2831
ST-GCN,2,2,0,41.367905
ST-GCN,2,2,0,41.339035
ST-GCN,2,2,0,41.638653
ST-GCN,2,2,0,41.51466
ST-GCN,2,2,0,41.209618
ST-GCN,2,3,0,41.694824
ST-GCN,2,3,0,41.491234
ST-GCN,2,3,0,41.923496
ST-GCN,2,3,0,41.989765
ST-GCN,2,3,0,41.61948
ST-GCN,2,3,0,41.65312
ST-GCN,2,3,0,41.06927
ST-GCN,2,3,0,41.388973
ST-GCN,2,3,0,41.66608
ST-GCN,2,3,0,41.96804
ST-GCN,2,4,0,41.64316
ST-GCN,2,4,0,41.668064
ST-GCN,2,4,0,41.581432
ST-GCN,2,4,0,41.3812
ST-GCN,2,4,0,41.3264
ST-GCN,2,4,0,41.49651
ST-GCN,2,4,0,41.73363
ST-GCN,2,4,0,41.9249
ST-GCN,2,4,0,40.726692
ST-GCN,2,4,0,40.58397
ST-GCN,2,5,0,41.62154
ST-GCN,2,5,0,42.475883
ST-GCN,2,5,0,42.939026
ST-GCN,2,5,0,41.8625
ST-GCN,2,5,0,42.002872
ST-GCN,2,5,0,42.45017
ST-GCN,2,5,0,41.89712
ST-GCN,2,5,0,42.458736
ST-GCN,2,5,0,41.94752
ST-GCN,2,5,0,41.836357
ST-GCN,2,6,0,44.05982
ST-GCN,2,6,0,44.002663
ST-GCN,2,6,0,44.19144
ST-GCN,2,6,0,44.077076
ST-GCN,2,6,0,44.01449
ST-GCN,2,6,0,44.093075
ST-GCN,2,6,0,43.9083
ST-GCN,2,6,0,43.72206
ST-GCN,2,6,0,44.182083
ST-GCN,2,6,0,43.916203
ST-GCN,2,7,0,42.256763
ST-GCN,2,7,0,42.187458
ST-GCN,2,7,0,42.38575
ST-GCN,2,7,0,42.557133
ST-GCN,2,7,0,42.600784
ST-GCN,2,7,0,42.55898
ST-GCN,2,7,0,42.41293
ST-GCN,2,7,0,42.662315
ST-GCN,2,7,0,42.687428
ST-GCN,2,7,0,42.614532
ST-GCN,2,8,0,44.085896
ST-GCN,2,8,0,43.75226
ST-GCN,2,8,0,44.156086
ST-GCN,2,8,0,44.0788
ST-GCN,2,8,0,43.76601
ST-GCN,2,8,0,43.625717
ST-GCN,2,8,0,43.995155
ST-GCN,2,8,0,43.701057
ST-GCN,2,8,0,44.196274
ST-GCN,2,8,0,44.065468
ST-GCN,2,9,0,43.922928
ST-GCN,2,9,0,43.706863
ST-GCN,2,9,0,43.77057
ST-GCN,2,9,0,43.9359
ST-GCN,2,9,0,44.06471
ST-GCN,2,9,0,43.997646
ST-GCN,2,9,0,43.410133
ST-GCN,2,9,0,43.367043
ST-GCN,2,9,0,43.978897
ST-GCN,2,9,0,43.942585
ST-GCN,2,10,0,42.7885
ST-GCN,2,10,0,42.845684
ST-GCN,2,10,0,43.39404
ST-GCN,2,10,0,42.9751
ST-GCN,2,10,0,43.33061
ST-GCN,2,10,0,43.40625
ST-GCN,2,10,0,43.481647
ST-GCN,2,10,0,43.680992
ST-GCN,2,10,0,43.6839
ST-GCN,2,10,0,43.796627
ST-GCN,3,1,0,42.057667
ST-GCN,3,1,0,41.879665
ST-GCN,3,1,0,41.79098
ST-GCN,3,1,0,41.899673
ST-GCN,3,1,0,41.622856
ST-GCN,3,1,0,41.58489
ST-GCN,3,1,0,41.823742
ST-GCN,3,1,0,41.845978
ST-GCN,3,1,0,42.109028
ST-GCN,3,1,0,42.174694
ST-GCN,3,2,0,41.30689
ST-GCN,3,2,0,41.275032
ST-GCN,3,2,0,41.228867
ST-GCN,3,2,0,41.35631
ST-GCN,3,2,0,41.486057
ST-GCN,3,2,0,41.435703
ST-GCN,3,2,0,41.51919
ST-GCN,3,2,0,41.39486
ST-GCN,3,2,0,41.2263
ST-GCN,3,2,0,40.61544
ST-GCN,3,3,0,41.08126
ST-GCN,3,3,0,41.162918
ST-GCN,3,3,0,41.075226
ST-GCN,3,3,0,41.04593
ST-GCN,3,3,0,41.388462
ST-GCN,3,3,0,41.08593
ST-GCN,3,3,0,41.30013
ST-GCN,3,3,0,41.44338
ST-GCN,3,3,0,41.051468
ST-GCN,3,3,0,40.99915
ST-GCN,3,4,0,41.934177
ST-GCN,3,4,0,41.962208
ST-GCN,3,4,0,41.70992
ST-GCN,3,4,0,42.317097
ST-GCN,3,4,0,41.805237
ST-GCN,3,4,0,42.684208
ST-GCN,3,4,0,41.981327
ST-GCN,3,4,0,41.76713
ST-GCN,3,4,0,42.163105
ST-GCN,3,4,0,42.330322
ST-GCN,3,5,0,42.61851
ST-GCN,3,5,0,42.884186
ST-GCN,3,5,0,43.12001
ST-GCN,3,5,0,42.8409
ST-GCN,3,5,0,42.980423
ST-GCN,3,5,0,42.982224
ST-GCN,3,5,0,42.75668
ST-GCN,3,5,0,43.106243
ST-GCN,3,5,0,43.405884
ST-GCN,3,5,0,43.52603
ST-GCN,3,6,0,41.948444
ST-GCN,3,6,0,41.81398
ST-GCN,3,6,0,42.12568
ST-GCN,3,6,0,41.829807
ST-GCN,3,6,0,42.111828
ST-GCN,3,6,0,42.094055
ST-GCN,3,6,0,41.908123
ST-GCN,3,6,0,41.778297
ST-GCN,3,6,0,41.955902
ST-GCN,3,6,0,42.111637
ST-GCN,3,7,0,42.31127
ST-GCN,3,7,0,42.369896
ST-GCN,3,7,0,41.987427
ST-GCN,3,7,0,42.159996
ST-GCN,3,7,0,42.293827
ST-GCN,3,7,0,41.44468
ST-GCN,3,7,0,41.86731
ST-GCN,3,7,0,42.313843
ST-GCN,3,7,0,41.51768
ST-GCN,3,7,0,42.7913
ST-GCN,3,8,0,41.49037
ST-GCN,3,8,0,41.877083
ST-GCN,3,8,0,41.812874
ST-GCN,3,8,0,41.075745
ST-GCN,3,8,0,41.57344
ST-GCN,3,8,0,40.101906
ST-GCN,3,8,0,40.482685
ST-GCN,3,8,0,41.4424
ST-GCN,3,8,0,42.196316
ST-GCN,3,8,0,41.439884
ST-GCN,3,9,0,42.257298
ST-GCN,3,9,0,42.244583
ST-GCN,3,9,0,42.24774
ST-GCN,3,9,0,41.553936
ST-GCN,3,9,0,41.42885
ST-GCN,3,9,0,41.66774
ST-GCN,3,9,0,41.753334
ST-GCN,3,9,0,41.902218
ST-GCN,3,9,0,41.877716
ST-GCN,3,9,0,41.826504
ST-GCN,3,10,0,42.96213
ST-GCN,3,10,0,41.669456
ST-GCN,3,10,0,42.952988
ST-GCN,3,10,0,42.10309
ST-GCN,3,10,0,42.44669
ST-GCN,3,10,0,43.15409
ST-GCN,3,10,0,42.213547
ST-GCN,3,10,0,42.977604
ST-GCN,3,10,0,42.90701
ST-GCN,3,10,0,42.950653
ST-GCN,4,1,0,40.720024
ST-GCN,4,1,0,40.86646
ST-GCN,4,1,0,40.850834
ST-GCN,4,1,0,40.853065
ST-GCN,4,1,0,41.007393
ST-GCN,4,1,0,41.110153
ST-GCN,4,1,0,41.024803
ST-GCN,4,1,0,40.856876
ST-GCN,4,1,0,40.89509
ST-GCN,4,1,0,40.910557
ST-GCN,4,2,0,41.136086
ST-GCN,4,2,0,41.379177
ST-GCN,4,2,0,41.29688
ST-GCN,4,2,0,41.394577
ST-GCN,4,2,0,41.317577
ST-GCN,4,2,0,41.278778
ST-GCN,4,2,0,41.35427
ST-GCN,4,2,0,41.184765
ST-GCN,4,2,0,41.25061
ST-GCN,4,2,0,40.99999
ST-GCN,4,3,0,41.568214
ST-GCN,4,3,0,41.919025
ST-GCN,4,3,0,41.767036
ST-GCN,4,3,0,41.7286
ST-GCN,4,3,0,41.62165
ST-GCN,4,3,0,41.991993
ST-GCN,4,3,0,41.649754
ST-GCN,4,3,0,41.90008
ST-GCN,4,3,0,41.70292
ST-GCN,4,3,0,42.174816
ST-GCN,4,4,0,43.170486
ST-GCN,4,4,0,42.905674
ST-GCN,4,4,0,43.514744
ST-GCN,4,4,0,42.63763
ST-GCN,4,4,0,42.543446
ST-GCN,4,4,0,43.14873
ST-GCN,4,4,0,43.15783
ST-GCN,4,4,0,43.262608
ST-GCN,4,4,0,42.43709
ST-GCN,4,4,0,43.619965
ST-GCN,4,5,0,41.10617
ST-GCN,4,5,0,41.11057
ST-GCN,4,5,0,41.27479
ST-GCN,4,5,0,41.191208
ST-GCN,4,5,0,41.012764
ST-GCN,4,5,0,40.95742
ST-GCN,4,5,0,41.119495
ST-GCN,4,5,0,41.086765
ST-GCN,4,5,0,41.089943
ST-GCN,4,5,0,41.1307
ST-GCN,4,6,0,42.54276
ST-GCN,4,6,0,42.570827
ST-GCN,4,6,0,42.646137
ST-GCN,4,6,0,42.722626
ST-GCN,4,6,0,42.65494
ST-GCN,4,6,0,42.77801
ST-GCN,4,6,0,42.64129
ST-GCN,4,6,0,42.482307
ST-GCN,4,6,0,42.502716
ST-GCN,4,6,0,42.9413
ST-GCN,4,7,0,41.361893
ST-GCN,4,7,0,42.35
ST-GCN,4,7,0,42.277306
ST-GCN,4,7,0,41.77885
ST-GCN,4,7,0,42.314335
ST-GCN,4,7,0,40.112682
ST-GCN,4,7,0,39.84526
ST-GCN,4,7,0,40.08608
ST-GCN,4,7,0,39.98692
ST-GCN,4,7,0,40.776722
ST-GCN,4,8,0,40.705593
ST-GCN,4,8,0,40.732784
ST-GCN,4,8,0,40.905487
ST-GCN,4,8,0,40.9205
ST-GCN,4,8,0,40.910557
ST-GCN,4,8,0,41.405697
ST-GCN,4,8,0,40.977856
ST-GCN,4,8,0,40.87106
ST-GCN,4,8,0,40.908264
ST-GCN,4,8,0,40.758133
ST-GCN,4,9,0,42.85858
ST-GCN,4,9,0,43.092205
ST-GCN,4,9,0,42.987724
ST-GCN,4,9,0,42.644787
ST-GCN,4,9,0,42.450794
ST-GCN,4,9,0,42.372395
ST-GCN,4,9,0,42.426174
ST-GCN,4,9,0,42.875763
ST-GCN,4,9,0,43.08891
ST-GCN,4,9,0,42.838844
ST-GCN,4,10,0,42.717873
ST-GCN,4,10,0,42.496655
ST-GCN,4,10,0,42.465435
ST-GCN,4,10,0,42.623825
ST-GCN,4,10,0,42.506325
ST-GCN,4,10,0,42.59709
ST-GCN,4,10,0,42.347862
ST-GCN,4,10,0,42.351833
ST-GCN,4,10,0,41.994713
ST-GCN,4,10,0,41.967957
ST-GCN,5,1,0,43.057602
ST-GCN,5,1,0,42.99506
ST-GCN,5,1,0,43.04449
ST-GCN,5,1,0,42.93368
ST-GCN,5,1,0,42.967377
ST-GCN,5,1,0,42.94843
ST-GCN,5,1,0,42.991066
ST-GCN,5,1,0,42.915474
ST-GCN,5,1,0,42.94747
ST-GCN,5,1,0,42.957836
ST-GCN,5,2,0,42.26146
ST-GCN,5,2,0,42.347904
ST-GCN,5,2,0,42.31802
ST-GCN,5,2,0,42.23748
ST-GCN,5,2,0,42.207455
ST-GCN,5,2,0,42.39959
ST-GCN,5,2,0,42.316193
ST-GCN,5,2,0,42.010307
ST-GCN,5,2,0,42.517754
ST-GCN,5,2,0,42.253075
ST-GCN,5,3,0,42.586758
ST-GCN,5,3,0,42.702484
ST-GCN,5,3,0,42.547813
ST-GCN,5,3,0,42.427708
ST-GCN,5,3,0,42.61342
ST-GCN,5,3,0,42.545116
ST-GCN,5,3,0,42.43751
ST-GCN,5,3,0,42.76071
ST-GCN,5,3,0,42.37886
ST-GCN,5,3,0,42.51273
ST-GCN,5,4,0,42.819607
ST-GCN,5,4,0,42.31357
ST-GCN,5,4,0,42.703968
ST-GCN,5,4,0,42.86378
ST-GCN,5,4,0,42.72833
ST-GCN,5,4,0,42.48766
ST-GCN,5,4,0,42.66067
ST-GCN,5,4,0,42.93783
ST-GCN,5,4,0,42.440636
ST-GCN,5,4,0,42.65971
ST-GCN,5,5,0,42.33023
ST-GCN,5,5,0,42.154522
ST-GCN,5,5,0,42.349045
ST-GCN,5,5,0,42.566948
ST-GCN,5,5,0,42.42995
ST-GCN,5,5,0,42.198788
ST-GCN,5,5,0,42.399914
ST-GCN,5,5,0,42.572647
ST-GCN,5,5,0,42.58141
ST-GCN,5,5,0,42.203136
ST-GCN,5,6,0,43.310974
ST-GCN,5,6,0,43.28554
ST-GCN,5,6,0,43.397503
ST-GCN,5,6,0,43.21829
ST-GCN,5,6,0,43.228706
ST-GCN,5,6,0,43.404465
ST-GCN,5,6,0,43.50285
ST-GCN,5,6,0,43.44831
ST-GCN,5,6,0,43.42789
ST-GCN,5,6,0,43.33428
ST-GCN,5,7,0,43.34066
ST-GCN,5,7,0,43.218826
ST-GCN,5,7,0,43.266758
ST-GCN,5,7,0,43.25968
ST-GCN,5,7,0,43.221195
ST-GCN,5,7,0,43.209797
ST-GCN,5,7,0,43.19613
ST-GCN,5,7,0,43.149723
ST-GCN,5,7,0,43.17706
ST-GCN,5,7,0,43.122814
ST-GCN,5,8,0,42.953327
ST-GCN,5,8,0,42.879112
ST-GCN,5,8,0,42.98329
ST-GCN,5,8,0,43.083294
ST-GCN,5,8,0,42.758545
ST-GCN,5,8,0,42.79819
ST-GCN,5,8,0,42.786663
ST-GCN,5,8,0,42.711563
ST-GCN,5,8,0,42.431583
ST-GCN,5,8,0,42.948925
ST-GCN,5,9,0,43.092255
ST-GCN,5,9,0,42.968536
ST-GCN,5,9,0,43.248806
ST-GCN,5,9,0,43.255157
ST-GCN,5,9,0,42.954693
ST-GCN,5,9,0,43.050797
ST-GCN,5,9,0,43.024296
ST-GCN,5,9,0,42.86092
ST-GCN,5,9,0,42.667263
ST-GCN,5,9,0,42.77473
ST-GCN,5,10,0,40.463333
ST-GCN,5,10,0,41.335186
ST-GCN,5,10,0,41.40175
ST-GCN,5,10,0,41.276897
ST-GCN,5,10,0,41.21574
ST-GCN,5,10,0,41.77187
ST-GCN,5,10,0,41.530907
ST-GCN,5,10,0,41.069942
ST-GCN,5,10,0,42.193966
ST-GCN,5,10,0,41.77655
ST-GCN,6,1,0,43.38321
ST-GCN,6,1,0,43.50645
ST-GCN,6,1,0,43.440742
ST-GCN,6,1,0,43.34437
ST-GCN,6,1,0,43.477318
ST-GCN,6,1,0,43.29245
ST-GCN,6,1,0,43.223774
ST-GCN,6,1,0,43.016148
ST-GCN,6,1,0,43.220066
ST-GCN,6,1,0,42.757362
ST-GCN,6,2,0,41.4264
ST-GCN,6,2,0,41.244823
ST-GCN,6,2,0,41.220577
ST-GCN,6,2,0,41.91521
ST-GCN,6,2,0,41.882317
ST-GCN,6,2,0,42.014893
ST-GCN,6,2,0,42.117027
ST-GCN,6,2,0,41.56332
ST-GCN,6,2,0,41.465477
ST-GCN,6,2,0,41.23513
ST-GCN,6,3,0,42.67316
ST-GCN,6,3,0,42.35942
ST-GCN,6,3,0,41.716003
ST-GCN,6,3,0,41.476383
ST-GCN,6,3,0,42.439243
ST-GCN,6,3,0,41.9805
ST-GCN,6,3,0,42.42691
ST-GCN,6,3,0,41.81637
ST-GCN,6,3,0,42.676746
ST-GCN,6,3,0,41.28442
ST-GCN,6,4,0,42.24805
ST-GCN,6,4,0,42.209404
ST-GCN,6,4,0,42.34078
ST-GCN,6,4,0,42.161823
ST-GCN,6,4,0,41.816273
ST-GCN,6,4,0,41.75614
ST-GCN,6,4,0,42.561165
ST-GCN,6,4,0,42.78656
ST-GCN,6,4,0,42.28195
ST-GCN,6,4,0,41.990936
ST-GCN,6,5,0,41.12978
ST-GCN,6,5,0,40.596554
ST-GCN,6,5,0,41.125267
ST-GCN,6,5,0,40.70477
ST-GCN,6,5,0,41.482487
ST-GCN,6,5,0,40.971504
ST-GCN,6,5,0,41.391243
ST-GCN,6,5,0,40.721195
ST-GCN,6,5,0,40.96983
ST-GCN,6,5,0,40.66418
ST-GCN,6,6,0,44.188725
ST-GCN,6,6,0,44.186947
ST-GCN,6,6,0,43.94093
ST-GCN,6,6,0,44.14541
ST-GCN,6,6,0,44.023697
ST-GCN,6,6,0,43.791443
ST-GCN,6,6,0,43.808193
ST-GCN,6,6,0,44.06242
ST-GCN,6,6,0,43.562153
ST-GCN,6,6,0,44.361107
ST-GCN,6,7,0,42.851715
ST-GCN,6,7,0,42.6065
ST-GCN,6,7,0,42.625343
ST-GCN,6,7,0,42.445602
ST-GCN,6,7,0,42.842026
ST-GCN,6,7,0,42.788784
ST-GCN,6,7,0,43.26995
ST-GCN,6,7,0,43.227055
ST-GCN,6,7,0,43.350655
ST-GCN,6,7,0,43.224693
ST-GCN,6,8,0,42.874847
ST-GCN,6,8,0,43.093315
ST-GCN,6,8,0,43.25208
ST-GCN,6,8,0,43.27758
ST-GCN,6,8,0,43.057343
ST-GCN,6,8,0,43.495182
ST-GCN,6,8,0,43.33193
ST-GCN,6,8,0,43.452465
ST-GCN,6,8,0,42.933365
ST-GCN,6,8,0,42.5038
ST-GCN,6,9,0,43.909637
ST-GCN,6,9,0,43.859432
ST-GCN,6,9,0,43.929012
ST-GCN,6,9,0,44.02975
ST-GCN,6,9,0,43.9078
ST-GCN,6,9,0,43.71141
ST-GCN,6,9,0,43.080235
ST-GCN,6,9,0,43.17714
ST-GCN,6,9,0,43.583282
ST-GCN,6,9,0,43.783333
ST-GCN,6,10,0,43.09006
ST-GCN,6,10,0,43.73035
ST-GCN,6,10,0,43.53449
ST-GCN,6,10,0,43.71487
ST-GCN,6,10,0,43.510628
ST-GCN,6,10,0,43.35226
ST-GCN,6,10,0,43.612034
ST-GCN,6,10,0,43.128887
ST-GCN,6,10,0,42.72761
ST-GCN,6,10,0,43.196495
ST-GCN,7,1,0,41.776794
ST-GCN,7,1,0,41.905678
ST-GCN,7,1,0,41.796494
ST-GCN,7,1,0,41.82039
ST-GCN,7,1,0,41.89145
ST-GCN,7,1,0,41.961666
ST-GCN,7,1,0,41.78248
ST-GCN,7,1,0,41.653923
ST-GCN,7,1,0,41.657745
ST-GCN,7,1,0,41.55413
ST-GCN,7,2,0,41.046436
ST-GCN,7,2,0,40.927013
ST-GCN,7,2,0,41.013645
ST-GCN,7,2,0,41.129097
ST-GCN,7,2,0,41.16493
ST-GCN,7,2,0,41.27698
ST-GCN,7,2,0,41.201767
ST-GCN,7,2,0,41.22371
ST-GCN,7,2,0,41.332443
ST-GCN,7,2,0,41.39372
ST-GCN,7,3,0,41.391598
ST-GCN,7,3,0,41.277832
ST-GCN,7,3,0,41.313187
ST-GCN,7,3,0,41.248856
ST-GCN,7,3,0,41.289196
ST-GCN,7,3,0,41.248596
ST-GCN,7,3,0,41.245735
ST-GCN,7,3,0,41.172585
ST-GCN,7,3,0,41.166077
ST-GCN,7,3,0,41.1526
ST-GCN,7,4,0,42.093437
ST-GCN,7,4,0,42.308193
ST-GCN,7,4,0,42.406376
ST-GCN,7,4,0,42.655903
ST-GCN,7,4,0,42.03027
ST-GCN,7,4,0,43.490143
ST-GCN,7,4,0,42.121956
ST-GCN,7,4,0,42.51319
ST-GCN,7,4,0,42.586575
ST-GCN,7,4,0,42.334793
ST-GCN,7,5,0,40.54324
ST-GCN,7,5,0,40.590244
ST-GCN,7,5,0,40.638374
ST-GCN,7,5,0,40.458126
ST-GCN,7,5,0,40.662655
ST-GCN,7,5,0,40.590298
ST-GCN,7,5,0,40.60216
ST-GCN,7,5,0,40.554417
ST-GCN,7,5,0,40.491894
ST-GCN,7,5,0,40.658657
ST-GCN,7,6,0,43.789482
ST-GCN,7,6,0,43.80521
ST-GCN,7,6,0,43.796936
ST-GCN,7,6,0,43.729
ST-GCN,7,6,0,43.78297
ST-GCN,7,6,0,43.824863
ST-GCN,7,6,0,43.628624
ST-GCN,7,6,0,43.637623
ST-GCN,7,6,0,43.701477
ST-GCN,7,6,0,43.35443
ST-GCN,7,7,0,42.887394
ST-GCN,7,7,0,43.02978
ST-GCN,7,7,0,42.953293
ST-GCN,7,7,0,43.294136
ST-GCN,7,7,0,43.257164
ST-GCN,7,7,0,43.47165
ST-GCN,7,7,0,43.07907
ST-GCN,7,7,0,43.144936
ST-GCN,7,7,0,43.173286
ST-GCN,7,7,0,43.336227
ST-GCN,7,8,0,43.14312
ST-GCN,7,8,0,43.249523
ST-GCN,7,8,0,43.228977
ST-GCN,7,8,0,43.658146
ST-GCN,7,8,0,43.73201
ST-GCN,7,8,0,43.695255
ST-GCN,7,8,0,43.55254
ST-GCN,7,8,0,43.757366
ST-GCN,7,8,0,43.755474
ST-GCN,7,8,0,43.69864
ST-GCN,7,9,0,43.53558
ST-GCN,7,9,0,43.58717
ST-GCN,7,9,0,43.560738
ST-GCN,7,9,0,43.53812
ST-GCN,7,9,0,43.569233
ST-GCN,7,9,0,43.615894
ST-GCN,7,9,0,43.555984
ST-GCN,7,9,0,43.327316
ST-GCN,7,9,0,43.591473
ST-GCN,7,9,0,43.653675
ST-GCN,7,10,0,42.781414
ST-GCN,7,10,0,42.783215
ST-GCN,7,10,0,42.71948
ST-GCN,7,10,0,42.81265
ST-GCN,7,10,0,42.927208
ST-GCN,7,10,0,43.011013
ST-GCN,7,10,0,43.05318
ST-GCN,7,10,0,42.756947
ST-GCN,7,10,0,42.95406
ST-GCN,7,10,0,43.013035
ST-GCN,8,1,0,42.861366
ST-GCN,8,1,0,42.534737
ST-GCN,8,1,0,42.504395
ST-GCN,8,1,0,42.323193
ST-GCN,8,1,0,42.26135
ST-GCN,8,1,0,42.374275
ST-GCN,8,1,0,42.533375
ST-GCN,8,1,0,42.414215
ST-GCN,8,1,0,42.230495
ST-GCN,8,1,0,42.365665
ST-GCN,8,2,0,41.113827
ST-GCN,8,2,0,41.04409
ST-GCN,8,2,0,41.02778
ST-GCN,8,2,0,41.156837
ST-GCN,8,2,0,41.139423
ST-GCN,8,2,0,41.126015
ST-GCN,8,2,0,41.11792
ST-GCN,8,2,0,41.18379
ST-GCN,8,2,0,41.341362
ST-GCN,8,2,0,41.11187
ST-GCN,8,3,0,42.39032
ST-GCN,8,3,0,42.456394
ST-GCN,8,3,0,42.214836
ST-GCN,8,3,0,42.85988
ST-GCN,8,3,0,42.472645
ST-GCN,8,3,0,42.55369
ST-GCN,8,3,0,42.44539
ST-GCN,8,3,0,42.255768
ST-GCN,8,3,0,42.43084
ST-GCN,8,3,0,42.498245
ST-GCN,8,4,0,43.316017
ST-GCN,8,4,0,43.61906
ST-GCN,8,4,0,43.303642
ST-GCN,8,4,0,43.21823
ST-GCN,8,4,0,43.354454
ST-GCN,8,4,0,43.23678
ST-GCN,8,4,0,43.202595
ST-GCN,8,4,0,43.903706
ST-GCN,8,4,0,43.667095
ST-GCN,8,4,0,43.305244
ST-GCN,8,5,0,40.612446
ST-GCN,8,5,0,40.69047
ST-GCN,8,5,0,40.68692
ST-GCN,8,5,0,40.677265
ST-GCN,8,5,0,40.649693
ST-GCN,8,5,0,40.70894
ST-GCN,8,5,0,40.790554
ST-GCN,8,5,0,40.690372
ST-GCN,8,5,0,40.682392
ST-GCN,8,5,0,40.58935
ST-GCN,8,6,0,41.467285
ST-GCN,8,6,0,41.717304
ST-GCN,8,6,0,41.72618
ST-GCN,8,6,0,41.71619
ST-GCN,8,6,0,42.11837
ST-GCN,8,6,0,41.927948
ST-GCN,8,6,0,42.27553
ST-GCN,8,6,0,42.19202
ST-GCN,8,6,0,42.064137
ST-GCN,8,6,0,42.17678
ST-GCN,8,7,0,42.92502
ST-GCN,8,7,0,42.89619
ST-GCN,8,7,0,43.22912
ST-GCN,8,7,0,43.46981
ST-GCN,8,7,0,43.132412
ST-GCN,8,7,0,43.334236
ST-GCN,8,7,0,43.536503
ST-GCN,8,7,0,43.344303
ST-GCN,8,7,0,43.548145
ST-GCN,8,7,0,43.154366
ST-GCN,8,8,0,43.73394
ST-GCN,8,8,0,43.492428
ST-GCN,8,8,0,43.75219
ST-GCN,8,8,0,43.62082
ST-GCN,8,8,0,43.688854
ST-GCN,8,8,0,43.8195
ST-GCN,8,8,0,43.721527
ST-GCN,8,8,0,43.802654
ST-GCN,8,8,0,43.4754
ST-GCN,8,8,0,43.498543
ST-GCN,8,9,0,42.80829
ST-GCN,8,9,0,42.35647
ST-GCN,8,9,0,42.184837
ST-GCN,8,9,0,42.84943
ST-GCN,8,9,0,43.03139
ST-GCN,8,9,0,43.208805
ST-GCN,8,9,0,42.592445
ST-GCN,8,9,0,42.635803
ST-GCN,8,9,0,42.33382
ST-GCN,8,9,0,41.880833
ST-GCN,8,10,0,41.234066
ST-GCN,8,10,0,41.321953
ST-GCN,8,10,0,41.362976
ST-GCN,8,10,0,42.267635
ST-GCN,8,10,0,42.67031
ST-GCN,8,10,0,42.142044
ST-GCN,8,10,0,41.5191
ST-GCN,8,10,0,42.676617
ST-GCN,8,10,0,41.4019
ST-GCN,8,10,0,41.791405
ST-GCN,9,1,0,42.05241
ST-GCN,9,1,0,42.092995
ST-GCN,9,1,0,42.12887
ST-GCN,9,1,0,42.247658
ST-GCN,9,1,0,42.40515
ST-GCN,9,1,0,42.2197
ST-GCN,9,1,0,42.344112
ST-GCN,9,1,0,42.204308
ST-GCN,9,1,0,42.29695
ST-GCN,9,1,0,42.3317
ST-GCN,9,2,0,42.18779
ST-GCN,9,2,0,42.216362
ST-GCN,9,2,0,42.29639
ST-GCN,9,2,0,42.681225
ST-GCN,9,2,0,42.639286
ST-GCN,9,2,0,42.600826
ST-GCN,9,2,0,42.572742
ST-GCN,9,2,0,42.19709
ST-GCN,9,2,0,42.205727
ST-GCN,9,2,0,42.2363
ST-GCN,9,3,0,41.237434
ST-GCN,9,3,0,41.24463
ST-GCN,9,3,0,41.177723
ST-GCN,9,3,0,41.09669
ST-GCN,9,3,0,41.03001
ST-GCN,9,3,0,41.155857
ST-GCN,9,3,0,41.19073
ST-GCN,9,3,0,41.261806
ST-GCN,9,3,0,41.16884
ST-GCN,9,3,0,41.182705
ST-GCN,9,4,0,42.74967
ST-GCN,9,4,0,42.9467
ST-GCN,9,4,0,43.105267
ST-GCN,9,4,0,43.081844
ST-GCN,9,4,0,43.03861
ST-GCN,9,4,0,42.888412
ST-GCN,9,4,0,43.301506
ST-GCN,9,4,0,42.967426
ST-GCN,9,4,0,42.938522
ST-GCN,9,4,0,42.96975
ST-GCN,9,5,0,40.81956
ST-GCN,9,5,0,40.825756
ST-GCN,9,5,0,40.96165
ST-GCN,9,5,0,40.833797
ST-GCN,9,5,0,40.741653
ST-GCN,9,5,0,40.77984
ST-GCN,9,5,0,40.74253
ST-GCN,9,5,0,40.883537
ST-GCN,9,5,0,41.04189
ST-GCN,9,5,0,40.789734
ST-GCN,9,6,0,44.083923
ST-GCN,9,6,0,44.05803
ST-GCN,9,6,0,44.05779
ST-GCN,9,6,0,44.085392
ST-GCN,9,6,0,44.086563
ST-GCN,9,6,0,44.048035
ST-GCN,9,6,0,43.99849
ST-GCN,9,6,0,43.931606
ST-GCN,9,6,0,44.015392
ST-GCN,9,6,0,43.992607
ST-GCN,9,7,0,43.501183
ST-GCN,9,7,0,43.527866
ST-GCN,9,7,0,43.515392
ST-GCN,9,7,0,43.601715
ST-GCN,9,7,0,43.596523
ST-GCN,9,7,0,43.55213
ST-GCN,9,7,0,43.64139
ST-GCN,9,7,0,43.684578
ST-GCN,9,7,0,43.778793
ST-GCN,9,7,0,43.60713
ST-GCN,9,8,0,43.237495
ST-GCN,9,8,0,43.170055
ST-GCN,9,8,0,43.178608
ST-GCN,9,8,0,43.250256
ST-GCN,9,8,0,43.211468
ST-GCN,9,8,0,43.41255
ST-GCN,9,8,0,43.2181
ST-GCN,9,8,0,43.306686
ST-GCN,9,8,0,43.706062
ST-GCN,9,8,0,43.190403
ST-GCN,9,9,0,43.29284
ST-GCN,9,9,0,43.27513
ST-GCN,9,9,0,43.39643
ST-GCN,9,9,0,43.487175
ST-GCN,9,9,0,43.431362
ST-GCN,9,9,0,43.33878
ST-GCN,9,9,0,43.187412
ST-GCN,9,9,0,43.18759
ST-GCN,9,9,0,43.21664
ST-GCN,9,9,0,43.156605
ST-GCN,9,10,0,42.64047
ST-GCN,9,10,0,42.61408
ST-GCN,9,10,0,42.94533
ST-GCN,9,10,0,43.14143
ST-GCN,9,10,0,43.21108
ST-GCN,9,10,0,43.038857
ST-GCN,9,10,0,42.98942
ST-GCN,9,10,0,42.866085
ST-GCN,9,10,0,42.805595
ST-GCN,9,10,0,43.062294
ST-GCN,10,1,0,42.16004
ST-GCN,10,1,0,42.174526
ST-GCN,10,1,0,42.195972
ST-GCN,10,1,0,42.16664
ST-GCN,10,1,0,42.25409
ST-GCN,10,1,0,42.18038
ST-GCN,10,1,0,42.40677
ST-GCN,10,1,0,42.524635
ST-GCN,10,1,0,42.488068
ST-GCN,10,1,0,42.263515
ST-GCN,10,2,0,42.803757
ST-GCN,10,2,0,42.790707
ST-GCN,10,2,0,42.76859
ST-GCN,10,2,0,42.761772
ST-GCN,10,2,0,42.82723
ST-GCN,10,2,0,42.919033
ST-GCN,10,2,0,42.495983
ST-GCN,10,2,0,42.855637
ST-GCN,10,2,0,42.82936
ST-GCN,10,2,0,42.883217
ST-GCN,10,3,0,41.467728
ST-GCN,10,3,0,41.359222
ST-GCN,10,3,0,41.414562
ST-GCN,10,3,0,41.40638
ST-GCN,10,3,0,41.6476
ST-GCN,10,3,0,41.321404
ST-GCN,10,3,0,41.047195
ST-GCN,10,3,0,41.12372
ST-GCN,10,3,0,41.20378
ST-GCN,10,3,0,41.205856
ST-GCN,10,4,0,42.68083
ST-GCN,10,4,0,42.578403
ST-GCN,10,4,0,42.58321
ST-GCN,10,4,0,42.705994
ST-GCN,10,4,0,42.839203
ST-GCN,10,4,0,43.118973
ST-GCN,10,4,0,42.98384
ST-GCN,10,4,0,43.074425
ST-GCN,10,4,0,43.29231
ST-GCN,10,4,0,43.334454
ST-GCN,10,5,0,40.754955
ST-GCN,10,5,0,41.264835
ST-GCN,10,5,0,41.106075
ST-GCN,10,5,0,40.726658
ST-GCN,10,5,0,40.990547
ST-GCN,10,5,0,41.33084
ST-GCN,10,5,0,42.00689
ST-GCN,10,5,0,41.068455
ST-GCN,10,5,0,41.164326
ST-GCN,10,5,0,41.47923
ST-GCN,10,6,0,43.90976
ST-GCN,10,6,0,43.94821
ST-GCN,10,6,0,43.975258
ST-GCN,10,6,0,43.975773
ST-GCN,10,6,0,43.97345
ST-GCN,10,6,0,44.05114
ST-GCN,10,6,0,44.06066
ST-GCN,10,6,0,44.03972
ST-GCN,10,6,0,44.040867
ST-GCN,10,6,0,44.055584
ST-GCN,10,7,0,43.041515
ST-GCN,10,7,0,43.0413
ST-GCN,10,7,0,43.089657
ST-GCN,10,7,0,43.169537
ST-GCN,10,7,0,43.16186
ST-GCN,10,7,0,43.304695
ST-GCN,10,7,0,43.389744
ST-GCN,10,7,0,43.357998
ST-GCN,10,7,0,43.21499
ST-GCN,10,7,0,43.411366
ST-GCN,10,8,0,43.09408
ST-GCN,10,8,0,43.22302
ST-GCN,10,8,0,43.163155
ST-GCN,10,8,0,43.386223
ST-GCN,10,8,0,43.362602
ST-GCN,10,8,0,43.589527
ST-GCN,10,8,0,43.359146
ST-GCN,10,8,0,43.275658
ST-GCN,10,8,0,43.78423
ST-GCN,10,8,0,43.439407
ST-GCN,10,9,0,42.47547
ST-GCN,10,9,0,42.46073
ST-GCN,10,9,0,42.456104
ST-GCN,10,9,0,42.527657
ST-GCN,10,9,0,42.622417
ST-GCN,10,9,0,42.527092
ST-GCN,10,9,0,42.76727
ST-GCN,10,9,0,42.475113
ST-GCN,10,9,0,42.48382
ST-GCN,10,9,0,42.771957
ST-GCN,10,10,0,42.687584
ST-GCN,10,10,0,42.730972
ST-GCN,10,10,0,42.733128
ST-GCN,10,10,0,42.735783
ST-GCN,10,10,0,43.16281
ST-GCN,10,10,0,43.360886
ST-GCN,10,10,0,43.209255
ST-GCN,10,10,0,42.87903
ST-GCN,10,10,0,43.264366
ST-GCN,10,10,0,42.80958
GraphTransformer,1,1,1,41.38893
GraphTransformer,1,1,1,41.378838
GraphTransformer,1,1,1,41.38315
GraphTransformer,1,1,1,41.38602
GraphTransformer,1,1,1,41.383385
GraphTransformer,1,1,1,41.390816
GraphTransformer,1,1,1,41.38801
GraphTransformer,1,1,1,41.38752
GraphTransformer,1,1,1,41.38701
GraphTransformer,1,1,1,41.380287
GraphTransformer,1,2,1,41.40065
GraphTransformer,1,2,1,41.40006
GraphTransformer,1,2,1,41.401253
GraphTransformer,1,2,1,41.405163
GraphTransformer,1,2,1,41.403633
GraphTransformer,1,2,1,41.40474
GraphTransformer,1,2,1,41.40416
GraphTransformer,1,2,1,41.40066
GraphTransformer,1,2,1,41.40374
GraphTransformer,1,2,1,41.404236
GraphTransformer,1,3,1,41.40732
GraphTransformer,1,3,1,41.40912
GraphTransformer,1,3,1,41.408726
GraphTransformer,1,3,1,41.409832
GraphTransformer,1,3,1,41.412907
GraphTransformer,1,3,1,41.409233
GraphTransformer,1,3,1,41.408245
GraphTransformer,1,3,1,41.41066
GraphTransformer,1,3,1,41.40788
GraphTransformer,1,3,1,41.41638
GraphTransformer,1,4,1,41.43419
GraphTransformer,1,4,1,41.438854
GraphTransformer,1,4,1,41.437424
GraphTransformer,1,4,1,41.43774
GraphTransformer,1,4,1,41.4344
GraphTransformer,1,4,1,41.430855
GraphTransformer,1,4,1,41.43037
GraphTransformer,1,4,1,41.433483
GraphTransformer,1,4,1,41.434048
GraphTransformer,1,4,1,41.429832
GraphTransformer,1,5,1,41.43091
GraphTransformer,1,5,1,41.440186
GraphTransformer,1,5,1,41.43443
GraphTransformer,1,5,1,41.439426
GraphTransformer,1,5,1,41.436405
GraphTransformer,1,5,1,41.437977
GraphTransformer,1,5,1,41.4394
GraphTransformer,1,5,1,41.437412
GraphTransformer,1,5,1,41.44179
GraphTransformer,1,5,1,41.438267
GraphTransformer,1,6,1,41.392963
GraphTransformer,1,6,1,41.415615
GraphTransformer,1,6,1,41.413155
GraphTransformer,1,6,1,41.415943
GraphTransformer,1,6,1,41.408806
GraphTransformer,1,6,1,41.41597
GraphTransformer,1,6,1,41.410645
GraphTransformer,1,6,1,41.410805
GraphTransformer,1,6,1,41.40158
GraphTransformer,1,6,1,41.419712
GraphTransformer,1,7,1,41.396435
GraphTransformer,1,7,1,41.39931
GraphTransformer,1,7,1,41.396435
GraphTransformer,1,7,1,41.393436
GraphTransformer,1,7,1,41.396282
GraphTransformer,1,7,1,41.39555
GraphTransformer,1,7,1,41.398575
GraphTransformer,1,7,1,41.40036
GraphTransformer,1,7,1,41.396263
GraphTransformer,1,7,1,41.398697
GraphTransformer,1,8,1,41.400177
GraphTransformer,1,8,1,41.397457
GraphTransformer,1,8,1,41.4146
GraphTransformer,1,8,1,41.40469
GraphTransformer,1,8,1,41.406666
GraphTransformer,1,8,1,41.405327
GraphTransformer,1,8,1,41.406197
GraphTransformer,1,8,1,41.40809
GraphTransformer,1,8,1,41.40032
GraphTransformer,1,8,1,41.40138
GraphTransformer,1,9,1,41.386017
GraphTransformer,1,9,1,41.391106
GraphTransformer,1,9,1,41.385315
GraphTransformer,1,9,1,41.391235
GraphTransformer,1,9,1,41.39414
GraphTransformer,1,9,1,41.39339
GraphTransformer,1,9,1,41.39477
GraphTransformer,1,9,1,41.393013
GraphTransformer,1,9,1,41.388935
GraphTransformer,1,9,1,41.38575
GraphTransformer,1,10,1,41.407326
GraphTransformer,1,10,1,41.408295
GraphTransformer,1,10,1,41.40468
GraphTransformer,1,10,1,41.4032
GraphTransformer,1,10,1,41.401512
GraphTransformer,1,10,1,41.407635
GraphTransformer,1,10,1,41.40929
GraphTransformer,1,10,1,41.41007
GraphTransformer,1,10,1,41.4075
GraphTransformer,1,10,1,41.406002
GraphTransformer,2,1,1,41.384857
GraphTransformer,2,1,1,41.384274
GraphTransformer,2,1,1,41.378048
GraphTransformer,2,1,1,41.382057
GraphTransformer,2,1,1,41.3801
GraphTransformer,2,1,1,41.382553
GraphTransformer,2,1,1,41.37626
GraphTransformer,2,1,1,41.372524
GraphTransformer,2,1,1,41.374187
GraphTransformer,2,1,1,41.377277
GraphTransformer,2,2,1,41.38403
GraphTransformer,2,2,1,41.388016
GraphTransformer,2,2,1,41.38803
GraphTransformer,2,2,1,41.38062
GraphTransformer,2,2,1,41.386208
GraphTransformer,2,2,1,41.388313
GraphTransformer,2,2,1,41.384487
GraphTransformer,2,2,1,41.386303
GraphTransformer,2,2,1,41.386322
GraphTransformer,2,2,1,41.39115
GraphTransformer,2,3,1,41.393894
GraphTransformer,2,3,1,41.39208
GraphTransformer,2,3,1,41.39959
GraphTransformer,2,3,1,41.397846
GraphTransformer,2,3,1,41.392677
GraphTransformer,2,3,1,41.394012
GraphTransformer,2,3,1,41.39413
GraphTransformer,2,3,1,41.39758
GraphTransformer,2,3,1,41.396957
GraphTransformer,2,3,1,41.395493
GraphTransformer,2,4,1,41.403946
GraphTransformer,2,4,1,41.40341
GraphTransformer,2,4,1,41.40142
GraphTransformer,2,4,1,41.40243
GraphTransformer,2,4,1,41.401936
GraphTransformer,2,4,1,41.40293
GraphTransformer,2,4,1,41.402706
GraphTransformer,2,4,1,41.400074
GraphTransformer,2,4,1,41.40293
GraphTransformer,2,4,1,41.40178
GraphTransformer,2,5,1,41.409924
GraphTransformer,2,5,1,41.415848
GraphTransformer,2,5,1,41.42073
GraphTransformer,2,5,1,41.41929
GraphTransformer,2,5,1,41.41608
GraphTransformer,2,5,1,41.41414
GraphTransformer,2,5,1,41.412693
GraphTransformer,2,5,1,41.41219
GraphTransformer,2,5,1,41.41384
GraphTransformer,2,5,1,41.414623
GraphTransformer,2,6,1,41.36362
GraphTransformer,2,6,1,41.36256
GraphTransformer,2,6,1,41.362812
GraphTransformer,2,6,1,41.361588
GraphTransformer,2,6,1,41.358894
GraphTransformer,2,6,1,41.35716
GraphTransformer,2,6,1,41.35188
GraphTransformer,2,6,1,41.363663
GraphTransformer,2,6,1,41.35378
GraphTransformer,2,6,1,41.355988
GraphTransformer,2,7,1,41.36112
GraphTransformer,2,7,1,41.35747
GraphTransformer,2,7,1,41.361584
GraphTransformer,2,7,1,41.36488
GraphTransformer,2,7,1,41.36809
GraphTransformer,2,7,1,41.365063
GraphTransformer,2,7,1,41.363056
GraphTransformer,2,7,1,41.364033
GraphTransformer,2,7,1,41.36327
GraphTransformer,2,7,1,41.364784
GraphTransformer,2,8,1,41.377872
GraphTransformer,2,8,1,41.37931
GraphTransformer,2,8,1,41.379646
GraphTransformer,2,8,1,41.37828
GraphTransformer,2,8,1,41.375072
GraphTransformer,2,8,1,41.372517
GraphTransformer,2,8,1,41.372215
GraphTransformer,2,8,1,41.37622
GraphTransformer,2,8,1,41.37644
GraphTransformer,2,8,1,41.373974
GraphTransformer,2,9,1,41.36233
GraphTransformer,2,9,1,41.36311
GraphTransformer,2,9,1,41.36516
GraphTransformer,2,9,1,41.368618
GraphTransformer,2,9,1,41.36544
GraphTransformer,2,9,1,41.366158
GraphTransformer,2,9,1,41.36648
GraphTransformer,2,9,1,41.366943
GraphTransformer,2,9,1,41.365063
GraphTransformer,2,9,1,41.368908
GraphTransformer,2,10,1,41.37072
GraphTransformer,2,10,1,41.370865
GraphTransformer,2,10,1,41.36933
GraphTransformer,2,10,1,41.36939
GraphTransformer,2,10,1,41.37329
GraphTransformer,2,10,1,41.37297
GraphTransformer,2,10,1,41.376133
GraphTransformer,2,10,1,41.37996
GraphTransformer,2,10,1,41.37574
GraphTransformer,2,10,1,41.371086
GraphTransformer,3,1,1,41.355186
GraphTransformer,3,1,1,41.356926
GraphTransformer,3,1,1,41.445305
GraphTransformer,3,1,1,41.447975
GraphTransformer,3,1,1,41.454815
GraphTransformer,3,1,1,41.453133
GraphTransformer,3,1,1,41.39919
GraphTransformer,3,1,1,41.398586
GraphTransformer,3,1,1,41.366592
GraphTransformer,3,1,1,41.356853
GraphTransformer,3,2,1,41.36531
GraphTransformer,3,2,1,41.37101
GraphTransformer,3,2,1,41.38274
GraphTransformer,3,2,1,41.384933
GraphTransformer,3,2,1,41.38709
GraphTransformer,3,2,1,41.390305
GraphTransformer,3,2,1,41.388588
GraphTransformer,3,2,1,41.388042
GraphTransformer,3,2,1,41.386475
GraphTransformer,3,2,1,41.38311
GraphTransformer,3,3,1,41.329575
GraphTransformer,3,3,1,41.33335
GraphTransformer,3,3,1,41.33398
GraphTransformer,3,3,1,41.331707
GraphTransformer,3,3,1,41.33941
GraphTransformer,3,3,1,41.34147
GraphTransformer,3,3,1,41.347607
GraphTransformer,3,3,1,41.34772
GraphTransformer,3,3,1,41.34294
GraphTransformer,3,3,1,41.3474
GraphTransformer,3,4,1,41.37597
GraphTransformer,3,4,1,41.372784
GraphTransformer,3,4,1,41.361794
GraphTransformer,3,4,1,41.367348
GraphTransformer,3,4,1,41.362442
GraphTransformer,3,4,1,41.36158
GraphTransformer,3,4,1,41.396595
GraphTransformer,3,4,1,41.36789
GraphTransformer,3,4,1,41.36413
GraphTransformer,3,4,1,41.356556
GraphTransformer,3,5,1,41.387077
GraphTransformer,3,5,1,41.388783
GraphTransformer,3,5,1,41.39038
GraphTransformer,3,5,1,41.408062
GraphTransformer,3,5,1,41.390656
GraphTransformer,3,5,1,41.402447
GraphTransformer,3,5,1,41.474564
GraphTransformer,3,5,1,41.454514
GraphTransformer,3,5,1,41.465576
GraphTransformer,3,5,1,41.462387
GraphTransformer,3,6,1,41.307034
GraphTransformer,3,6,1,41.30006
GraphTransformer,3,6,1,41.29516
GraphTransformer,3,6,1,41.304462
GraphTransformer,3,6,1,41.299038
GraphTransformer,3,6,1,41.304752
GraphTransformer,3,6,1,41.29656
GraphTransformer,3,6,1,41.300255
GraphTransformer,3,6,1,41.30201
GraphTransformer,3,6,1,41.304543
GraphTransformer,3,7,1,41.452953
GraphTransformer,3,7,1,41.44029
GraphTransformer,3,7,1,41.443752
GraphTransformer,3,7,1,41.412773
GraphTransformer,3,7,1,41.411022
GraphTransformer,3,7,1,41.417316
GraphTransformer,3,7,1,41.434734
GraphTransformer,3,7,1,41.435787
GraphTransformer,3,7,1,41.374252
GraphTransformer,3,7,1,41.390926
GraphTransformer,3,8,1,41.352894
GraphTransformer,3,8,1,41.3597
GraphTransformer,3,8,1,41.359753
GraphTransformer,3,8,1,41.355392
GraphTransformer,3,8,1,41.358532
GraphTransformer,3,8,1,41.364227
GraphTransformer,3,8,1,41.358498
GraphTransformer,3,8,1,41.363316
GraphTransformer,3,8,1,41.35398
GraphTransformer,3,8,1,41.362614
GraphTransformer,3,9,1,41.274982
GraphTransformer,3,9,1,41.276363
GraphTransformer,3,9,1,41.278008
GraphTransformer,3,9,1,41.27693
GraphTransformer,3,9,1,41.275963
GraphTransformer,3,9,1,41.27379
GraphTransformer,3,9,1,41.275566
GraphTransformer,3,9,1,41.272488
GraphTransformer,3,9,1,41.269318
GraphTransformer,3,9,1,41.283737
GraphTransformer,3,10,1,41.379726
GraphTransformer,3,10,1,41.376152
GraphTransformer,3,10,1,41.38072
GraphTransformer,3,10,1,41.378216
GraphTransformer,3,10,1,41.381233
GraphTransformer,3,10,1,41.374943
GraphTransformer,3,10,1,41.38287
GraphTransformer,3,10,1,41.380627
GraphTransformer,3,10,1,41.37636
GraphTransformer,3,10,1,41.381496
GraphTransformer,4,1,1,41.360935
GraphTransformer,4,1,1,41.354065
GraphTransformer,4,1,1,41.35926
GraphTransformer,4,1,1,41.357605
GraphTransformer,4,1,1,41.3583
GraphTransformer,4,1,1,41.36221
GraphTransformer,4,1,1,41.357414
GraphTransformer,4,1,1,41.355698
GraphTransformer,4,1,1,41.3579
GraphTransformer,4,1,1,41.358242
GraphTransformer,4,2,1,41.370197
GraphTransformer,4,2,1,41.37194
GraphTransformer,4,2,1,41.36848
GraphTransformer,4,2,1,41.37345
GraphTransformer,4,2,1,41.375763
GraphTransformer,4,2,1,41.377884
GraphTransformer,4,2,1,41.375214
GraphTransformer,4,2,1,41.373344
GraphTransformer,4,2,1,41.37159
GraphTransformer,4,2,1,41.366688
GraphTransformer,4,3,1,41.38559
GraphTransformer,4,3,1,41.38644
GraphTransformer,4,3,1,41.387905
GraphTransformer,4,3,1,41.3893
GraphTransformer,4,3,1,41.38694
GraphTransformer,4,3,1,41.386517
GraphTransformer,4,3,1,41.386047
GraphTransformer,4,3,1,41.385952
GraphTransformer,4,3,1,41.38458
GraphTransformer,4,3,1,41.382824
GraphTransformer,4,4,1,41.40021
GraphTransformer,4,4,1,41.40338
GraphTransformer,4,4,1,41.402187
GraphTransformer,4,4,1,41.405216
GraphTransformer,4,4,1,41.404827
GraphTransformer,4,4,1,41.40451
GraphTransformer,4,4,1,41.403236
GraphTransformer,4,4,1,41.4077
GraphTransformer,4,4,1,41.406017
GraphTransformer,4,4,1,41.393322
GraphTransformer,4,5,1,41.396145
GraphTransformer,4,5,1,41.414913
GraphTransformer,4,5,1,41.409492
GraphTransformer,4,5,1,41.407825
GraphTransformer,4,5,1,41.412422
GraphTransformer,4,5,1,41.409687
GraphTransformer,4,5,1,41.408756
GraphTransformer,4,5,1,41.40919
GraphTransformer,4,5,1,41.407032
GraphTransformer,4,5,1,41.41449
GraphTransformer,4,6,1,41.351933
GraphTransformer,4,6,1,41.35314
GraphTransformer,4,6,1,41.34822
GraphTransformer,4,6,1,41.34642
GraphTransformer,4,6,1,41.34278
GraphTransformer,4,6,1,41.342342
GraphTransformer,4,6,1,41.340614
GraphTransformer,4,6,1,41.34522
GraphTransformer,4,6,1,41.352734
GraphTransformer,4,6,1,41.352783
GraphTransformer,4,7,1,41.392544
GraphTransformer,4,7,1,41.389828
GraphTransformer,4,7,1,41.39383
GraphTransformer,4,7,1,41.38832
GraphTransformer,4,7,1,41.397423
GraphTransformer,4,7,1,41.398815
GraphTransformer,4,7,1,41.399128
GraphTransformer,4,7,1,41.394444
GraphTransformer,4,7,1,41.393448
GraphTransformer,4,7,1,41.389717
GraphTransformer,4,8,1,41.330433
GraphTransformer,4,8,1,41.33205
GraphTransformer,4,8,1,41.334118
GraphTransformer,4,8,1,41.33225
GraphTransformer,4,8,1,41.33068
GraphTransformer,4,8,1,41.327766
GraphTransformer,4,8,1,41.332493
GraphTransformer,4,8,1,41.328667
GraphTransformer,4,8,1,41.326096
GraphTransformer,4,8,1,41.324947
GraphTransformer,4,9,1,41.364647
GraphTransformer,4,9,1,41.368492
GraphTransformer,4,9,1,41.365677
GraphTransformer,4,9,1,41.36728
GraphTransformer,4,9,1,41.367527
GraphTransformer,4,9,1,41.368744
GraphTransformer,4,9,1,41.369595
GraphTransformer,4,9,1,41.367058
GraphTransformer,4,9,1,41.36812
GraphTransformer,4,9,1,41.3709
GraphTransformer,4,10,1,41.402298
GraphTransformer,4,10,1,41.402912
GraphTransformer,4,10,1,41.407112
GraphTransformer,4,10,1,41.404137
GraphTransformer,4,10,1,41.405674
GraphTransformer,4,10,1,41.403076
GraphTransformer,4,10,1,41.402103
GraphTransformer,4,10,1,41.40387
GraphTransformer,4,10,1,41.400223
GraphTransformer,4,10,1,41.400066
GraphTransformer,5,1,1,41.403217
GraphTransformer,5,1,1,41.409935
GraphTransformer,5,1,1,41.400383
GraphTransformer,5,1,1,41.393757
GraphTransformer,5,1,1,41.392612
GraphTransformer,5,1,1,41.388546
GraphTransformer,5,1,1,41.394505
GraphTransformer,5,1,1,41.397835
GraphTransformer,5,1,1,41.386246
GraphTransformer,5,1,1,41.39241
GraphTransformer,5,2,1,41.41802
GraphTransformer,5,2,1,41.42052
GraphTransformer,5,2,1,41.414726
GraphTransformer,5,2,1,41.42314
GraphTransformer,5,2,1,41.415684
GraphTransformer,5,2,1,41.4177
GraphTransformer,5,2,1,41.412548
GraphTransformer,5,2,1,41.415936
GraphTransformer,5,2,1,41.413902
GraphTransformer,5,2,1,41.417374
GraphTransformer,5,3,1,41.396137
GraphTransformer,5,3,1,41.398647
GraphTransformer,5,3,1,41.401234
GraphTransformer,5,3,1,41.40013
GraphTransformer,5,3,1,41.399452
GraphTransformer,5,3,1,41.397095
GraphTransformer,5,3,1,41.397545
GraphTransformer,5,3,1,41.394623
GraphTransformer,5,3,1,41.396904
GraphTransformer,5,3,1,41.401245
GraphTransformer,5,4,1,41.399284
GraphTransformer,5,4,1,41.39223
GraphTransformer,5,4,1,41.395565
GraphTransformer,5,4,1,41.39737
GraphTransformer,5,4,1,41.396957
GraphTransformer,5,4,1,41.39432
GraphTransformer,5,4,1,41.395374
GraphTransformer,5,4,1,41.392723
GraphTransformer,5,4,1,41.392784
GraphTransformer,5,4,1,41.387985
GraphTransformer,5,5,1,41.444084
GraphTransformer,5,5,1,41.4393
GraphTransformer,5,5,1,41.440155
GraphTransformer,5,5,1,41.447346
GraphTransformer,5,5,1,41.44261
GraphTransformer,5,5,1,41.444595
GraphTransformer,5,5,1,41.439266
GraphTransformer,5,5,1,41.44016
GraphTransformer,5,5,1,41.441998
GraphTransformer,5,5,1,41.441605
GraphTransformer,5,6,1,41.401638
GraphTransformer,5,6,1,41.398052
GraphTransformer,5,6,1,41.397205
GraphTransformer,5,6,1,41.39446
GraphTransformer,5,6,1,41.386696
GraphTransformer,5,6,1,41.38797
GraphTransformer,5,6,1,41.393494
GraphTransformer,5,6,1,41.387917
GraphTransformer,5,6,1,41.383583
GraphTransformer,5,6,1,41.38957
GraphTransformer,5,7,1,41.378727
GraphTransformer,5,7,1,41.378544
GraphTransformer,5,7,1,41.37721
GraphTransformer,5,7,1,41.377007
GraphTransformer,5,7,1,41.37611
GraphTransformer,5,7,1,41.37936
GraphTransformer,5,7,1,41.37535
GraphTransformer,5,7,1,41.377357
GraphTransformer,5,7,1,41.378483
GraphTransformer,5,7,1,41.378624
GraphTransformer,5,8,1,41.38551
GraphTransformer,5,8,1,41.382576
GraphTransformer,5,8,1,41.37901
GraphTransformer,5,8,1,41.381325
GraphTransformer,5,8,1,41.38196
GraphTransformer,5,8,1,41.38365
GraphTransformer,5,8,1,41.386433
GraphTransformer,5,8,1,41.386375
GraphTransformer,5,8,1,41.383812
GraphTransformer,5,8,1,41.388626
GraphTransformer,5,9,1,41.36078
GraphTransformer,5,9,1,41.36413
GraphTransformer,5,9,1,41.35874
GraphTransformer,5,9,1,41.35862
GraphTransformer,5,9,1,41.355568
GraphTransformer,5,9,1,41.361343
GraphTransformer,5,9,1,41.360275
GraphTransformer,5,9,1,41.36224
GraphTransformer,5,9,1,41.363472
GraphTransformer,5,9,1,41.361744
GraphTransformer,5,10,1,41.438736
GraphTransformer,5,10,1,41.431343
GraphTransformer,5,10,1,41.428146
GraphTransformer,5,10,1,41.420597
GraphTransformer,5,10,1,41.424717
GraphTransformer,5,10,1,41.420425
GraphTransformer,5,10,1,41.424995
GraphTransformer,5,10,1,41.42257
GraphTransformer,5,10,1,41.426052
GraphTransformer,5,10,1,41.421616
GraphTransformer,6,1,1,41.381504
GraphTransformer,6,1,1,41.387413
GraphTransformer,6,1,1,41.384922
GraphTransformer,6,1,1,41.383614
GraphTransformer,6,1,1,41.382347
GraphTransformer,6,1,1,41.38064
GraphTransformer,6,1,1,41.381256
GraphTransformer,6,1,1,41.381237
GraphTransformer,6,1,1,41.374947
GraphTransformer,6,1,1,41.373436
GraphTransformer,6,2,1,41.416912
GraphTransformer,6,2,1,41.415775
GraphTransformer,6,2,1,41.416252
GraphTransformer,6,2,1,41.41639
GraphTransformer,6,2,1,41.410534
GraphTransformer,6,2,1,41.410557
GraphTransformer,6,2,1,41.40548
GraphTransformer,6,2,1,41.408276
GraphTransformer,6,2,1,41.406704
GraphTransformer,6,2,1,41.407963
GraphTransformer,6,3,1,41.37667
GraphTransformer,6,3,1,41.381046
GraphTransformer,6,3,1,41.381504
GraphTransformer,6,3,1,41.378994
GraphTransformer,6,3,1,41.379932
GraphTransformer,6,3,1,41.37935
GraphTransformer,6,3,1,41.379333
GraphTransformer,6,3,1,41.376095
GraphTransformer,6,3,1,41.37728
GraphTransformer,6,3,1,41.373337
GraphTransformer,6,4,1,41.40647
GraphTransformer,6,4,1,41.407467
GraphTransformer,6,4,1,41.408047
GraphTransformer,6,4,1,41.40763
GraphTransformer,6,4,1,41.410816
GraphTransformer,6,4,1,41.408123
GraphTransformer,6,4,1,41.407696
GraphTransformer,6,4,1,41.410213
GraphTransformer,6,4,1,41.409485
GraphTransformer,6,4,1,41.410007
GraphTransformer,6,5,1,41.42324
GraphTransformer,6,5,1,41.42373
GraphTransformer,6,5,1,41.426857
GraphTransformer,6,5,1,41.427742
GraphTransformer,6,5,1,41.428223
GraphTransformer,6,5,1,41.422226
GraphTransformer,6,5,1,41.424725
GraphTransformer,6,5,1,41.422127
GraphTransformer,6,5,1,41.424873
GraphTransformer,6,5,1,41.422764
GraphTransformer,6,6,1,41.348232
GraphTransformer,6,6,1,41.354496
GraphTransformer,6,6,1,41.350716
GraphTransformer,6,6,1,41.343353
GraphTransformer,6,6,1,41.347454
GraphTransformer,6,6,1,41.349518
GraphTransformer,6,6,1,41.345444
GraphTransformer,6,6,1,41.350517
GraphTransformer,6,6,1,41.348957
GraphTransformer,6,6,1,41.344357
GraphTransformer,6,7,1,41.36166
GraphTransformer,6,7,1,41.364403
GraphTransformer,6,7,1,41.36575
GraphTransformer,6,7,1,41.363934
GraphTransformer,6,7,1,41.35787
GraphTransformer,6,7,1,41.363876
GraphTransformer,6,7,1,41.365932
GraphTransformer,6,7,1,41.363686
GraphTransformer,6,7,1,41.363987
GraphTransformer,6,7,1,41.36199
GraphTransformer,6,8,1,41.372776
GraphTransformer,6,8,1,41.37233
GraphTransformer,6,8,1,41.37396
GraphTransformer,6,8,1,41.374905
GraphTransformer,6,8,1,41.37629
GraphTransformer,6,8,1,41.372856
GraphTransformer,6,8,1,41.37197
GraphTransformer,6,8,1,41.3759
GraphTransformer,6,8,1,41.372772
GraphTransformer,6,8,1,41.373466
GraphTransformer,6,9,1,41.37566
GraphTransformer,6,9,1,41.3769
GraphTransformer,6,9,1,41.37653
GraphTransformer,6,9,1,41.381237
GraphTransformer,6,9,1,41.38186
GraphTransformer,6,9,1,41.376423
GraphTransformer,6,9,1,41.374485
GraphTransformer,6,9,1,41.376736
GraphTransformer,6,9,1,41.37674
GraphTransformer,6,9,1,41.37995
GraphTransformer,6,10,1,41.40254
GraphTransformer,6,10,1,41.40481
GraphTransformer,6,10,1,41.40238
GraphTransformer,6,10,1,41.403477
GraphTransformer,6,10,1,41.397243
GraphTransformer,6,10,1,41.394745
GraphTransformer,6,10,1,41.396313
GraphTransformer,6,10,1,41.397587
GraphTransformer,6,10,1,41.394955
GraphTransformer,6,10,1,41.403046
GraphTransformer,7,1,1,41.36608
GraphTransformer,7,1,1,41.36389
GraphTransformer,7,1,1,41.36687
GraphTransformer,7,1,1,41.36067
GraphTransformer,7,1,1,41.362854
GraphTransformer,7,1,1,41.362385
GraphTransformer,7,1,1,41.360615
GraphTransformer,7,1,1,41.3611
GraphTransformer,7,1,1,41.36062
GraphTransformer,7,1,1,41.3582
GraphTransformer,7,2,1,41.394176
GraphTransformer,7,2,1,41.393646
GraphTransformer,7,2,1,41.39278
GraphTransformer,7,2,1,41.38938
GraphTransformer,7,2,1,41.38903
GraphTransformer,7,2,1,41.38986
GraphTransformer,7,2,1,41.38854
GraphTransformer,7,2,1,41.38904
GraphTransformer,7,2,1,41.38917
GraphTransformer,7,2,1,41.39032
GraphTransformer,7,3,1,41.37925
GraphTransformer,7,3,1,41.379833
GraphTransformer,7,3,1,41.379353
GraphTransformer,7,3,1,41.38037
GraphTransformer,7,3,1,41.378086
GraphTransformer,7,3,1,41.38139
GraphTransformer,7,3,1,41.37832
GraphTransformer,7,3,1,41.377647
GraphTransformer,7,3,1,41.377026
GraphTransformer,7,3,1,41.377556
GraphTransformer,7,4,1,41.40574
GraphTransformer,7,4,1,41.40226
GraphTransformer,7,4,1,41.402485
GraphTransformer,7,4,1,41.401398
GraphTransformer,7,4,1,41.401665
GraphTransformer,7,4,1,41.400616
GraphTransformer,7,4,1,41.401684
GraphTransformer,7,4,1,41.403248
GraphTransformer,7,4,1,41.402977
GraphTransformer,7,4,1,41.401344
GraphTransformer,7,5,1,41.42158
GraphTransformer,7,5,1,41.421165
GraphTransformer,7,5,1,41.414684
GraphTransformer,7,5,1,41.41421
GraphTransformer,7,5,1,41.418705
GraphTransformer,7,5,1,41.414566
GraphTransformer,7,5,1,41.41089
GraphTransformer,7,5,1,41.40778
GraphTransformer,7,5,1,41.409134
GraphTransformer,7,5,1,41.409935
GraphTransformer,7,6,1,41.351868
GraphTransformer,7,6,1,41.34485
GraphTransformer,7,6,1,41.344357
GraphTransformer,7,6,1,41.34204
GraphTransformer,7,6,1,41.341034
GraphTransformer,7,6,1,41.342842
GraphTransformer,7,6,1,41.344242
GraphTransformer,7,6,1,41.34139
GraphTransformer,7,6,1,41.342323
GraphTransformer,7,6,1,41.343777
GraphTransformer,7,7,1,41.372414
GraphTransformer,7,7,1,41.371265
GraphTransformer,7,7,1,41.372025
GraphTransformer,7,7,1,41.37345
GraphTransformer,7,7,1,41.373997
GraphTransformer,7,7,1,41.373173
GraphTransformer,7,7,1,41.37475
GraphTransformer,7,7,1,41.374676
GraphTransformer,7,7,1,41.37337
GraphTransformer,7,7,1,41.374413
GraphTransformer,7,8,1,41.370274
GraphTransformer,7,8,1,41.36923
GraphTransformer,7,8,1,41.36712
GraphTransformer,7,8,1,41.367615
GraphTransformer,7,8,1,41.3689
GraphTransformer,7,8,1,41.36906
GraphTransformer,7,8,1,41.369522
GraphTransformer,7,8,1,41.367317
GraphTransformer,7,8,1,41.36689
GraphTransformer,7,8,1,41.36667
GraphTransformer,7,9,1,41.362904
GraphTransformer,7,9,1,41.361774
GraphTransformer,7,9,1,41.362694
GraphTransformer,7,9,1,41.3618
GraphTransformer,7,9,1,41.35916
GraphTransformer,7,9,1,41.360146
GraphTransformer,7,9,1,41.361423
GraphTransformer,7,9,1,41.363567
GraphTransformer,7,9,1,41.365055
GraphTransformer,7,9,1,41.36547
GraphTransformer,7,10,1,41.402493
GraphTransformer,7,10,1,41.397243
GraphTransformer,7,10,1,41.397587
GraphTransformer,7,10,1,41.40236
GraphTransformer,7,10,1,41.404102
GraphTransformer,7,10,1,41.401855
GraphTransformer,7,10,1,41.40004
GraphTransformer,7,10,1,41.40175
GraphTransformer,7,10,1,41.403614
GraphTransformer,7,10,1,41.406326
GraphTransformer,8,1,1,41.44054
GraphTransformer,8,1,1,41.43391
GraphTransformer,8,1,1,41.442772
GraphTransformer,8,1,1,41.449387
GraphTransformer,8,1,1,41.435516
GraphTransformer,8,1,1,41.442364
GraphTransformer,8,1,1,41.43779
GraphTransformer,8,1,1,41.44212
GraphTransformer,8,1,1,41.437344
GraphTransformer,8,1,1,41.39656
GraphTransformer,8,2,1,41.43279
GraphTransformer,8,2,1,41.437943
GraphTransformer,8,2,1,41.440063
GraphTransformer,8,2,1,41.42667
GraphTransformer,8,2,1,41.424973
GraphTransformer,8,2,1,41.4247
GraphTransformer,8,2,1,41.422913
GraphTransformer,8,2,1,41.42531
GraphTransformer,8,2,1,41.41391
GraphTransformer,8,2,1,41.41897
GraphTransformer,8,3,1,41.40039
GraphTransformer,8,3,1,41.42678
GraphTransformer,8,3,1,41.390682
GraphTransformer,8,3,1,41.363216
GraphTransformer,8,3,1,41.353683
GraphTransformer,8,3,1,41.386097
GraphTransformer,8,3,1,41.407616
GraphTransformer,8,3,1,41.430668
GraphTransformer,8,3,1,41.4349
GraphTransformer,8,3,1,41.43821
GraphTransformer,8,4,1,41.41893
GraphTransformer,8,4,1,41.424404
GraphTransformer,8,4,1,41.42472
GraphTransformer,8,4,1,41.42403
GraphTransformer,8,4,1,41.426712
GraphTransformer,8,4,1,41.434513
GraphTransformer,8,4,1,41.430008
GraphTransformer,8,4,1,41.429195
GraphTransformer,8,4,1,41.42751
GraphTransformer,8,4,1,41.426254
GraphTransformer,8,5,1,41.420605
GraphTransformer,8,5,1,41.42904
GraphTransformer,8,5,1,41.422264
GraphTransformer,8,5,1,41.42177
GraphTransformer,8,5,1,41.415997
GraphTransformer,8,5,1,41.419777
GraphTransformer,8,5,1,41.425247
GraphTransformer,8,5,1,41.42407
GraphTransformer,8,5,1,41.421497
GraphTransformer,8,5,1,41.421833
GraphTransformer,8,6,1,41.435417
GraphTransformer,8,6,1,41.422882
GraphTransformer,8,6,1,41.43042
GraphTransformer,8,6,1,41.429443
GraphTransformer,8,6,1,41.43062
GraphTransformer,8,6,1,41.427246
GraphTransformer,8,6,1,41.431026
GraphTransformer,8,6,1,41.423683
GraphTransformer,8,6,1,41.427982
GraphTransformer,8,6,1,41.42383
GraphTransformer,8,7,1,41.337547
GraphTransformer,8,7,1,41.338146
GraphTransformer,8,7,1,41.336052
GraphTransformer,8,7,1,41.334763
GraphTransformer,8,7,1,41.33718
GraphTransformer,8,7,1,41.3365
GraphTransformer,8,7,1,41.3385
GraphTransformer,8,7,1,41.337646
GraphTransformer,8,7,1,41.336002
GraphTransformer,8,7,1,41.33472
GraphTransformer,8,8,1,41.411186
GraphTransformer,8,8,1,41.396664
GraphTransformer,8,8,1,41.379467
GraphTransformer,8,8,1,41.381893
GraphTransformer,8,8,1,41.385235
GraphTransformer,8,8,1,41.378956
GraphTransformer,8,8,1,41.400658
GraphTransformer,8,8,1,41.42262
GraphTransformer,8,8,1,41.42599
GraphTransformer,8,8,1,41.396736
GraphTransformer,8,9,1,41.42026
GraphTransformer,8,9,1,41.42337
GraphTransformer,8,9,1,41.41663
GraphTransformer,8,9,1,41.416557
GraphTransformer,8,9,1,41.419827
GraphTransformer,8,9,1,41.418556
GraphTransformer,8,9,1,41.406956
GraphTransformer,8,9,1,41.412422
GraphTransformer,8,9,1,41.418888
GraphTransformer,8,9,1,41.41066
GraphTransformer,8,10,1,41.377224
GraphTransformer,8,10,1,41.37986
GraphTransformer,8,10,1,41.378765
GraphTransformer,8,10,1,41.37801
GraphTransformer,8,10,1,41.377773
GraphTransformer,8,10,1,41.379414
GraphTransformer,8,10,1,41.375595
GraphTransformer,8,10,1,41.381886
GraphTransformer,8,10,1,41.378456
GraphTransformer,8,10,1,41.3739
GraphTransformer,9,1,1,41.350258
GraphTransformer,9,1,1,41.352013
GraphTransformer,9,1,1,41.350807
GraphTransformer,9,1,1,41.352314
GraphTransformer,9,1,1,41.351807
GraphTransformer,9,1,1,41.352036
GraphTransformer,9,1,1,41.35342
GraphTransformer,9,1,1,41.35316
GraphTransformer,9,1,1,41.351665
GraphTransformer,9,1,1,41.354496
GraphTransformer,9,2,1,41.392334
GraphTransformer,9,2,1,41.393642
GraphTransformer,9,2,1,41.391975
GraphTransformer,9,2,1,41.39292
GraphTransformer,9,2,1,41.39171
GraphTransformer,9,2,1,41.393036
GraphTransformer,9,2,1,41.3922
GraphTransformer,9,2,1,41.392185
GraphTransformer,9,2,1,41.391766
GraphTransformer,9,2,1,41.39324
GraphTransformer,9,3,1,41.38281
GraphTransformer,9,3,1,41.386486
GraphTransformer,9,3,1,41.38687
GraphTransformer,9,3,1,41.386078
GraphTransformer,9,3,1,41.38794
GraphTransformer,9,3,1,41.387966
GraphTransformer,9,3,1,41.387012
GraphTransformer,9,3,1,41.38841
GraphTransformer,9,3,1,41.388767
GraphTransformer,9,3,1,41.390026
GraphTransformer,9,4,1,41.397583
GraphTransformer,9,4,1,41.39932
GraphTransformer,9,4,1,41.397503
GraphTransformer,9,4,1,41.39651
GraphTransformer,9,4,1,41.397728
GraphTransformer,9,4,1,41.397076
GraphTransformer,9,4,1,41.39579
GraphTransformer,9,4,1,41.393833
GraphTransformer,9,4,1,41.393234
GraphTransformer,9,4,1,41.394524
GraphTransformer,9,5,1,41.41585
GraphTransformer,9,5,1,41.415604
GraphTransformer,9,5,1,41.415474
GraphTransformer,9,5,1,41.415886
GraphTransformer,9,5,1,41.415997
GraphTransformer,9,5,1,41.416313
GraphTransformer,9,5,1,41.4161
GraphTransformer,9,5,1,41.414726
GraphTransformer,9,5,1,41.415
GraphTransformer,9,5,1,41.414455
GraphTransformer,9,6,1,41.35161
GraphTransformer,9,6,1,41.34717
GraphTransformer,9,6,1,41.345448
GraphTransformer,9,6,1,41.344982
GraphTransformer,9,6,1,41.34198
GraphTransformer,9,6,1,41.34019
GraphTransformer,9,6,1,41.34242
GraphTransformer,9,6,1,41.348038
GraphTransformer,9,6,1,41.35154
GraphTransformer,9,6,1,41.345238
GraphTransformer,9,7,1,41.36597
GraphTransformer,9,7,1,41.366615
GraphTransformer,9,7,1,41.36871
GraphTransformer,9,7,1,41.367737
GraphTransformer,9,7,1,41.368805
GraphTransformer,9,7,1,41.367626
GraphTransformer,9,7,1,41.36731
GraphTransformer,9,7,1,41.365654
GraphTransformer,9,7,1,41.36744
GraphTransformer,9,7,1,41.367973
GraphTransformer,9,8,1,41.371204
GraphTransformer,9,8,1,41.371376
GraphTransformer,9,8,1,41.36885
GraphTransformer,9,8,1,41.368862
GraphTransformer,9,8,1,41.370052
GraphTransformer,9,8,1,41.3719
GraphTransformer,9,8,1,41.37052
GraphTransformer,9,8,1,41.370495
GraphTransformer,9,8,1,41.36925
GraphTransformer,9,8,1,41.369358
GraphTransformer,9,9,1,41.36059
GraphTransformer,9,9,1,41.35999
GraphTransformer,9,9,1,41.361042
GraphTransformer,9,9,1,41.361214
GraphTransformer,9,9,1,41.361767
GraphTransformer,9,9,1,41.362274
GraphTransformer,9,9,1,41.362885
GraphTransformer,9,9,1,41.36273
GraphTransformer,9,9,1,41.36466
GraphTransformer,9,9,1,41.363075
GraphTransformer,9,10,1,41.394165
GraphTransformer,9,10,1,41.395832
GraphTransformer,9,10,1,41.39581
GraphTransformer,9,10,1,41.39764
GraphTransformer,9,10,1,41.396904
GraphTransformer,9,10,1,41.39661
GraphTransformer,9,10,1,41.3949
GraphTransformer,9,10,1,41.39562
GraphTransformer,9,10,1,41.398067
GraphTransformer,9,10,1,41.39588
GraphTransformer,10,1,1,41.355484
GraphTransformer,10,1,1,41.354576
GraphTransformer,10,1,1,41.3528
GraphTransformer,10,1,1,41.352673
GraphTransformer,10,1,1,41.354366
GraphTransformer,10,1,1,41.35353
GraphTransformer,10,1,1,41.35299
GraphTransformer,10,1,1,41.352272
GraphTransformer,10,1,1,41.353104
GraphTransformer,10,1,1,41.353252
GraphTransformer,10,2,1,41.383404
GraphTransformer,10,2,1,41.38342
GraphTransformer,10,2,1,41.382603
GraphTransformer,10,2,1,41.381886
GraphTransformer,10,2,1,41.38246
GraphTransformer,10,2,1,41.383034
GraphTransformer,10,2,1,41.384125
GraphTransformer,10,2,1,41.38337
GraphTransformer,10,2,1,41.383038
GraphTransformer,10,2,1,41.38171
GraphTransformer,10,3,1,41.380768
GraphTransformer,10,3,1,41.37938
GraphTransformer,10,3,1,41.37905
GraphTransformer,10,3,1,41.377987
GraphTransformer,10,3,1,41.377655
GraphTransformer,10,3,1,41.380573
GraphTransformer,10,3,1,41.37762
GraphTransformer,10,3,1,41.3738
GraphTransformer,10,3,1,41.37424
GraphTransformer,10,3,1,41.373543
GraphTransformer,10,4,1,41.406063
GraphTransformer,10,4,1,41.405544
GraphTransformer,10,4,1,41.404938
GraphTransformer,10,4,1,41.403946
GraphTransformer,10,4,1,41.40358
GraphTransformer,10,4,1,41.40345
GraphTransformer,10,4,1,41.40455
GraphTransformer,10,4,1,41.40063
GraphTransformer,10,4,1,41.401875
GraphTransformer,10,4,1,41.401596
GraphTransformer,10,5,1,41.42928
GraphTransformer,10,5,1,41.43135
GraphTransformer,10,5,1,41.429974
GraphTransformer,10,5,1,41.429527
GraphTransformer,10,5,1,41.43265
GraphTransformer,10,5,1,41.431305
GraphTransformer,10,5,1,41.430363
GraphTransformer,10,5,1,41.428703
GraphTransformer,10,5,1,41.429382
GraphTransformer,10,5,1,41.429394
GraphTransformer,10,6,1,41.358284
GraphTransformer,10,6,1,41.360683
GraphTransformer,10,6,1,41.35606
GraphTransformer,10,6,1,41.356873
GraphTransformer,10,6,1,41.36128
GraphTransformer,10,6,1,41.36117
GraphTransformer,10,6,1,41.35877
GraphTransformer,10,6,1,41.35979
GraphTransformer,10,6,1,41.365356
GraphTransformer,10,6,1,41.36018
GraphTransformer,10,7,1,41.361595
GraphTransformer,10,7,1,41.36113
GraphTransformer,10,7,1,41.361134
GraphTransformer,10,7,1,41.361378
GraphTransformer,10,7,1,41.361954
GraphTransformer,10,7,1,41.361877
GraphTransformer,10,7,1,41.36191
GraphTransformer,10,7,1,41.36259
GraphTransformer,10,7,1,41.36205
GraphTransformer,10,7,1,41.363018
GraphTransformer,10,8,1,41.381237
GraphTransformer,10,8,1,41.382526
GraphTransformer,10,8,1,41.38339
GraphTransformer,10,8,1,41.38096
GraphTransformer,10,8,1,41.379974
GraphTransformer,10,8,1,41.381638
GraphTransformer,10,8,1,41.38231
GraphTransformer,10,8,1,41.381535
GraphTransformer,10,8,1,41.381035
GraphTransformer,10,8,1,41.381824
GraphTransformer,10,9,1,41.374554
GraphTransformer,10,9,1,41.3751
GraphTransformer,10,9,1,41.37069
GraphTransformer,10,9,1,41.37334
GraphTransformer,10,9,1,41.370846
GraphTransformer,10,9,1,41.37228
GraphTransformer,10,9,1,41.370476
GraphTransformer,10,9,1,41.372597
GraphTransformer,10,9,1,41.37114
GraphTransformer,10,9,1,41.37108
GraphTransformer,10,10,1,41.39167
GraphTransformer,10,10,1,41.390053
GraphTransformer,10,10,1,41.39456
GraphTransformer,10,10,1,41.391838
GraphTransformer,10,10,1,41.38845
GraphTransformer,10,10,1,41.389297
GraphTransformer,10,10,1,41.390194
GraphTransformer,10,10,1,41.392666
GraphTransformer,10,10,1,41.38998
GraphTransformer,10,10,1,41.390102
GraphTransformer,1,1,0,41.3864
GraphTransformer,1,1,0,41.3677
GraphTransformer,1,1,0,41.40142
GraphTransformer,1,1,0,41.385384
GraphTransformer,1,1,0,41.37903
GraphTransformer,1,1,0,41.38647
GraphTransformer,1,1,0,41.37927
GraphTransformer,1,1,0,41.37583
GraphTransformer,1,1,0,41.37416
GraphTransformer,1,1,0,41.364895
GraphTransformer,1,2,0,41.414074
GraphTransformer,1,2,0,41.38201
GraphTransformer,1,2,0,41.3905
GraphTransformer,1,2,0,41.389038
GraphTransformer,1,2,0,41.411755
GraphTransformer,1,2,0,41.401886
GraphTransformer,1,2,0,41.388435
GraphTransformer,1,2,0,41.394592
GraphTransformer,1,2,0,41.390274
GraphTransformer,1,2,0,41.407543
GraphTransformer,1,3,0,41.42303
GraphTransformer,1,3,0,41.410275
GraphTransformer,1,3,0,41.4086
GraphTransformer,1,3,0,41.40274
GraphTransformer,1,3,0,41.41086
GraphTransformer,1,3,0,41.410458
GraphTransformer,1,3,0,41.397167
GraphTransformer,1,3,0,41.408005
GraphTransformer,1,3,0,41.425434
GraphTransformer,1,3,0,41.404472
GraphTransformer,1,4,0,41.43225
GraphTransformer,1,4,0,41.437973
GraphTransformer,1,4,0,41.438522
GraphTransformer,1,4,0,41.4328
GraphTransformer,1,4,0,41.417385
GraphTransformer,1,4,0,41.45082
GraphTransformer,1,4,0,41.431965
GraphTransformer,1,4,0,41.413593
GraphTransformer,1,4,0,41.43207
GraphTransformer,1,4,0,41.43798
GraphTransformer,1,5,0,41.430458
GraphTransformer,1,5,0,41.428154
GraphTransformer,1,5,0,41.436047
GraphTransformer,1,5,0,41.437126
GraphTransformer,1,5,0,41.42975
GraphTransformer,1,5,0,41.4328
GraphTransformer,1,5,0,41.400814
GraphTransformer,1,5,0,41.419876
GraphTransformer,1,5,0,41.446056
GraphTransformer,1,5,0,41.43019
GraphTransformer,1,6,0,41.38923
GraphTransformer,1,6,0,41.40103
GraphTransformer,1,6,0,41.40303
GraphTransformer,1,6,0,41.39347
GraphTransformer,1,6,0,41.366543
GraphTransformer,1,6,0,41.32153
GraphTransformer,1,6,0,41.4043
GraphTransformer,1,6,0,41.39746
GraphTransformer,1,6,0,41.403275
GraphTransformer,1,6,0,41.382854
GraphTransformer,1,7,0,41.41264
GraphTransformer,1,7,0,41.388264
GraphTransformer,1,7,0,41.411377
GraphTransformer,1,7,0,41.37493
GraphTransformer,1,7,0,41.424156
GraphTransformer,1,7,0,41.419933
GraphTransformer,1,7,0,41.418335
GraphTransformer,1,7,0,41.416595
GraphTransformer,1,7,0,41.419918
GraphTransformer,1,7,0,41.396595
GraphTransformer,1,8,0,41.39292
GraphTransformer,1,8,0,41.39454
GraphTransformer,1,8,0,41.398838
GraphTransformer,1,8,0,41.383953
GraphTransformer,1,8,0,41.410152
GraphTransformer,1,8,0,41.41395
GraphTransformer,1,8,0,41.413757
GraphTransformer,1,8,0,41.397156
GraphTransformer,1,8,0,41.410717
GraphTransformer,1,8,0,41.398106
GraphTransformer,1,9,0,41.384125
GraphTransformer,1,9,0,41.3698
GraphTransformer,1,9,0,41.373623
GraphTransformer,1,9,0,41.40301
GraphTransformer,1,9,0,41.394356
GraphTransformer,1,9,0,41.37024
GraphTransformer,1,9,0,41.3596
GraphTransformer,1,9,0,41.3639
GraphTransformer,1,9,0,41.383286
GraphTransformer,1,9,0,41.388176
GraphTransformer,1,10,0,41.411488
GraphTransformer,1,10,0,41.4128
GraphTransformer,1,10,0,41.418053
GraphTransformer,1,10,0,41.415085
GraphTransformer,1,10,0,41.410553
GraphTransformer,1,10,0,41.414364
GraphTransformer,1,10,0,41.441967
GraphTransformer,1,10,0,41.414017
GraphTransformer,1,10,0,41.435394
GraphTransformer,1,10,0,41.421047
GraphTransformer,2,1,0,41.38781
GraphTransformer,2,1,0,41.38957
GraphTransformer,2,1,0,41.3885
GraphTransformer,2,1,0,41.393475
GraphTransformer,2,1,0,41.393185
GraphTransformer,2,1,0,41.392445
GraphTransformer,2,1,0,41.38447
GraphTransformer,2,1,0,41.387745
GraphTransformer,2,1,0,41.392166
GraphTransformer,2,1,0,41.389862
GraphTransformer,2,2,0,41.389748
GraphTransformer,2,2,0,41.38937
GraphTransformer,2,2,0,41.389557
GraphTransformer,2,2,0,41.39895
GraphTransformer,2,2,0,41.398544
GraphTransformer,2,2,0,41.397034
GraphTransformer,2,2,0,41.39965
GraphTransformer,2,2,0,41.394848
GraphTransformer,2,2,0,41.39344
GraphTransformer,2,2,0,41.39275
GraphTransformer,2,3,0,41.40076
GraphTransformer,2,3,0,41.402416
GraphTransformer,2,3,0,41.401955
GraphTransformer,2,3,0,41.401924
GraphTransformer,2,3,0,41.402588
GraphTransformer,2,3,0,41.399548
GraphTransformer,2,3,0,41.38462
GraphTransformer,2,3,0,41.38208
GraphTransformer,2,3,0,41.39485
GraphTransformer,2,3,0,41.39348
GraphTransformer,2,4,0,41.407932
GraphTransformer,2,4,0,41.414238
GraphTransformer,2,4,0,41.412205
GraphTransformer,2,4,0,41.406414
GraphTransformer,2,4,0,41.410812
GraphTransformer,2,4,0,41.42011
GraphTransformer,2,4,0,41.41991
GraphTransformer,2,4,0,41.40829
GraphTransformer,2,4,0,41.401203
GraphTransformer,2,4,0,41.412533
GraphTransformer,2,5,0,41.424572
GraphTransformer,2,5,0,41.435944
GraphTransformer,2,5,0,41.42902
GraphTransformer,2,5,0,41.42543
GraphTransformer,2,5,0,41.42687
GraphTransformer,2,5,0,41.42857
GraphTransformer,2,5,0,41.42142
GraphTransformer,2,5,0,41.429623
GraphTransformer,2,5,0,41.429363
GraphTransformer,2,5,0,41.423553
GraphTransformer,2,6,0,41.37057
GraphTransformer,2,6,0,41.37323
GraphTransformer,2,6,0,41.37211
GraphTransformer,2,6,0,41.3775
GraphTransformer,2,6,0,41.376907
GraphTransformer,2,6,0,41.381317
GraphTransformer,2,6,0,41.38446
GraphTransformer,2,6,0,41.37728
GraphTransformer,2,6,0,41.380295
GraphTransformer,2,6,0,41.38189
GraphTransformer,2,7,0,41.363113
GraphTransformer,2,7,0,41.36508
GraphTransformer,2,7,0,41.364426
GraphTransformer,2,7,0,41.379623
GraphTransformer,2,7,0,41.38192
GraphTransformer,2,7,0,41.37815
GraphTransformer,2,7,0,41.347157
GraphTransformer,2,7,0,41.34457
GraphTransformer,2,7,0,41.356346
GraphTransformer,2,7,0,41.358143
GraphTransformer,2,8,0,41.39263
GraphTransformer,2,8,0,41.39765
GraphTransformer,2,8,0,41.38897
GraphTransformer,2,8,0,41.391384
GraphTransformer,2,8,0,41.39885
GraphTransformer,2,8,0,41.400646
GraphTransformer,2,8,0,41.39
GraphTransformer,2,8,0,41.38986
GraphTransformer,2,8,0,41.39543
GraphTransformer,2,8,0,41.38945
GraphTransformer,2,9,0,41.365677
GraphTransformer,2,9,0,41.368958
GraphTransformer,2,9,0,41.36606
GraphTransformer,2,9,0,41.34383
GraphTransformer,2,9,0,41.34543
GraphTransformer,2,9,0,41.354225
GraphTransformer,2,9,0,41.3614
GraphTransformer,2,9,0,41.360596
GraphTransformer,2,9,0,41.373856
GraphTransformer,2,9,0,41.37213
GraphTransformer,2,10,0,41.38243
GraphTransformer,2,10,0,41.379936
GraphTransformer,2,10,0,41.386562
GraphTransformer,2,10,0,41.381985
GraphTransformer,2,10,0,41.388714
GraphTransformer,2,10,0,41.386463
GraphTransformer,2,10,0,41.394127
GraphTransformer,2,10,0,41.38655
GraphTransformer,2,10,0,41.389267
GraphTransformer,2,10,0,41.399902
GraphTransformer,3,1,0,41.33425
GraphTransformer,3,1,0,41.40393
GraphTransformer,3,1,0,41.429146
GraphTransformer,3,1,0,41.382965
GraphTransformer,3,1,0,41.422497
GraphTransformer,3,1,0,41.41485
GraphTransformer,3,1,0,41.43474
GraphTransformer,3,1,0,41.42947
GraphTransformer,3,1,0,41.42901
GraphTransformer,3,1,0,41.377586
GraphTransformer,3,2,0,41.371204
GraphTransformer,3,2,0,41.367065
GraphTransformer,3,2,0,41.36331
GraphTransformer,3,2,0,41.371914
GraphTransformer,3,2,0,41.372597
GraphTransformer,3,2,0,41.357983
GraphTransformer,3,2,0,41.379757
GraphTransformer,3,2,0,41.361626
GraphTransformer,3,2,0,41.36865
GraphTransformer,3,2,0,41.38456
GraphTransformer,3,3,0,41.34989
GraphTransformer,3,3,0,41.341778
GraphTransformer,3,3,0,41.39449
GraphTransformer,3,3,0,41.349068
GraphTransformer,3,3,0,41.33742
GraphTransformer,3,3,0,41.35339
GraphTransformer,3,3,0,41.37593
GraphTransformer,3,3,0,41.3303
GraphTransformer,3,3,0,41.400394
GraphTransformer,3,3,0,41.4483
GraphTransformer,3,4,0,41.383846
GraphTransformer,3,4,0,41.385933
GraphTransformer,3,4,0,41.41345
GraphTransformer,3,4,0,41.35981
GraphTransformer,3,4,0,41.414043
GraphTransformer,3,4,0,41.405895
GraphTransformer,3,4,0,41.420673
GraphTransformer,3,4,0,41.384384
GraphTransformer,3,4,0,41.35705
GraphTransformer,3,4,0,41.366257
GraphTransformer,3,5,0,41.426365
GraphTransformer,3,5,0,41.436523
GraphTransformer,3,5,0,41.4331
GraphTransformer,3,5,0,41.429604
GraphTransformer,3,5,0,41.44016
GraphTransformer,3,5,0,41.41937
GraphTransformer,3,5,0,41.407825
GraphTransformer,3,5,0,41.420074
GraphTransformer,3,5,0,41.43785
GraphTransformer,3,5,0,41.431835
GraphTransformer,3,6,0,41.312283
GraphTransformer,3,6,0,41.35185
GraphTransformer,3,6,0,41.318592
GraphTransformer,3,6,0,41.355934
GraphTransformer,3,6,0,41.32971
GraphTransformer,3,6,0,41.345978
GraphTransformer,3,6,0,41.325886
GraphTransformer,3,6,0,41.341423
GraphTransformer,3,6,0,41.35532
GraphTransformer,3,6,0,41.329193
GraphTransformer,3,7,0,41.422436
GraphTransformer,3,7,0,41.40144
GraphTransformer,3,7,0,41.428795
GraphTransformer,3,7,0,41.410305
GraphTransformer,3,7,0,41.41916
GraphTransformer,3,7,0,41.439316
GraphTransformer,3,7,0,41.433968
GraphTransformer,3,7,0,41.46073
GraphTransformer,3,7,0,41.429817
GraphTransformer,3,7,0,41.39
GraphTransformer,3,8,0,41.337852
GraphTransformer,3,8,0,41.339947
GraphTransformer,3,8,0,41.342068
GraphTransformer,3,8,0,41.363167
GraphTransformer,3,8,0,41.393875
GraphTransformer,3,8,0,41.357834
GraphTransformer,3,8,0,41.358692
GraphTransformer,3,8,0,41.337116
GraphTransformer,3,8,0,41.370937
GraphTransformer,3,8,0,41.336002
GraphTransformer,3,9,0,41.307987
GraphTransformer,3,9,0,41.309162
GraphTransformer,3,9,0,41.308167
GraphTransformer,3,9,0,41.278587
GraphTransformer,3,9,0,41.279263
GraphTransformer,3,9,0,41.296993
GraphTransformer,3,9,0,41.293953
GraphTransformer,3,9,0,41.29412
GraphTransformer,3,9,0,41.333878
GraphTransformer,3,9,0,41.33839
GraphTransformer,3,10,0,41.381027
GraphTransformer,3,10,0,41.40865
GraphTransformer,3,10,0,41.400246
GraphTransformer,3,10,0,41.403755
GraphTransformer,3,10,0,41.39033
GraphTransformer,3,10,0,41.402065
GraphTransformer,3,10,0,41.39305
GraphTransformer,3,10,0,41.396175
GraphTransformer,3,10,0,41.400936
GraphTransformer,3,10,0,41.402203
GraphTransformer,4,1,0,41.34748
GraphTransformer,4,1,0,41.349598
GraphTransformer,4,1,0,41.343426
GraphTransformer,4,1,0,41.330753
GraphTransformer,4,1,0,41.33729
GraphTransformer,4,1,0,41.340855
GraphTransformer,4,1,0,41.34433
GraphTransformer,4,1,0,41.333984
GraphTransformer,4,1,0,41.33514
GraphTransformer,4,1,0,41.33747
GraphTransformer,4,2,0,41.351665
GraphTransformer,4,2,0,41.347477
GraphTransformer,4,2,0,41.34034
GraphTransformer,4,2,0,41.344696
GraphTransformer,4,2,0,41.35471
GraphTransformer,4,2,0,41.33255
GraphTransformer,4,2,0,41.360825
GraphTransformer,4,2,0,41.36252
GraphTransformer,4,2,0,41.35051
GraphTransformer,4,2,0,41.360676
GraphTransformer,4,3,0,41.38194
GraphTransformer,4,3,0,41.39043
GraphTransformer,4,3,0,41.386185
GraphTransformer,4,3,0,41.375767
GraphTransformer,4,3,0,41.382797
GraphTransformer,4,3,0,41.39036
GraphTransformer,4,3,0,41.38906
GraphTransformer,4,3,0,41.39858
GraphTransformer,4,3,0,41.386692
GraphTransformer,4,3,0,41.40032
GraphTransformer,4,4,0,41.398727
GraphTransformer,4,4,0,41.39588
GraphTransformer,4,4,0,41.408283
GraphTransformer,4,4,0,41.390465
GraphTransformer,4,4,0,41.438923
GraphTransformer,4,4,0,41.412872
GraphTransformer,4,4,0,41.39718
GraphTransformer,4,4,0,41.40286
GraphTransformer,4,4,0,41.40749
GraphTransformer,4,4,0,41.405415
GraphTransformer,4,5,0,41.40539
GraphTransformer,4,5,0,41.403404
GraphTransformer,4,5,0,41.414536
GraphTransformer,4,5,0,41.406303
GraphTransformer,4,5,0,41.412823
GraphTransformer,4,5,0,41.41026
GraphTransformer,4,5,0,41.41151
GraphTransformer,4,5,0,41.41093
GraphTransformer,4,5,0,41.398434
GraphTransformer,4,5,0,41.40882
GraphTransformer,4,6,0,41.34256
GraphTransformer,4,6,0,41.34242
GraphTransformer,4,6,0,41.34417
GraphTransformer,4,6,0,41.340145
GraphTransformer,4,6,0,41.34161
GraphTransformer,4,6,0,41.3384
GraphTransformer,4,6,0,41.35304
GraphTransformer,4,6,0,41.339252
GraphTransformer,4,6,0,41.34582
GraphTransformer,4,6,0,41.343616
GraphTransformer,4,7,0,41.380524
GraphTransformer,4,7,0,41.37992
GraphTransformer,4,7,0,41.38137
GraphTransformer,4,7,0,41.380302
GraphTransformer,4,7,0,41.38061
GraphTransformer,4,7,0,41.389248
GraphTransformer,4,7,0,41.395977
GraphTransformer,4,7,0,41.3988
GraphTransformer,4,7,0,41.40035
GraphTransformer,4,7,0,41.40457
GraphTransformer,4,8,0,41.336918
GraphTransformer,4,8,0,41.330555
GraphTransformer,4,8,0,41.331123
GraphTransformer,4,8,0,41.326927
GraphTransformer,4,8,0,41.314724
GraphTransformer,4,8,0,41.345562
GraphTransformer,4,8,0,41.33753
GraphTransformer,4,8,0,41.333317
GraphTransformer,4,8,0,41.344406
GraphTransformer,4,8,0,41.34889
GraphTransformer,4,9,0,41.35576
GraphTransformer,4,9,0,41.354965
GraphTransformer,4,9,0,41.36193
GraphTransformer,4,9,0,41.338
GraphTransformer,4,9,0,41.36608
GraphTransformer,4,9,0,41.36346
GraphTransformer,4,9,0,41.36541
GraphTransformer,4,9,0,41.3464
GraphTransformer,4,9,0,41.34493
GraphTransformer,4,9,0,41.387283
GraphTransformer,4,10,0,41.393726
GraphTransformer,4,10,0,41.39556
GraphTransformer,4,10,0,41.3923
GraphTransformer,4,10,0,41.39485
GraphTransformer,4,10,0,41.398376
GraphTransformer,4,10,0,41.39737
GraphTransformer,4,10,0,41.390015
GraphTransformer,4,10,0,41.392056
GraphTransformer,4,10,0,41.39473
GraphTransformer,4,10,0,41.39822
GraphTransformer,5,1,0,41.388786
GraphTransformer,5,1,0,41.39571
GraphTransformer,5,1,0,41.387928
GraphTransformer,5,1,0,41.382935
GraphTransformer,5,1,0,41.384274
GraphTransformer,5,1,0,41.39286
GraphTransformer,5,1,0,41.37912
GraphTransformer,5,1,0,41.37972
GraphTransformer,5,1,0,41.378166
GraphTransformer,5,1,0,41.38404
GraphTransformer,5,2,0,41.41075
GraphTransformer,5,2,0,41.410473
GraphTransformer,5,2,0,41.411343
GraphTransformer,5,2,0,41.41602
GraphTransformer,5,2,0,41.409798
GraphTransformer,5,2,0,41.409996
GraphTransformer,5,2,0,41.40387
GraphTransformer,5,2,0,41.40721
GraphTransformer,5,2,0,41.39754
GraphTransformer,5,2,0,41.384697
GraphTransformer,5,3,0,41.399685
GraphTransformer,5,3,0,41.3983
GraphTransformer,5,3,0,41.40127
GraphTransformer,5,3,0,41.394882
GraphTransformer,5,3,0,41.40394
GraphTransformer,5,3,0,41.403893
GraphTransformer,5,3,0,41.404816
GraphTransformer,5,3,0,41.409977
GraphTransformer,5,3,0,41.41189
GraphTransformer,5,3,0,41.40295
GraphTransformer,5,4,0,41.399162
GraphTransformer,5,4,0,41.392616
GraphTransformer,5,4,0,41.400917
GraphTransformer,5,4,0,41.397865
GraphTransformer,5,4,0,41.39155
GraphTransformer,5,4,0,41.40443
GraphTransformer,5,4,0,41.397804
GraphTransformer,5,4,0,41.39593
GraphTransformer,5,4,0,41.392242
GraphTransformer,5,4,0,41.394943
GraphTransformer,5,5,0,41.43415
GraphTransformer,5,5,0,41.437622
GraphTransformer,5,5,0,41.435646
GraphTransformer,5,5,0,41.45031
GraphTransformer,5,5,0,41.432636
GraphTransformer,5,5,0,41.435966
GraphTransformer,5,5,0,41.436985
GraphTransformer,5,5,0,41.42916
GraphTransformer,5,5,0,41.427917
GraphTransformer,5,5,0,41.421654
GraphTransformer,5,6,0,41.40448
GraphTransformer,5,6,0,41.408157
GraphTransformer,5,6,0,41.39412
GraphTransformer,5,6,0,41.393185
GraphTransformer,5,6,0,41.40246
GraphTransformer,5,6,0,41.384537
GraphTransformer,5,6,0,41.382633
GraphTransformer,5,6,0,41.38714
GraphTransformer,5,6,0,41.384605
GraphTransformer,5,6,0,41.385967
GraphTransformer,5,7,0,41.38356
GraphTransformer,5,7,0,41.376816
GraphTransformer,5,7,0,41.38306
GraphTransformer,5,7,0,41.380936
GraphTransformer,5,7,0,41.384003
GraphTransformer,5,7,0,41.38127
GraphTransformer,5,7,0,41.38207
GraphTransformer,5,7,0,41.398838
GraphTransformer,5,7,0,41.395863
GraphTransformer,5,7,0,41.380257
GraphTransformer,5,8,0,41.376728
GraphTransformer,5,8,0,41.386402
GraphTransformer,5,8,0,41.395737
GraphTransformer,5,8,0,41.3835
GraphTransformer,5,8,0,41.39039
GraphTransformer,5,8,0,41.382835
GraphTransformer,5,8,0,41.39329
GraphTransformer,5,8,0,41.388977
GraphTransformer,5,8,0,41.37775
GraphTransformer,5,8,0,41.369995
GraphTransformer,5,9,0,41.36433
GraphTransformer,5,9,0,41.365345
GraphTransformer,5,9,0,41.354073
GraphTransformer,5,9,0,41.356766
GraphTransformer,5,9,0,41.364082
GraphTransformer,5,9,0,41.354416
GraphTransformer,5,9,0,41.350574
GraphTransformer,5,9,0,41.35528
GraphTransformer,5,9,0,41.34383
GraphTransformer,5,9,0,41.34331
GraphTransformer,5,10,0,41.43291
GraphTransformer,5,10,0,41.42111
GraphTransformer,5,10,0,41.415672
GraphTransformer,5,10,0,41.417892
GraphTransformer,5,10,0,41.43435
GraphTransformer,5,10,0,41.408234
GraphTransformer,5,10,0,41.40731
GraphTransformer,5,10,0,41.43663
GraphTransformer,5,10,0,41.41362
GraphTransformer,5,10,0,41.419003
GraphTransformer,6,1,0,41.3779
GraphTransformer,6,1,0,41.378513
GraphTransformer,6,1,0,41.38486
GraphTransformer,6,1,0,41.382015
GraphTransformer,6,1,0,41.39203
GraphTransformer,6,1,0,41.386875
GraphTransformer,6,1,0,41.38047
GraphTransformer,6,1,0,41.374855
GraphTransformer,6,1,0,41.38262
GraphTransformer,6,1,0,41.375504
GraphTransformer,6,2,0,41.425186
GraphTransformer,6,2,0,41.42452
GraphTransformer,6,2,0,41.426903
GraphTransformer,6,2,0,41.424644
GraphTransformer,6,2,0,41.417423
GraphTransformer,6,2,0,41.42264
GraphTransformer,6,2,0,41.409805
GraphTransformer,6,2,0,41.414307
GraphTransformer,6,2,0,41.41491
GraphTransformer,6,2,0,41.40587
GraphTransformer,6,3,0,41.38449
GraphTransformer,6,3,0,41.383488
GraphTransformer,6,3,0,41.38832
GraphTransformer,6,3,0,41.372658
GraphTransformer,6,3,0,41.38163
GraphTransformer,6,3,0,41.383213
GraphTransformer,6,3,0,41.382553
GraphTransformer,6,3,0,41.386887
GraphTransformer,6,3,0,41.394367
GraphTransformer,6,3,0,41.3796
GraphTransformer,6,4,0,41.408386
GraphTransformer,6,4,0,41.4091
GraphTransformer,6,4,0,41.413673
GraphTransformer,6,4,0,41.412697
GraphTransformer,6,4,0,41.41693
GraphTransformer,6,4,0,41.41724
GraphTransformer,6,4,0,41.42479
GraphTransformer,6,4,0,41.40919
GraphTransformer,6,4,0,41.421806
GraphTransformer,6,4,0,41.408436
GraphTransformer,6,5,0,41.430428
GraphTransformer,6,5,0,41.43145
GraphTransformer,6,5,0,41.42799
GraphTransformer,6,5,0,41.43749
GraphTransformer,6,5,0,41.420597
GraphTransformer,6,5,0,41.430367
GraphTransformer,6,5,0,41.415344
GraphTransformer,6,5,0,41.42364
GraphTransformer,6,5,0,41.419994
GraphTransformer,6,5,0,41.41999
GraphTransformer,6,6,0,41.362656
GraphTransformer,6,6,0,41.361008
GraphTransformer,6,6,0,41.370842
GraphTransformer,6,6,0,41.37576
GraphTransformer,6,6,0,41.378204
GraphTransformer,6,6,0,41.37406
GraphTransformer,6,6,0,41.378933
GraphTransformer,6,6,0,41.370678
GraphTransformer,6,6,0,41.370724
GraphTransformer,6,6,0,41.364227
GraphTransformer,6,7,0,41.36414
GraphTransformer,6,7,0,41.364532
GraphTransformer,6,7,0,41.361984
GraphTransformer,6,7,0,41.356388
GraphTransformer,6,7,0,41.343296
GraphTransformer,6,7,0,41.36301
GraphTransformer,6,7,0,41.34251
GraphTransformer,6,7,0,41.36984
GraphTransformer,6,7,0,41.335583
GraphTransformer,6,7,0,41.372917
GraphTransformer,6,8,0,41.37688
GraphTransformer,6,8,0,41.381065
GraphTransformer,6,8,0,41.378696
GraphTransformer,6,8,0,41.377266
GraphTransformer,6,8,0,41.379326
GraphTransformer,6,8,0,41.380978
GraphTransformer,6,8,0,41.378384
GraphTransformer,6,8,0,41.37119
GraphTransformer,6,8,0,41.37233
GraphTransformer,6,8,0,41.38195
GraphTransformer,6,9,0,41.3677
GraphTransformer,6,9,0,41.372807
GraphTransformer,6,9,0,41.37195
GraphTransformer,6,9,0,41.369816
GraphTransformer,6,9,0,41.36731
GraphTransformer,6,9,0,41.37577
GraphTransformer,6,9,0,41.356377
GraphTransformer,6,9,0,41.360184
GraphTransformer,6,9,0,41.36611
GraphTransformer,6,9,0,41.359333
GraphTransformer,6,10,0,41.407978
GraphTransformer,6,10,0,41.40238
GraphTransformer,6,10,0,41.40172
GraphTransformer,6,10,0,41.398808
GraphTransformer,6,10,0,41.404686
GraphTransformer,6,10,0,41.40629
GraphTransformer,6,10,0,41.402866
GraphTransformer,6,10,0,41.39937
GraphTransformer,6,10,0,41.40974
GraphTransformer,6,10,0,41.401283
GraphTransformer,7,1,0,41.36309
GraphTransformer,7,1,0,41.363274
GraphTransformer,7,1,0,41.360283
GraphTransformer,7,1,0,41.360855
GraphTransformer,7,1,0,41.360237
GraphTransformer,7,1,0,41.35918
GraphTransformer,7,1,0,41.368248
GraphTransformer,7,1,0,41.362926
GraphTransformer,7,1,0,41.36779
GraphTransformer,7,1,0,41.359776
GraphTransformer,7,2,0,41.3907
GraphTransformer,7,2,0,41.390755
GraphTransformer,7,2,0,41.392456
GraphTransformer,7,2,0,41.393005
GraphTransformer,7,2,0,41.39204
GraphTransformer,7,2,0,41.395493
GraphTransformer,7,2,0,41.39525
GraphTransformer,7,2,0,41.390587
GraphTransformer,7,2,0,41.38912
GraphTransformer,7,2,0,41.38863
GraphTransformer,7,3,0,41.381207
GraphTransformer,7,3,0,41.379883
GraphTransformer,7,3,0,41.37539
GraphTransformer,7,3,0,41.37272
GraphTransformer,7,3,0,41.3763
GraphTransformer,7,3,0,41.376137
GraphTransformer,7,3,0,41.38361
GraphTransformer,7,3,0,41.378204
GraphTransformer,7,3,0,41.372963
GraphTransformer,7,3,0,41.3735
GraphTransformer,7,4,0,41.40434
GraphTransformer,7,4,0,41.406406
GraphTransformer,7,4,0,41.404953
GraphTransformer,7,4,0,41.409225
GraphTransformer,7,4,0,41.381527
GraphTransformer,7,4,0,41.414326
GraphTransformer,7,4,0,41.392704
GraphTransformer,7,4,0,41.399143
GraphTransformer,7,4,0,41.393837
GraphTransformer,7,4,0,41.374626
GraphTransformer,7,5,0,41.412674
GraphTransformer,7,5,0,41.412384
GraphTransformer,7,5,0,41.408424
GraphTransformer,7,5,0,41.408634
GraphTransformer,7,5,0,41.407425
GraphTransformer,7,5,0,41.409515
GraphTransformer,7,5,0,41.4119
GraphTransformer,7,5,0,41.41456
GraphTransformer,7,5,0,41.41813
GraphTransformer,7,5,0,41.413757
GraphTransformer,7,6,0,41.34559
GraphTransformer,7,6,0,41.34769
GraphTransformer,7,6,0,41.344433
GraphTransformer,7,6,0,41.351814
GraphTransformer,7,6,0,41.353165
GraphTransformer,7,6,0,41.356598
GraphTransformer,7,6,0,41.345097
GraphTransformer,7,6,0,41.345245
GraphTransformer,7,6,0,41.34489
GraphTransformer,7,6,0,41.353844
GraphTransformer,7,7,0,41.362125
GraphTransformer,7,7,0,41.35341
GraphTransformer,7,7,0,41.362164
GraphTransformer,7,7,0,41.35248
GraphTransformer,7,7,0,41.37429
GraphTransformer,7,7,0,41.35658
GraphTransformer,7,7,0,41.371983
GraphTransformer,7,7,0,41.368454
GraphTransformer,7,7,0,41.35732
GraphTransformer,7,7,0,41.339577
GraphTransformer,7,8,0,41.372406
GraphTransformer,7,8,0,41.37465
GraphTransformer,7,8,0,41.37171
GraphTransformer,7,8,0,41.38043
GraphTransformer,7,8,0,41.382206
GraphTransformer,7,8,0,41.37016
GraphTransformer,7,8,0,41.361233
GraphTransformer,7,8,0,41.368034
GraphTransformer,7,8,0,41.367336
GraphTransformer,7,8,0,41.375893
GraphTransformer,7,9,0,41.364983
GraphTransformer,7,9,0,41.367115
GraphTransformer,7,9,0,41.36424
GraphTransformer,7,9,0,41.3649
GraphTransformer,7,9,0,41.363438
GraphTransformer,7,9,0,41.360767
GraphTransformer,7,9,0,41.375843
GraphTransformer,7,9,0,41.36824
GraphTransformer,7,9,0,41.36912
GraphTransformer,7,9,0,41.358604
GraphTransformer,7,10,0,41.38816
GraphTransformer,7,10,0,41.38885
GraphTransformer,7,10,0,41.388264
GraphTransformer,7,10,0,41.389584
GraphTransformer,7,10,0,41.38994
GraphTransformer,7,10,0,41.393707
GraphTransformer,7,10,0,41.396103
GraphTransformer,7,10,0,41.39035
GraphTransformer,7,10,0,41.39286
GraphTransformer,7,10,0,41.38801
GraphTransformer,8,1,0,41.388973
GraphTransformer,8,1,0,41.400505
GraphTransformer,8,1,0,41.392456
GraphTransformer,8,1,0,41.388805
GraphTransformer,8,1,0,41.38747
GraphTransformer,8,1,0,41.347412
GraphTransformer,8,1,0,41.351658
GraphTransformer,8,1,0,41.3212
GraphTransformer,8,1,0,41.315945
GraphTransformer,8,1,0,41.358875
GraphTransformer,8,2,0,41.406902
GraphTransformer,8,2,0,41.407665
GraphTransformer,8,2,0,41.414032
GraphTransformer,8,2,0,41.409443
GraphTransformer,8,2,0,41.407204
GraphTransformer,8,2,0,41.404465
GraphTransformer,8,2,0,41.41282
GraphTransformer,8,2,0,41.40845
GraphTransformer,8,2,0,41.405796
GraphTransformer,8,2,0,41.412205
GraphTransformer,8,3,0,41.470863
GraphTransformer,8,3,0,41.44334
GraphTransformer,8,3,0,41.38805
GraphTransformer,8,3,0,41.366474
GraphTransformer,8,3,0,41.33934
GraphTransformer,8,3,0,41.379025
GraphTransformer,8,3,0,41.430073
GraphTransformer,8,3,0,41.425358
GraphTransformer,8,3,0,41.384075
GraphTransformer,8,3,0,41.37151
GraphTransformer,8,4,0,41.437817
GraphTransformer,8,4,0,41.431095
GraphTransformer,8,4,0,41.425224
GraphTransformer,8,4,0,41.432537
GraphTransformer,8,4,0,41.4246
GraphTransformer,8,4,0,41.44732
GraphTransformer,8,4,0,41.41954
GraphTransformer,8,4,0,41.433086
GraphTransformer,8,4,0,41.42978
GraphTransformer,8,4,0,41.4124
GraphTransformer,8,5,0,41.39382
GraphTransformer,8,5,0,41.417603
GraphTransformer,8,5,0,41.41241
GraphTransformer,8,5,0,41.425335
GraphTransformer,8,5,0,41.41413
GraphTransformer,8,5,0,41.409058
GraphTransformer,8,5,0,41.394688
GraphTransformer,8,5,0,41.40463
GraphTransformer,8,5,0,41.417553
GraphTransformer,8,5,0,41.424145
GraphTransformer,8,6,0,41.381752
GraphTransformer,8,6,0,41.39684
GraphTransformer,8,6,0,41.391445
GraphTransformer,8,6,0,41.39308
GraphTransformer,8,6,0,41.38298
GraphTransformer,8,6,0,41.38593
GraphTransformer,8,6,0,41.391273
GraphTransformer,8,6,0,41.3795
GraphTransformer,8,6,0,41.38689
GraphTransformer,8,6,0,41.385983
GraphTransformer,8,7,0,41.337162
GraphTransformer,8,7,0,41.33596
GraphTransformer,8,7,0,41.340153
GraphTransformer,8,7,0,41.339783
GraphTransformer,8,7,0,41.327103
GraphTransformer,8,7,0,41.338654
GraphTransformer,8,7,0,41.336708
GraphTransformer,8,7,0,41.33176
GraphTransformer,8,7,0,41.343388
GraphTransformer,8,7,0,41.336338
GraphTransformer,8,8,0,41.398895
GraphTransformer,8,8,0,41.39411
GraphTransformer,8,8,0,41.39369
GraphTransformer,8,8,0,41.38784
GraphTransformer,8,8,0,41.406174
GraphTransformer,8,8,0,41.422432
GraphTransformer,8,8,0,41.40058
GraphTransformer,8,8,0,41.389286
GraphTransformer,8,8,0,41.397503
GraphTransformer,8,8,0,41.43242
GraphTransformer,8,9,0,41.411926
GraphTransformer,8,9,0,41.42249
GraphTransformer,8,9,0,41.42391
GraphTransformer,8,9,0,41.406086
GraphTransformer,8,9,0,41.404938
GraphTransformer,8,9,0,41.39644
GraphTransformer,8,9,0,41.415287
GraphTransformer,8,9,0,41.414524
GraphTransformer,8,9,0,41.412582
GraphTransformer,8,9,0,41.420227
GraphTransformer,8,10,0,41.376034
GraphTransformer,8,10,0,41.382233
GraphTransformer,8,10,0,41.383846
GraphTransformer,8,10,0,41.382557
GraphTransformer,8,10,0,41.39568
GraphTransformer,8,10,0,41.387024
GraphTransformer,8,10,0,41.384262
GraphTransformer,8,10,0,41.401245
GraphTransformer,8,10,0,41.382374
GraphTransformer,8,10,0,41.390816
GraphTransformer,9,1,0,41.353188
GraphTransformer,9,1,0,41.354168
GraphTransformer,9,1,0,41.354916
GraphTransformer,9,1,0,41.356113
GraphTransformer,9,1,0,41.354954
GraphTransformer,9,1,0,41.35824
GraphTransformer,9,1,0,41.358128
GraphTransformer,9,1,0,41.35875
GraphTransformer,9,1,0,41.35858
GraphTransformer,9,1,0,41.3582
GraphTransformer,9,2,0,41.38884
GraphTransformer,9,2,0,41.390926
GraphTransformer,9,2,0,41.389988
GraphTransformer,9,2,0,41.390194
GraphTransformer,9,2,0,41.391296
GraphTransformer,9,2,0,41.388653
GraphTransformer,9,2,0,41.387432
GraphTransformer,9,2,0,41.386837
GraphTransformer,9,2,0,41.385086
GraphTransformer,9,2,0,41.38545
GraphTransformer,9,3,0,41.38221
GraphTransformer,9,3,0,41.3778
GraphTransformer,9,3,0,41.38107
GraphTransformer,9,3,0,41.374634
GraphTransformer,9,3,0,41.372528
GraphTransformer,9,3,0,41.373714
GraphTransformer,9,3,0,41.382904
GraphTransformer,9,3,0,41.379642
GraphTransformer,9,3,0,41.377842
GraphTransformer,9,3,0,41.379944
GraphTransformer,9,4,0,41.39897
GraphTransformer,9,4,0,41.398117
GraphTransformer,9,4,0,41.398766
GraphTransformer,9,4,0,41.39422
GraphTransformer,9,4,0,41.390415
GraphTransformer,9,4,0,41.382046
GraphTransformer,9,4,0,41.39044
GraphTransformer,9,4,0,41.39391
GraphTransformer,9,4,0,41.39775
GraphTransformer,9,4,0,41.39939
GraphTransformer,9,5,0,41.412853
GraphTransformer,9,5,0,41.415535
GraphTransformer,9,5,0,41.415302
GraphTransformer,9,5,0,41.41839
GraphTransformer,9,5,0,41.419075
GraphTransformer,9,5,0,41.41583
GraphTransformer,9,5,0,41.42003
GraphTransformer,9,5,0,41.417793
GraphTransformer,9,5,0,41.418766
GraphTransformer,9,5,0,41.422337
GraphTransformer,9,6,0,41.352497
GraphTransformer,9,6,0,41.35555
GraphTransformer,9,6,0,41.3602
GraphTransformer,9,6,0,41.356564
GraphTransformer,9,6,0,41.35186
GraphTransformer,9,6,0,41.35235
GraphTransformer,9,6,0,41.35421
GraphTransformer,9,6,0,41.354393
GraphTransformer,9,6,0,41.358986
GraphTransformer,9,6,0,41.364414
GraphTransformer,9,7,0,41.3675
GraphTransformer,9,7,0,41.36821
GraphTransformer,9,7,0,41.3689
GraphTransformer,9,7,0,41.36529
GraphTransformer,9,7,0,41.361465
GraphTransformer,9,7,0,41.36256
GraphTransformer,9,7,0,41.364952
GraphTransformer,9,7,0,41.36023
GraphTransformer,9,7,0,41.365112
GraphTransformer,9,7,0,41.36756
GraphTransformer,9,8,0,41.372078
GraphTransformer,9,8,0,41.369003
GraphTransformer,9,8,0,41.370052
GraphTransformer,9,8,0,41.373745
GraphTransformer,9,8,0,41.372578
GraphTransformer,9,8,0,41.3787
GraphTransformer,9,8,0,41.377144
GraphTransformer,9,8,0,41.37381
GraphTransformer,9,8,0,41.383106
GraphTransformer,9,8,0,41.369152
GraphTransformer,9,9,0,41.3666
GraphTransformer,9,9,0,41.365017
GraphTransformer,9,9,0,41.365307
GraphTransformer,9,9,0,41.370518
GraphTransformer,9,9,0,41.37339
GraphTransformer,9,9,0,41.367596
GraphTransformer,9,9,0,41.366776
GraphTransformer,9,9,0,41.36306
GraphTransformer,9,9,0,41.373367
GraphTransformer,9,9,0,41.36776
GraphTransformer,9,10,0,41.395756
GraphTransformer,9,10,0,41.395985
GraphTransformer,9,10,0,41.39751
GraphTransformer,9,10,0,41.39747
GraphTransformer,9,10,0,41.402023
GraphTransformer,9,10,0,41.402424
GraphTransformer,9,10,0,41.398064
GraphTransformer,9,10,0,41.40002
GraphTransformer,9,10,0,41.396885
GraphTransformer,9,10,0,41.409485
GraphTransformer,10,1,0,41.357857
GraphTransformer,10,1,0,41.355427
GraphTransformer,10,1,0,41.355118
GraphTransformer,10,1,0,41.35301
GraphTransformer,10,1,0,41.353756
GraphTransformer,10,1,0,41.355965
GraphTransformer,10,1,0,41.354183
GraphTransformer,10,1,0,41.3539
GraphTransformer,10,1,0,41.35075
GraphTransformer,10,1,0,41.34944
GraphTransformer,10,2,0,41.383198
GraphTransformer,10,2,0,41.386967
GraphTransformer,10,2,0,41.38665
GraphTransformer,10,2,0,41.384148
GraphTransformer,10,2,0,41.383022
GraphTransformer,10,2,0,41.385212
GraphTransformer,10,2,0,41.383087
GraphTransformer,10,2,0,41.38416
GraphTransformer,10,2,0,41.386673
GraphTransformer,10,2,0,41.383812
GraphTransformer,10,3,0,41.393936
GraphTransformer,10,3,0,41.384575
GraphTransformer,10,3,0,41.379642
GraphTransformer,10,3,0,41.3747
GraphTransformer,10,3,0,41.387863
GraphTransformer,10,3,0,41.372902
GraphTransformer,10,3,0,41.37946
GraphTransformer,10,3,0,41.3781
GraphTransformer,10,3,0,41.384285
GraphTransformer,10,3,0,41.378
GraphTransformer,10,4,0,41.407204
GraphTransformer,10,4,0,41.402473
GraphTransformer,10,4,0,41.410934
GraphTransformer,10,4,0,41.401413
GraphTransformer,10,4,0,41.394016
GraphTransformer,10,4,0,41.403954
GraphTransformer,10,4,0,41.396023
GraphTransformer,10,4,0,41.402725
GraphTransformer,10,4,0,41.412125
GraphTransformer,10,4,0,41.4051
GraphTransformer,10,5,0,41.434082
GraphTransformer,10,5,0,41.437706
GraphTransformer,10,5,0,41.438347
GraphTransformer,10,5,0,41.42999
GraphTransformer,10,5,0,41.42267
GraphTransformer,10,5,0,41.43262
GraphTransformer,10,5,0,41.43886
GraphTransformer,10,5,0,41.430305
GraphTransformer,10,5,0,41.436123
GraphTransformer,10,5,0,41.44135
GraphTransformer,10,6,0,41.362694
GraphTransformer,10,6,0,41.361362
GraphTransformer,10,6,0,41.35881
GraphTransformer,10,6,0,41.357582
GraphTransformer,10,6,0,41.358112
GraphTransformer,10,6,0,41.357384
GraphTransformer,10,6,0,41.357376
GraphTransformer,10,6,0,41.358295
GraphTransformer,10,6,0,41.352913
GraphTransformer,10,6,0,41.355587
GraphTransformer,10,7,0,41.35906
GraphTransformer,10,7,0,41.358017
GraphTransformer,10,7,0,41.356792
GraphTransformer,10,7,0,41.342335
GraphTransformer,10,7,0,41.33436
GraphTransformer,10,7,0,41.33533
GraphTransformer,10,7,0,41.352
GraphTransformer,10,7,0,41.351448
GraphTransformer,10,7,0,41.350388
GraphTransformer,10,7,0,41.33874
GraphTransformer,10,8,0,41.380936
GraphTransformer,10,8,0,41.381725
GraphTransformer,10,8,0,41.380527
GraphTransformer,10,8,0,41.36094
GraphTransformer,10,8,0,41.371296
GraphTransformer,10,8,0,41.371155
GraphTransformer,10,8,0,41.36206
GraphTransformer,10,8,0,41.357334
GraphTransformer,10,8,0,41.3916
GraphTransformer,10,8,0,41.37084
GraphTransformer,10,9,0,41.37335
GraphTransformer,10,9,0,41.374634
GraphTransformer,10,9,0,41.3746
GraphTransformer,10,9,0,41.36982
GraphTransformer,10,9,0,41.373066
GraphTransformer,10,9,0,41.372536
GraphTransformer,10,9,0,41.373398
GraphTransformer,10,9,0,41.376263
GraphTransformer,10,9,0,41.37667
GraphTransformer,10,9,0,41.368504
GraphTransformer,10,10,0,41.391556
GraphTransformer,10,10,0,41.389866
GraphTransformer,10,10,0,41.39126
GraphTransformer,10,10,0,41.388668
GraphTransformer,10,10,0,41.387764
GraphTransformer,10,10,0,41.386192
GraphTransformer,10,10,0,41.383373
GraphTransformer,10,10,0,41.39005
GraphTransformer,10,10,0,41.38865
GraphTransformer,10,10,0,41.399097
GraphTransformer (no bias),1,1,1,42.511818
GraphTransformer (no bias),1,1,1,42.477715
GraphTransformer (no bias),1,1,1,42.399506
GraphTransformer (no bias),1,1,1,42.471474
GraphTransformer (no bias),1,1,1,42.464787
GraphTransformer (no bias),1,1,1,42.494915
GraphTransformer (no bias),1,1,1,42.497074
GraphTransformer (no bias),1,1,1,42.47845
GraphTransformer (no bias),1,1,1,42.46838
GraphTransformer (no bias),1,1,1,42.488712
GraphTransformer (no bias),1,2,1,42.595047
GraphTransformer (no bias),1,2,1,42.61592
GraphTransformer (no bias),1,2,1,42.67676
GraphTransformer (no bias),1,2,1,42.70916
GraphTransformer (no bias),1,2,1,42.72327
GraphTransformer (no bias),1,2,1,42.687416
GraphTransformer (no bias),1,2,1,42.68214
GraphTransformer (no bias),1,2,1,42.654755
GraphTransformer (no bias),1,2,1,42.609657
GraphTransformer (no bias),1,2,1,42.634518
GraphTransformer (no bias),1,3,1,42.633503
GraphTransformer (no bias),1,3,1,42.630943
GraphTransformer (no bias),1,3,1,42.608967
GraphTransformer (no bias),1,3,1,42.63675
GraphTransformer (no bias),1,3,1,42.652637
GraphTransformer (no bias),1,3,1,42.621243
GraphTransformer (no bias),1,3,1,42.682484
GraphTransformer (no bias),1,3,1,42.682064
GraphTransformer (no bias),1,3,1,42.62603
GraphTransformer (no bias),1,3,1,42.646263
GraphTransformer (no bias),1,4,1,42.755466
GraphTransformer (no bias),1,4,1,42.799507
GraphTransformer (no bias),1,4,1,42.787083
GraphTransformer (no bias),1,4,1,42.77688
GraphTransformer (no bias),1,4,1,42.762997
GraphTransformer (no bias),1,4,1,42.777294
GraphTransformer (no bias),1,4,1,42.782764
GraphTransformer (no bias),1,4,1,42.78297
GraphTransformer (no bias),1,4,1,42.7353
GraphTransformer (no bias),1,4,1,42.75316
GraphTransformer (no bias),1,5,1,42.93156
GraphTransformer (no bias),1,5,1,42.955296
GraphTransformer (no bias),1,5,1,42.928555
GraphTransformer (no bias),1,5,1,42.952858
GraphTransformer (no bias),1,5,1,42.93421
GraphTransformer (no bias),1,5,1,42.95167
GraphTransformer (no bias),1,5,1,42.95276
GraphTransformer (no bias),1,5,1,42.979813
GraphTransformer (no bias),1,5,1,43.00675
GraphTransformer (no bias),1,5,1,42.95709
GraphTransformer (no bias),1,6,1,42.61023
GraphTransformer (no bias),1,6,1,42.65513
GraphTransformer (no bias),1,6,1,42.63289
GraphTransformer (no bias),1,6,1,42.635925
GraphTransformer (no bias),1,6,1,42.624252
GraphTransformer (no bias),1,6,1,42.739655
GraphTransformer (no bias),1,6,1,42.646652
GraphTransformer (no bias),1,6,1,42.7731
GraphTransformer (no bias),1,6,1,42.621677
GraphTransformer (no bias),1,6,1,42.724525
GraphTransformer (no bias),1,7,1,42.442528
GraphTransformer (no bias),1,7,1,42.562355
GraphTransformer (no bias),1,7,1,42.59973
GraphTransformer (no bias),1,7,1,42.56948
GraphTransformer (no bias),1,7,1,42.55864
GraphTransformer (no bias),1,7,1,42.570568
GraphTransformer (no bias),1,7,1,42.53792
GraphTransformer (no bias),1,7,1,42.571064
GraphTransformer (no bias),1,7,1,42.580303
GraphTransformer (no bias),1,7,1,42.597576
GraphTransformer (no bias),1,8,1,42.99319
GraphTransformer (no bias),1,8,1,42.899544
GraphTransformer (no bias),1,8,1,42.841053
GraphTransformer (no bias),1,8,1,42.8866
GraphTransformer (no bias),1,8,1,42.866325
GraphTransformer (no bias),1,8,1,42.88114
GraphTransformer (no bias),1,8,1,42.85699
GraphTransformer (no bias),1,8,1,42.896835
GraphTransformer (no bias),1,8,1,42.847095
GraphTransformer (no bias),1,8,1,42.84594
GraphTransformer (no bias),1,9,1,42.663086
GraphTransformer (no bias),1,9,1,42.66614
GraphTransformer (no bias),1,9,1,42.61553
GraphTransformer (no bias),1,9,1,42.6855
GraphTransformer (no bias),1,9,1,42.693695
GraphTransformer (no bias),1,9,1,42.68204
GraphTransformer (no bias),1,9,1,42.710922
GraphTransformer (no bias),1,9,1,42.679024
GraphTransformer (no bias),1,9,1,42.658276
GraphTransformer (no bias),1,9,1,42.657692
GraphTransformer (no bias),1,10,1,42.46116
GraphTransformer (no bias),1,10,1,42.41176
GraphTransformer (no bias),1,10,1,42.44505
GraphTransformer (no bias),1,10,1,42.431564
GraphTransformer (no bias),1,10,1,42.331062
GraphTransformer (no bias),1,10,1,42.396168
GraphTransformer (no bias),1,10,1,42.423584
GraphTransformer (no bias),1,10,1,42.46992
GraphTransformer (no bias),1,10,1,42.453667
GraphTransformer (no bias),1,10,1,42.379498
GraphTransformer (no bias),2,1,1,43.133625
GraphTransformer (no bias),2,1,1,43.13537
GraphTransformer (no bias),2,1,1,43.12431
GraphTransformer (no bias),2,1,1,43.126923
GraphTransformer (no bias),2,1,1,43.113495
GraphTransformer (no bias),2,1,1,43.11525
GraphTransformer (no bias),2,1,1,43.121487
GraphTransformer (no bias),2,1,1,43.07876
GraphTransformer (no bias),2,1,1,43.09711
GraphTransformer (no bias),2,1,1,43.101017
GraphTransformer (no bias),2,2,1,43.099068
GraphTransformer (no bias),2,2,1,43.146976
GraphTransformer (no bias),2,2,1,43.137566
GraphTransformer (no bias),2,2,1,43.122967
GraphTransformer (no bias),2,2,1,43.144337
GraphTransformer (no bias),2,2,1,43.14988
GraphTransformer (no bias),2,2,1,43.14491
GraphTransformer (no bias),2,2,1,43.134247
GraphTransformer (no bias),2,2,1,43.14551
GraphTransformer (no bias),2,2,1,43.145016
GraphTransformer (no bias),2,3,1,43.164185
GraphTransformer (no bias),2,3,1,43.143612
GraphTransformer (no bias),2,3,1,43.161957
GraphTransformer (no bias),2,3,1,43.158062
GraphTransformer (no bias),2,3,1,43.15052
GraphTransformer (no bias),2,3,1,43.161003
GraphTransformer (no bias),2,3,1,43.161636
GraphTransformer (no bias),2,3,1,43.158527
GraphTransformer (no bias),2,3,1,43.161404
GraphTransformer (no bias),2,3,1,43.153625
GraphTransformer (no bias),2,4,1,43.18083
GraphTransformer (no bias),2,4,1,43.173775
GraphTransformer (no bias),2,4,1,43.18443
GraphTransformer (no bias),2,4,1,43.1912
GraphTransformer (no bias),2,4,1,43.186687
GraphTransformer (no bias),2,4,1,43.199654
GraphTransformer (no bias),2,4,1,43.220875
GraphTransformer (no bias),2,4,1,43.20204
GraphTransformer (no bias),2,4,1,43.215706
GraphTransformer (no bias),2,4,1,43.238674
GraphTransformer (no bias),2,5,1,43.15559
GraphTransformer (no bias),2,5,1,43.138706
GraphTransformer (no bias),2,5,1,43.14567
GraphTransformer (no bias),2,5,1,43.17765
GraphTransformer (no bias),2,5,1,43.190517
GraphTransformer (no bias),2,5,1,43.201027
GraphTransformer (no bias),2,5,1,43.24321
GraphTransformer (no bias),2,5,1,43.22834
GraphTransformer (no bias),2,5,1,43.224834
GraphTransformer (no bias),2,5,1,43.238503
GraphTransformer (no bias),2,6,1,42.72934
GraphTransformer (no bias),2,6,1,42.70741
GraphTransformer (no bias),2,6,1,42.717697
GraphTransformer (no bias),2,6,1,42.73195
GraphTransformer (no bias),2,6,1,42.759422
GraphTransformer (no bias),2,6,1,42.769283
GraphTransformer (no bias),2,6,1,42.768005
GraphTransformer (no bias),2,6,1,42.762806
GraphTransformer (no bias),2,6,1,42.746094
GraphTransformer (no bias),2,6,1,42.754642
GraphTransformer (no bias),2,7,1,43.08933
GraphTransformer (no bias),2,7,1,43.109985
GraphTransformer (no bias),2,7,1,43.09165
GraphTransformer (no bias),2,7,1,43.088764
GraphTransformer (no bias),2,7,1,43.09541
GraphTransformer (no bias),2,7,1,43.07463
GraphTransformer (no bias),2,7,1,43.06224
GraphTransformer (no bias),2,7,1,43.072365
GraphTransformer (no bias),2,7,1,43.077045
GraphTransformer (no bias),2,7,1,43.05375
GraphTransformer (no bias),2,8,1,42.845665
GraphTransformer (no bias),2,8,1,42.818928
GraphTransformer (no bias),2,8,1,42.811863
GraphTransformer (no bias),2,8,1,42.817467
GraphTransformer (no bias),2,8,1,42.82109
GraphTransformer (no bias),2,8,1,42.820847
GraphTransformer (no bias),2,8,1,42.81702
GraphTransformer (no bias),2,8,1,42.818874
GraphTransformer (no bias),2,8,1,42.81325
GraphTransformer (no bias),2,8,1,42.812626
GraphTransformer (no bias),2,9,1,42.696377
GraphTransformer (no bias),2,9,1,42.687614
GraphTransformer (no bias),2,9,1,42.66461
GraphTransformer (no bias),2,9,1,42.657185
GraphTransformer (no bias),2,9,1,42.655388
GraphTransformer (no bias),2,9,1,42.64667
GraphTransformer (no bias),2,9,1,42.635727
GraphTransformer (no bias),2,9,1,42.6331
GraphTransformer (no bias),2,9,1,42.648552
GraphTransformer (no bias),2,9,1,42.65222
GraphTransformer (no bias),2,10,1,43.07055
GraphTransformer (no bias),2,10,1,43.085777
GraphTransformer (no bias),2,10,1,43.08166
GraphTransformer (no bias),2,10,1,43.086994
GraphTransformer (no bias),2,10,1,43.07
GraphTransformer (no bias),2,10,1,43.08004
GraphTransformer (no bias),2,10,1,43.07728
GraphTransformer (no bias),2,10,1,43.048412
GraphTransformer (no bias),2,10,1,43.09155
GraphTransformer (no bias),2,10,1,43.087955
GraphTransformer (no bias),3,1,1,42.36028
GraphTransformer (no bias),3,1,1,42.47994
GraphTransformer (no bias),3,1,1,42.717377
GraphTransformer (no bias),3,1,1,42.711323
GraphTransformer (no bias),3,1,1,42.76539
GraphTransformer (no bias),3,1,1,42.772278
GraphTransformer (no bias),3,1,1,42.586273
GraphTransformer (no bias),3,1,1,42.6188
GraphTransformer (no bias),3,1,1,42.515347
GraphTransformer (no bias),3,1,1,42.47286
GraphTransformer (no bias),3,2,1,42.90668
GraphTransformer (no bias),3,2,1,42.84277
GraphTransformer (no bias),3,2,1,42.844555
GraphTransformer (no bias),3,2,1,42.836945
GraphTransformer (no bias),3,2,1,42.772785
GraphTransformer (no bias),3,2,1,42.80986
GraphTransformer (no bias),3,2,1,42.80193
GraphTransformer (no bias),3,2,1,42.804245
GraphTransformer (no bias),3,2,1,42.74977
GraphTransformer (no bias),3,2,1,42.793552
GraphTransformer (no bias),3,3,1,42.93359
GraphTransformer (no bias),3,3,1,42.99717
GraphTransformer (no bias),3,3,1,43.02439
GraphTransformer (no bias),3,3,1,43.021072
GraphTransformer (no bias),3,3,1,43.03479
GraphTransformer (no bias),3,3,1,43.054752
GraphTransformer (no bias),3,3,1,43.08028
GraphTransformer (no bias),3,3,1,43.07579
GraphTransformer (no bias),3,3,1,43.07822
GraphTransformer (no bias),3,3,1,43.111034
GraphTransformer (no bias),3,4,1,43.154083
GraphTransformer (no bias),3,4,1,43.18948
GraphTransformer (no bias),3,4,1,43.175472
GraphTransformer (no bias),3,4,1,43.20706
GraphTransformer (no bias),3,4,1,43.193504
GraphTransformer (no bias),3,4,1,43.179558
GraphTransformer (no bias),3,4,1,43.23355
GraphTransformer (no bias),3,4,1,43.184273
GraphTransformer (no bias),3,4,1,43.2196
GraphTransformer (no bias),3,4,1,43.225685
GraphTransformer (no bias),3,5,1,43.149307
GraphTransformer (no bias),3,5,1,43.156193
GraphTransformer (no bias),3,5,1,43.17506
GraphTransformer (no bias),3,5,1,43.156013
GraphTransformer (no bias),3,5,1,43.142426
GraphTransformer (no bias),3,5,1,43.071667
GraphTransformer (no bias),3,5,1,42.920376
GraphTransformer (no bias),3,5,1,43.027645
GraphTransformer (no bias),3,5,1,43.002514
GraphTransformer (no bias),3,5,1,42.94102
GraphTransformer (no bias),3,6,1,42.65913
GraphTransformer (no bias),3,6,1,42.81678
GraphTransformer (no bias),3,6,1,42.768085
GraphTransformer (no bias),3,6,1,42.84179
GraphTransformer (no bias),3,6,1,42.86583
GraphTransformer (no bias),3,6,1,42.85398
GraphTransformer (no bias),3,6,1,42.857708
GraphTransformer (no bias),3,6,1,42.821175
GraphTransformer (no bias),3,6,1,42.812107
GraphTransformer (no bias),3,6,1,42.80001
GraphTransformer (no bias),3,7,1,42.4265
GraphTransformer (no bias),3,7,1,42.466976
GraphTransformer (no bias),3,7,1,42.52721
GraphTransformer (no bias),3,7,1,42.45218
GraphTransformer (no bias),3,7,1,42.404953
GraphTransformer (no bias),3,7,1,42.421494
GraphTransformer (no bias),3,7,1,42.47122
GraphTransformer (no bias),3,7,1,42.517796
GraphTransformer (no bias),3,7,1,42.507263
GraphTransformer (no bias),3,7,1,42.53602
GraphTransformer (no bias),3,8,1,42.395683
GraphTransformer (no bias),3,8,1,42.370613
GraphTransformer (no bias),3,8,1,42.330956
GraphTransformer (no bias),3,8,1,42.3134
GraphTransformer (no bias),3,8,1,42.31905
GraphTransformer (no bias),3,8,1,42.35989
GraphTransformer (no bias),3,8,1,42.38218
GraphTransformer (no bias),3,8,1,42.400265
GraphTransformer (no bias),3,8,1,42.430065
GraphTransformer (no bias),3,8,1,42.35271
GraphTransformer (no bias),3,9,1,42.9424
GraphTransformer (no bias),3,9,1,42.920174
GraphTransformer (no bias),3,9,1,42.92022
GraphTransformer (no bias),3,9,1,42.935078
GraphTransformer (no bias),3,9,1,42.904514
GraphTransformer (no bias),3,9,1,42.932487
GraphTransformer (no bias),3,9,1,42.933628
GraphTransformer (no bias),3,9,1,42.92913
GraphTransformer (no bias),3,9,1,42.930706
GraphTransformer (no bias),3,9,1,42.93327
GraphTransformer (no bias),3,10,1,42.201283
GraphTransformer (no bias),3,10,1,42.17213
GraphTransformer (no bias),3,10,1,42.142075
GraphTransformer (no bias),3,10,1,42.226173
GraphTransformer (no bias),3,10,1,42.186176
GraphTransformer (no bias),3,10,1,42.203888
GraphTransformer (no bias),3,10,1,42.191822
GraphTransformer (no bias),3,10,1,42.142685
GraphTransformer (no bias),3,10,1,42.154682
GraphTransformer (no bias),3,10,1,42.153534
GraphTransformer (no bias),4,1,1,43.259525
GraphTransformer (no bias),4,1,1,43.17175
GraphTransformer (no bias),4,1,1,43.132156
GraphTransformer (no bias),4,1,1,43.19328
GraphTransformer (no bias),4,1,1,43.211178
GraphTransformer (no bias),4,1,1,43.188015
GraphTransformer (no bias),4,1,1,43.21517
GraphTransformer (no bias),4,1,1,43.152565
GraphTransformer (no bias),4,1,1,43.229584
GraphTransformer (no bias),4,1,1,43.25114
GraphTransformer (no bias),4,2,1,42.941982
GraphTransformer (no bias),4,2,1,42.924103
GraphTransformer (no bias),4,2,1,42.92115
GraphTransformer (no bias),4,2,1,42.918747
GraphTransformer (no bias),4,2,1,42.892643
GraphTransformer (no bias),4,2,1,42.909645
GraphTransformer (no bias),4,2,1,42.927105
GraphTransformer (no bias),4,2,1,42.978985
GraphTransformer (no bias),4,2,1,42.97024
GraphTransformer (no bias),4,2,1,42.98506
GraphTransformer (no bias),4,3,1,43.070404
GraphTransformer (no bias),4,3,1,43.095703
GraphTransformer (no bias),4,3,1,43.09837
GraphTransformer (no bias),4,3,1,43.115273
GraphTransformer (no bias),4,3,1,43.097775
GraphTransformer (no bias),4,3,1,43.091496
GraphTransformer (no bias),4,3,1,43.079918
GraphTransformer (no bias),4,3,1,43.09184
GraphTransformer (no bias),4,3,1,43.089558
GraphTransformer (no bias),4,3,1,43.082302
GraphTransformer (no bias),4,4,1,43.058098
GraphTransformer (no bias),4,4,1,43.0139
GraphTransformer (no bias),4,4,1,43.013077
GraphTransformer (no bias),4,4,1,43.02479
GraphTransformer (no bias),4,4,1,43.02952
GraphTransformer (no bias),4,4,1,43.03267
GraphTransformer (no bias),4,4,1,43.037357
GraphTransformer (no bias),4,4,1,43.05448
GraphTransformer (no bias),4,4,1,43.059837
GraphTransformer (no bias),4,4,1,43.098198
GraphTransformer (no bias),4,5,1,43.193356
GraphTransformer (no bias),4,5,1,43.251007
GraphTransformer (no bias),4,5,1,43.21493
GraphTransformer (no bias),4,5,1,43.23186
GraphTransformer (no bias),4,5,1,43.280815
GraphTransformer (no bias),4,5,1,43.26314
GraphTransformer (no bias),4,5,1,43.267464
GraphTransformer (no bias),4,5,1,43.26856
GraphTransformer (no bias),4,5,1,43.245625
GraphTransformer (no bias),4,5,1,43.265263
GraphTransformer (no bias),4,6,1,42.607685
GraphTransformer (no bias),4,6,1,42.57137
GraphTransformer (no bias),4,6,1,42.578587
GraphTransformer (no bias),4,6,1,42.57046
GraphTransformer (no bias),4,6,1,42.565434
GraphTransformer (no bias),4,6,1,42.55388
GraphTransformer (no bias),4,6,1,42.620262
GraphTransformer (no bias),4,6,1,42.67664
GraphTransformer (no bias),4,6,1,42.644596
GraphTransformer (no bias),4,6,1,42.661827
GraphTransformer (no bias),4,7,1,42.47738
GraphTransformer (no bias),4,7,1,42.54281
GraphTransformer (no bias),4,7,1,42.486374
GraphTransformer (no bias),4,7,1,42.534126
GraphTransformer (no bias),4,7,1,42.46682
GraphTransformer (no bias),4,7,1,42.427597
GraphTransformer (no bias),4,7,1,42.421227
GraphTransformer (no bias),4,7,1,42.44458
GraphTransformer (no bias),4,7,1,42.4184
GraphTransformer (no bias),4,7,1,42.434742
GraphTransformer (no bias),4,8,1,43.153896
GraphTransformer (no bias),4,8,1,43.19152
GraphTransformer (no bias),4,8,1,43.22288
GraphTransformer (no bias),4,8,1,43.231926
GraphTransformer (no bias),4,8,1,43.2588
GraphTransformer (no bias),4,8,1,43.299557
GraphTransformer (no bias),4,8,1,43.29349
GraphTransformer (no bias),4,8,1,43.288177
GraphTransformer (no bias),4,8,1,43.29728
GraphTransformer (no bias),4,8,1,43.290245
GraphTransformer (no bias),4,9,1,42.84182
GraphTransformer (no bias),4,9,1,42.83485
GraphTransformer (no bias),4,9,1,42.819542
GraphTransformer (no bias),4,9,1,42.79894
GraphTransformer (no bias),4,9,1,42.807148
GraphTransformer (no bias),4,9,1,42.776314
GraphTransformer (no bias),4,9,1,42.79716
GraphTransformer (no bias),4,9,1,42.774315
GraphTransformer (no bias),4,9,1,42.775517
GraphTransformer (no bias),4,9,1,42.778378
GraphTransformer (no bias),4,10,1,42.32159
GraphTransformer (no bias),4,10,1,42.35466
GraphTransformer (no bias),4,10,1,42.323856
GraphTransformer (no bias),4,10,1,42.34217
GraphTransformer (no bias),4,10,1,42.306046
GraphTransformer (no bias),4,10,1,42.347
GraphTransformer (no bias),4,10,1,42.309032
GraphTransformer (no bias),4,10,1,42.320698
GraphTransformer (no bias),4,10,1,42.31525
GraphTransformer (no bias),4,10,1,42.37085
GraphTransformer (no bias),5,1,1,42.426937
GraphTransformer (no bias),5,1,1,42.391026
GraphTransformer (no bias),5,1,1,42.37453
GraphTransformer (no bias),5,1,1,42.37632
GraphTransformer (no bias),5,1,1,42.346687
GraphTransformer (no bias),5,1,1,42.35627
GraphTransformer (no bias),5,1,1,42.342125
GraphTransformer (no bias),5,1,1,42.33635
GraphTransformer (no bias),5,1,1,42.36881
GraphTransformer (no bias),5,1,1,42.376675
GraphTransformer (no bias),5,2,1,42.750027
GraphTransformer (no bias),5,2,1,42.933544
GraphTransformer (no bias),5,2,1,42.78638
GraphTransformer (no bias),5,2,1,42.92027
GraphTransformer (no bias),5,2,1,42.86952
GraphTransformer (no bias),5,2,1,42.833733
GraphTransformer (no bias),5,2,1,42.77064
GraphTransformer (no bias),5,2,1,42.856266
GraphTransformer (no bias),5,2,1,42.818977
GraphTransformer (no bias),5,2,1,42.82809
GraphTransformer (no bias),5,3,1,42.68631
GraphTransformer (no bias),5,3,1,42.694344
GraphTransformer (no bias),5,3,1,42.68846
GraphTransformer (no bias),5,3,1,42.745205
GraphTransformer (no bias),5,3,1,42.741096
GraphTransformer (no bias),5,3,1,42.688915
GraphTransformer (no bias),5,3,1,42.66637
GraphTransformer (no bias),5,3,1,42.70135
GraphTransformer (no bias),5,3,1,42.733276
GraphTransformer (no bias),5,3,1,42.761253
GraphTransformer (no bias),5,4,1,42.450882
GraphTransformer (no bias),5,4,1,42.474293
GraphTransformer (no bias),5,4,1,42.478764
GraphTransformer (no bias),5,4,1,42.470367
GraphTransformer (no bias),5,4,1,42.493492
GraphTransformer (no bias),5,4,1,42.478035
GraphTransformer (no bias),5,4,1,42.50176
GraphTransformer (no bias),5,4,1,42.484756
GraphTransformer (no bias),5,4,1,42.49629
GraphTransformer (no bias),5,4,1,42.5011
GraphTransformer (no bias),5,5,1,42.676144
GraphTransformer (no bias),5,5,1,42.674686
GraphTransformer (no bias),5,5,1,42.602547
GraphTransformer (no bias),5,5,1,42.65149
GraphTransformer (no bias),5,5,1,42.659004
GraphTransformer (no bias),5,5,1,42.68718
GraphTransformer (no bias),5,5,1,42.614674
GraphTransformer (no bias),5,5,1,42.63507
GraphTransformer (no bias),5,5,1,42.64964
GraphTransformer (no bias),5,5,1,42.63941
GraphTransformer (no bias),5,6,1,42.410774
GraphTransformer (no bias),5,6,1,42.331165
GraphTransformer (no bias),5,6,1,42.337517
GraphTransformer (no bias),5,6,1,42.36957
GraphTransformer (no bias),5,6,1,42.308964
GraphTransformer (no bias),5,6,1,42.348957
GraphTransformer (no bias),5,6,1,42.345753
GraphTransformer (no bias),5,6,1,42.328957
GraphTransformer (no bias),5,6,1,42.30983
GraphTransformer (no bias),5,6,1,42.33202
GraphTransformer (no bias),5,7,1,42.49335
GraphTransformer (no bias),5,7,1,42.524395
GraphTransformer (no bias),5,7,1,42.539127
GraphTransformer (no bias),5,7,1,42.5332
GraphTransformer (no bias),5,7,1,42.491325
GraphTransformer (no bias),5,7,1,42.478645
GraphTransformer (no bias),5,7,1,42.497276
GraphTransformer (no bias),5,7,1,42.50142
GraphTransformer (no bias),5,7,1,42.493786
GraphTransformer (no bias),5,7,1,42.525692
GraphTransformer (no bias),5,8,1,42.567757
GraphTransformer (no bias),5,8,1,42.561005
GraphTransformer (no bias),5,8,1,42.58916
GraphTransformer (no bias),5,8,1,42.61764
GraphTransformer (no bias),5,8,1,42.57699
GraphTransformer (no bias),5,8,1,42.61483
GraphTransformer (no bias),5,8,1,42.601604
GraphTransformer (no bias),5,8,1,42.611633
GraphTransformer (no bias),5,8,1,42.622234
GraphTransformer (no bias),5,8,1,42.690937
GraphTransformer (no bias),5,9,1,42.34096
GraphTransformer (no bias),5,9,1,42.372932
GraphTransformer (no bias),5,9,1,42.358063
GraphTransformer (no bias),5,9,1,42.37763
GraphTransformer (no bias),5,9,1,42.370564
GraphTransformer (no bias),5,9,1,42.385983
GraphTransformer (no bias),5,9,1,42.382572
GraphTransformer (no bias),5,9,1,42.367607
GraphTransformer (no bias),5,9,1,42.376842
GraphTransformer (no bias),5,9,1,42.367912
GraphTransformer (no bias),5,10,1,42.15515
GraphTransformer (no bias),5,10,1,42.129845
GraphTransformer (no bias),5,10,1,42.13796
GraphTransformer (no bias),5,10,1,42.12982
GraphTransformer (no bias),5,10,1,42.079376
GraphTransformer (no bias),5,10,1,42.075638
GraphTransformer (no bias),5,10,1,42.106625
GraphTransformer (no bias),5,10,1,42.118217
GraphTransformer (no bias),5,10,1,42.142334
GraphTransformer (no bias),5,10,1,42.126064
GraphTransformer (no bias),6,1,1,42.93662
GraphTransformer (no bias),6,1,1,42.893013
GraphTransformer (no bias),6,1,1,42.902092
GraphTransformer (no bias),6,1,1,42.90484
GraphTransformer (no bias),6,1,1,42.888073
GraphTransformer (no bias),6,1,1,42.890976
GraphTransformer (no bias),6,1,1,42.90251
GraphTransformer (no bias),6,1,1,42.891933
GraphTransformer (no bias),6,1,1,42.87453
GraphTransformer (no bias),6,1,1,42.899845
GraphTransformer (no bias),6,2,1,43.262695
GraphTransformer (no bias),6,2,1,43.249638
GraphTransformer (no bias),6,2,1,43.295795
GraphTransformer (no bias),6,2,1,43.289352
GraphTransformer (no bias),6,2,1,43.310127
GraphTransformer (no bias),6,2,1,43.299698
GraphTransformer (no bias),6,2,1,43.32177
GraphTransformer (no bias),6,2,1,43.309895
GraphTransformer (no bias),6,2,1,43.29893
GraphTransformer (no bias),6,2,1,43.309643
GraphTransformer (no bias),6,3,1,43.33479
GraphTransformer (no bias),6,3,1,43.348423
GraphTransformer (no bias),6,3,1,43.350136
GraphTransformer (no bias),6,3,1,43.360535
GraphTransformer (no bias),6,3,1,43.3619
GraphTransformer (no bias),6,3,1,43.362118
GraphTransformer (no bias),6,3,1,43.363464
GraphTransformer (no bias),6,3,1,43.3647
GraphTransformer (no bias),6,3,1,43.389183
GraphTransformer (no bias),6,3,1,43.371082
GraphTransformer (no bias),6,4,1,43.225735
GraphTransformer (no bias),6,4,1,43.244495
GraphTransformer (no bias),6,4,1,43.264187
GraphTransformer (no bias),6,4,1,43.264133
GraphTransformer (no bias),6,4,1,43.258442
GraphTransformer (no bias),6,4,1,43.250076
GraphTransformer (no bias),6,4,1,43.23352
GraphTransformer (no bias),6,4,1,43.25367
GraphTransformer (no bias),6,4,1,43.24529
GraphTransformer (no bias),6,4,1,43.25667
GraphTransformer (no bias),6,5,1,43.332245
GraphTransformer (no bias),6,5,1,43.32857
GraphTransformer (no bias),6,5,1,43.334457
GraphTransformer (no bias),6,5,1,43.30138
GraphTransformer (no bias),6,5,1,43.32446
GraphTransformer (no bias),6,5,1,43.32465
GraphTransformer (no bias),6,5,1,43.332336
GraphTransformer (no bias),6,5,1,43.33657
GraphTransformer (no bias),6,5,1,43.3353
GraphTransformer (no bias),6,5,1,43.359043
GraphTransformer (no bias),6,6,1,42.555267
GraphTransformer (no bias),6,6,1,42.547523
GraphTransformer (no bias),6,6,1,42.546078
GraphTransformer (no bias),6,6,1,42.54385
GraphTransformer (no bias),6,6,1,42.564987
GraphTransformer (no bias),6,6,1,42.555378
GraphTransformer (no bias),6,6,1,42.55933
GraphTransformer (no bias),6,6,1,42.56368
GraphTransformer (no bias),6,6,1,42.577698
GraphTransformer (no bias),6,6,1,42.57164
GraphTransformer (no bias),6,7,1,43.001755
GraphTransformer (no bias),6,7,1,42.962227
GraphTransformer (no bias),6,7,1,42.97669
GraphTransformer (no bias),6,7,1,42.963936
GraphTransformer (no bias),6,7,1,42.976646
GraphTransformer (no bias),6,7,1,42.954113
GraphTransformer (no bias),6,7,1,42.953762
GraphTransformer (no bias),6,7,1,42.949356
GraphTransformer (no bias),6,7,1,42.960403
GraphTransformer (no bias),6,7,1,42.94528
GraphTransformer (no bias),6,8,1,43.16881
GraphTransformer (no bias),6,8,1,43.180878
GraphTransformer (no bias),6,8,1,43.193855
GraphTransformer (no bias),6,8,1,43.194077
GraphTransformer (no bias),6,8,1,43.17269
GraphTransformer (no bias),6,8,1,43.160053
GraphTransformer (no bias),6,8,1,43.148594
GraphTransformer (no bias),6,8,1,43.13542
GraphTransformer (no bias),6,8,1,43.145874
GraphTransformer (no bias),6,8,1,43.154133
GraphTransformer (no bias),6,9,1,42.968426
GraphTransformer (no bias),6,9,1,42.927593
GraphTransformer (no bias),6,9,1,42.929455
GraphTransformer (no bias),6,9,1,42.953022
GraphTransformer (no bias),6,9,1,42.925007
GraphTransformer (no bias),6,9,1,42.930283
GraphTransformer (no bias),6,9,1,42.956764
GraphTransformer (no bias),6,9,1,42.977528
GraphTransformer (no bias),6,9,1,42.999153
GraphTransformer (no bias),6,9,1,42.939766
GraphTransformer (no bias),6,10,1,42.751087
GraphTransformer (no bias),6,10,1,42.775158
GraphTransformer (no bias),6,10,1,42.777977
GraphTransformer (no bias),6,10,1,42.77077
GraphTransformer (no bias),6,10,1,42.791397
GraphTransformer (no bias),6,10,1,42.798584
GraphTransformer (no bias),6,10,1,42.77998
GraphTransformer (no bias),6,10,1,42.76793
GraphTransformer (no bias),6,10,1,42.796185
GraphTransformer (no bias),6,10,1,42.7821
GraphTransformer (no bias),7,1,1,43.224373
GraphTransformer (no bias),7,1,1,43.238907
GraphTransformer (no bias),7,1,1,43.232628
GraphTransformer (no bias),7,1,1,43.22202
GraphTransformer (no bias),7,1,1,43.22554
GraphTransformer (no bias),7,1,1,43.230892
GraphTransformer (no bias),7,1,1,43.22483
GraphTransformer (no bias),7,1,1,43.218
GraphTransformer (no bias),7,1,1,43.217953
GraphTransformer (no bias),7,1,1,43.222282
GraphTransformer (no bias),7,2,1,43.23947
GraphTransformer (no bias),7,2,1,43.237858
GraphTransformer (no bias),7,2,1,43.247276
GraphTransformer (no bias),7,2,1,43.24931
GraphTransformer (no bias),7,2,1,43.244087
GraphTransformer (no bias),7,2,1,43.23994
GraphTransformer (no bias),7,2,1,43.252453
GraphTransformer (no bias),7,2,1,43.24738
GraphTransformer (no bias),7,2,1,43.245014
GraphTransformer (no bias),7,2,1,43.241142
GraphTransformer (no bias),7,3,1,43.37976
GraphTransformer (no bias),7,3,1,43.389584
GraphTransformer (no bias),7,3,1,43.387424
GraphTransformer (no bias),7,3,1,43.393707
GraphTransformer (no bias),7,3,1,43.374866
GraphTransformer (no bias),7,3,1,43.385838
GraphTransformer (no bias),7,3,1,43.38038
GraphTransformer (no bias),7,3,1,43.377583
GraphTransformer (no bias),7,3,1,43.381187
GraphTransformer (no bias),7,3,1,43.385475
GraphTransformer (no bias),7,4,1,43.2007
GraphTransformer (no bias),7,4,1,43.202423
GraphTransformer (no bias),7,4,1,43.20839
GraphTransformer (no bias),7,4,1,43.205486
GraphTransformer (no bias),7,4,1,43.210766
GraphTransformer (no bias),7,4,1,43.204975
GraphTransformer (no bias),7,4,1,43.19671
GraphTransformer (no bias),7,4,1,43.210926
GraphTransformer (no bias),7,4,1,43.21764
GraphTransformer (no bias),7,4,1,43.216022
GraphTransformer (no bias),7,5,1,43.329082
GraphTransformer (no bias),7,5,1,43.35506
GraphTransformer (no bias),7,5,1,43.33053
GraphTransformer (no bias),7,5,1,43.334747
GraphTransformer (no bias),7,5,1,43.340923
GraphTransformer (no bias),7,5,1,43.340424
GraphTransformer (no bias),7,5,1,43.333614
GraphTransformer (no bias),7,5,1,43.33661
GraphTransformer (no bias),7,5,1,43.332928
GraphTransformer (no bias),7,5,1,43.32946
GraphTransformer (no bias),7,6,1,42.62352
GraphTransformer (no bias),7,6,1,42.609787
GraphTransformer (no bias),7,6,1,42.60927
GraphTransformer (no bias),7,6,1,42.59929
GraphTransformer (no bias),7,6,1,42.594482
GraphTransformer (no bias),7,6,1,42.59898
GraphTransformer (no bias),7,6,1,42.611103
GraphTransformer (no bias),7,6,1,42.601963
GraphTransformer (no bias),7,6,1,42.605846
GraphTransformer (no bias),7,6,1,42.603554
GraphTransformer (no bias),7,7,1,42.967762
GraphTransformer (no bias),7,7,1,42.995884
GraphTransformer (no bias),7,7,1,42.958103
GraphTransformer (no bias),7,7,1,42.95996
GraphTransformer (no bias),7,7,1,42.939365
GraphTransformer (no bias),7,7,1,42.952953
GraphTransformer (no bias),7,7,1,42.951923
GraphTransformer (no bias),7,7,1,42.94088
GraphTransformer (no bias),7,7,1,42.934162
GraphTransformer (no bias),7,7,1,42.92669
GraphTransformer (no bias),7,8,1,42.995502
GraphTransformer (no bias),7,8,1,43.02771
GraphTransformer (no bias),7,8,1,43.01036
GraphTransformer (no bias),7,8,1,43.023937
GraphTransformer (no bias),7,8,1,43.02341
GraphTransformer (no bias),7,8,1,43.015594
GraphTransformer (no bias),7,8,1,43.02878
GraphTransformer (no bias),7,8,1,43.020977
GraphTransformer (no bias),7,8,1,43.00072
GraphTransformer (no bias),7,8,1,42.990135
GraphTransformer (no bias),7,9,1,42.8569
GraphTransformer (no bias),7,9,1,42.846222
GraphTransformer (no bias),7,9,1,42.851852
GraphTransformer (no bias),7,9,1,42.835697
GraphTransformer (no bias),7,9,1,42.8431
GraphTransformer (no bias),7,9,1,42.84713
GraphTransformer (no bias),7,9,1,42.867558
GraphTransformer (no bias),7,9,1,42.871597
GraphTransformer (no bias),7,9,1,42.857372
GraphTransformer (no bias),7,9,1,42.858246
GraphTransformer (no bias),7,10,1,43.002647
GraphTransformer (no bias),7,10,1,43.048283
GraphTransformer (no bias),7,10,1,43.033764
GraphTransformer (no bias),7,10,1,43.0341
GraphTransformer (no bias),7,10,1,43.062584
GraphTransformer (no bias),7,10,1,43.0411
GraphTransformer (no bias),7,10,1,43.040466
GraphTransformer (no bias),7,10,1,43.058804
GraphTransformer (no bias),7,10,1,43.03777
GraphTransformer (no bias),7,10,1,43.03771
GraphTransformer (no bias),8,1,1,43.218784
GraphTransformer (no bias),8,1,1,43.2089
GraphTransformer (no bias),8,1,1,43.248478
GraphTransformer (no bias),8,1,1,43.273003
GraphTransformer (no bias),8,1,1,43.23912
GraphTransformer (no bias),8,1,1,43.266415
GraphTransformer (no bias),8,1,1,43.24176
GraphTransformer (no bias),8,1,1,43.253414
GraphTransformer (no bias),8,1,1,43.24445
GraphTransformer (no bias),8,1,1,43.241497
GraphTransformer (no bias),8,2,1,43.332783
GraphTransformer (no bias),8,2,1,43.4062
GraphTransformer (no bias),8,2,1,43.383926
GraphTransformer (no bias),8,2,1,43.383816
GraphTransformer (no bias),8,2,1,43.371773
GraphTransformer (no bias),8,2,1,43.36234
GraphTransformer (no bias),8,2,1,43.345516
GraphTransformer (no bias),8,2,1,43.348293
GraphTransformer (no bias),8,2,1,43.33969
GraphTransformer (no bias),8,2,1,43.378574
GraphTransformer (no bias),8,3,1,43.287945
GraphTransformer (no bias),8,3,1,43.31292
GraphTransformer (no bias),8,3,1,43.291893
GraphTransformer (no bias),8,3,1,43.267746
GraphTransformer (no bias),8,3,1,43.274998
GraphTransformer (no bias),8,3,1,43.286182
GraphTransformer (no bias),8,3,1,43.28286
GraphTransformer (no bias),8,3,1,43.29847
GraphTransformer (no bias),8,3,1,43.29474
GraphTransformer (no bias),8,3,1,43.304436
GraphTransformer (no bias),8,4,1,43.169613
GraphTransformer (no bias),8,4,1,43.170643
GraphTransformer (no bias),8,4,1,43.144646
GraphTransformer (no bias),8,4,1,43.153984
GraphTransformer (no bias),8,4,1,43.155987
GraphTransformer (no bias),8,4,1,43.138863
GraphTransformer (no bias),8,4,1,43.128845
GraphTransformer (no bias),8,4,1,43.15158
GraphTransformer (no bias),8,4,1,43.136654
GraphTransformer (no bias),8,4,1,43.137062
GraphTransformer (no bias),8,5,1,43.37636
GraphTransformer (no bias),8,5,1,43.377712
GraphTransformer (no bias),8,5,1,43.371067
GraphTransformer (no bias),8,5,1,43.371124
GraphTransformer (no bias),8,5,1,43.364735
GraphTransformer (no bias),8,5,1,43.361774
GraphTransformer (no bias),8,5,1,43.359055
GraphTransformer (no bias),8,5,1,43.363758
GraphTransformer (no bias),8,5,1,43.37382
GraphTransformer (no bias),8,5,1,43.362476
GraphTransformer (no bias),8,6,1,42.91267
GraphTransformer (no bias),8,6,1,42.963554
GraphTransformer (no bias),8,6,1,42.961906
GraphTransformer (no bias),8,6,1,42.940887
GraphTransformer (no bias),8,6,1,42.964493
GraphTransformer (no bias),8,6,1,42.94941
GraphTransformer (no bias),8,6,1,42.942787
GraphTransformer (no bias),8,6,1,42.974068
GraphTransformer (no bias),8,6,1,42.973526
GraphTransformer (no bias),8,6,1,42.967525
GraphTransformer (no bias),8,7,1,42.993996
GraphTransformer (no bias),8,7,1,42.95532
GraphTransformer (no bias),8,7,1,42.97995
GraphTransformer (no bias),8,7,1,42.987522
GraphTransformer (no bias),8,7,1,42.989113
GraphTransformer (no bias),8,7,1,42.98927
GraphTransformer (no bias),8,7,1,42.987934
GraphTransformer (no bias),8,7,1,42.94021
GraphTransformer (no bias),8,7,1,42.984512
GraphTransformer (no bias),8,7,1,42.960686
GraphTransformer (no bias),8,8,1,42.838596
GraphTransformer (no bias),8,8,1,42.815384
GraphTransformer (no bias),8,8,1,42.797207
GraphTransformer (no bias),8,8,1,42.783447
GraphTransformer (no bias),8,8,1,42.779675
GraphTransformer (no bias),8,8,1,42.800533
GraphTransformer (no bias),8,8,1,42.79948
GraphTransformer (no bias),8,8,1,42.82065
GraphTransformer (no bias),8,8,1,42.828205
GraphTransformer (no bias),8,8,1,42.8015
GraphTransformer (no bias),8,9,1,42.61361
GraphTransformer (no bias),8,9,1,42.613445
GraphTransformer (no bias),8,9,1,42.613377
GraphTransformer (no bias),8,9,1,42.60317
GraphTransformer (no bias),8,9,1,42.626297
GraphTransformer (no bias),8,9,1,42.614235
GraphTransformer (no bias),8,9,1,42.58369
GraphTransformer (no bias),8,9,1,42.595673
GraphTransformer (no bias),8,9,1,42.59897
GraphTransformer (no bias),8,9,1,42.5908
GraphTransformer (no bias),8,10,1,43.169594
GraphTransformer (no bias),8,10,1,43.155094
GraphTransformer (no bias),8,10,1,43.173634
GraphTransformer (no bias),8,10,1,43.164436
GraphTransformer (no bias),8,10,1,43.17395
GraphTransformer (no bias),8,10,1,43.143635
GraphTransformer (no bias),8,10,1,43.1512
GraphTransformer (no bias),8,10,1,43.13323
GraphTransformer (no bias),8,10,1,43.139683
GraphTransformer (no bias),8,10,1,43.14244
GraphTransformer (no bias),9,1,1,43.17663
GraphTransformer (no bias),9,1,1,43.174637
GraphTransformer (no bias),9,1,1,43.173832
GraphTransformer (no bias),9,1,1,43.172966
GraphTransformer (no bias),9,1,1,43.173744
GraphTransformer (no bias),9,1,1,43.178734
GraphTransformer (no bias),9,1,1,43.180275
GraphTransformer (no bias),9,1,1,43.17722
GraphTransformer (no bias),9,1,1,43.17591
GraphTransformer (no bias),9,1,1,43.17176
GraphTransformer (no bias),9,2,1,43.27134
GraphTransformer (no bias),9,2,1,43.278175
GraphTransformer (no bias),9,2,1,43.272728
GraphTransformer (no bias),9,2,1,43.27409
GraphTransformer (no bias),9,2,1,43.2736
GraphTransformer (no bias),9,2,1,43.270805
GraphTransformer (no bias),9,2,1,43.270073
GraphTransformer (no bias),9,2,1,43.274246
GraphTransformer (no bias),9,2,1,43.272034
GraphTransformer (no bias),9,2,1,43.2727
GraphTransformer (no bias),9,3,1,43.418617
GraphTransformer (no bias),9,3,1,43.41505
GraphTransformer (no bias),9,3,1,43.421185
GraphTransformer (no bias),9,3,1,43.42115
GraphTransformer (no bias),9,3,1,43.41909
GraphTransformer (no bias),9,3,1,43.42187
GraphTransformer (no bias),9,3,1,43.42011
GraphTransformer (no bias),9,3,1,43.42052
GraphTransformer (no bias),9,3,1,43.42477
GraphTransformer (no bias),9,3,1,43.42657
GraphTransformer (no bias),9,4,1,43.241688
GraphTransformer (no bias),9,4,1,43.24234
GraphTransformer (no bias),9,4,1,43.242855
GraphTransformer (no bias),9,4,1,43.240208
GraphTransformer (no bias),9,4,1,43.24162
GraphTransformer (no bias),9,4,1,43.245415
GraphTransformer (no bias),9,4,1,43.246277
GraphTransformer (no bias),9,4,1,43.24838
GraphTransformer (no bias),9,4,1,43.24489
GraphTransformer (no bias),9,4,1,43.24376
GraphTransformer (no bias),9,5,1,43.349274
GraphTransformer (no bias),9,5,1,43.34378
GraphTransformer (no bias),9,5,1,43.331814
GraphTransformer (no bias),9,5,1,43.320934
GraphTransformer (no bias),9,5,1,43.31802
GraphTransformer (no bias),9,5,1,43.323284
GraphTransformer (no bias),9,5,1,43.319294
GraphTransformer (no bias),9,5,1,43.312412
GraphTransformer (no bias),9,5,1,43.305553
GraphTransformer (no bias),9,5,1,43.309296
GraphTransformer (no bias),9,6,1,42.811237
GraphTransformer (no bias),9,6,1,42.806587
GraphTransformer (no bias),9,6,1,42.80631
GraphTransformer (no bias),9,6,1,42.8087
GraphTransformer (no bias),9,6,1,42.80804
GraphTransformer (no bias),9,6,1,42.807472
GraphTransformer (no bias),9,6,1,42.810394
GraphTransformer (no bias),9,6,1,42.81597
GraphTransformer (no bias),9,6,1,42.81176
GraphTransformer (no bias),9,6,1,42.80603
GraphTransformer (no bias),9,7,1,42.78837
GraphTransformer (no bias),9,7,1,42.76805
GraphTransformer (no bias),9,7,1,42.747746
GraphTransformer (no bias),9,7,1,42.735703
GraphTransformer (no bias),9,7,1,42.745255
GraphTransformer (no bias),9,7,1,42.72836
GraphTransformer (no bias),9,7,1,42.73068
GraphTransformer (no bias),9,7,1,42.753582
GraphTransformer (no bias),9,7,1,42.771793
GraphTransformer (no bias),9,7,1,42.737766
GraphTransformer (no bias),9,8,1,43.08541
GraphTransformer (no bias),9,8,1,43.07223
GraphTransformer (no bias),9,8,1,43.065174
GraphTransformer (no bias),9,8,1,43.07243
GraphTransformer (no bias),9,8,1,43.079914
GraphTransformer (no bias),9,8,1,43.054916
GraphTransformer (no bias),9,8,1,43.045605
GraphTransformer (no bias),9,8,1,43.030914
GraphTransformer (no bias),9,8,1,43.043194
GraphTransformer (no bias),9,8,1,43.055943
GraphTransformer (no bias),9,9,1,43.018024
GraphTransformer (no bias),9,9,1,43.01298
GraphTransformer (no bias),9,9,1,42.992672
GraphTransformer (no bias),9,9,1,42.988323
GraphTransformer (no bias),9,9,1,43.001453
GraphTransformer (no bias),9,9,1,42.997005
GraphTransformer (no bias),9,9,1,42.998856
GraphTransformer (no bias),9,9,1,43.001354
GraphTransformer (no bias),9,9,1,42.989693
GraphTransformer (no bias),9,9,1,42.98985
GraphTransformer (no bias),9,10,1,43.008194
GraphTransformer (no bias),9,10,1,43.017197
GraphTransformer (no bias),9,10,1,43.016804
GraphTransformer (no bias),9,10,1,43.00626
GraphTransformer (no bias),9,10,1,43.017128
GraphTransformer (no bias),9,10,1,43.000404
GraphTransformer (no bias),9,10,1,43.034565
GraphTransformer (no bias),9,10,1,42.99879
GraphTransformer (no bias),9,10,1,43.016323
GraphTransformer (no bias),9,10,1,43.004425
GraphTransformer (no bias),10,1,1,43.096928
GraphTransformer (no bias),10,1,1,43.093716
GraphTransformer (no bias),10,1,1,43.094288
GraphTransformer (no bias),10,1,1,43.09553
GraphTransformer (no bias),10,1,1,43.09903
GraphTransformer (no bias),10,1,1,43.098248
GraphTransformer (no bias),10,1,1,43.0966
GraphTransformer (no bias),10,1,1,43.096226
GraphTransformer (no bias),10,1,1,43.094307
GraphTransformer (no bias),10,1,1,43.094624
GraphTransformer (no bias),10,2,1,43.15381
GraphTransformer (no bias),10,2,1,43.159477
GraphTransformer (no bias),10,2,1,43.15927
GraphTransformer (no bias),10,2,1,43.158913
GraphTransformer (no bias),10,2,1,43.15132
GraphTransformer (no bias),10,2,1,43.15779
GraphTransformer (no bias),10,2,1,43.166245
GraphTransformer (no bias),10,2,1,43.163292
GraphTransformer (no bias),10,2,1,43.163372
GraphTransformer (no bias),10,2,1,43.157665
GraphTransformer (no bias),10,3,1,43.371246
GraphTransformer (no bias),10,3,1,43.387714
GraphTransformer (no bias),10,3,1,43.392967
GraphTransformer (no bias),10,3,1,43.385963
GraphTransformer (no bias),10,3,1,43.38732
GraphTransformer (no bias),10,3,1,43.39329
GraphTransformer (no bias),10,3,1,43.383842
GraphTransformer (no bias),10,3,1,43.377075
GraphTransformer (no bias),10,3,1,43.368835
GraphTransformer (no bias),10,3,1,43.37356
GraphTransformer (no bias),10,4,1,43.234215
GraphTransformer (no bias),10,4,1,43.22632
GraphTransformer (no bias),10,4,1,43.219986
GraphTransformer (no bias),10,4,1,43.224155
GraphTransformer (no bias),10,4,1,43.222378
GraphTransformer (no bias),10,4,1,43.224403
GraphTransformer (no bias),10,4,1,43.22514
GraphTransformer (no bias),10,4,1,43.22118
GraphTransformer (no bias),10,4,1,43.22968
GraphTransformer (no bias),10,4,1,43.233677
GraphTransformer (no bias),10,5,1,43.435665
GraphTransformer (no bias),10,5,1,43.428925
GraphTransformer (no bias),10,5,1,43.427937
GraphTransformer (no bias),10,5,1,43.429134
GraphTransformer (no bias),10,5,1,43.432407
GraphTransformer (no bias),10,5,1,43.42221
GraphTransformer (no bias),10,5,1,43.41842
GraphTransformer (no bias),10,5,1,43.415825
GraphTransformer (no bias),10,5,1,43.418407
GraphTransformer (no bias),10,5,1,43.418125
GraphTransformer (no bias),10,6,1,42.802647
GraphTransformer (no bias),10,6,1,42.79268
GraphTransformer (no bias),10,6,1,42.791153
GraphTransformer (no bias),10,6,1,42.7957
GraphTransformer (no bias),10,6,1,42.792576
GraphTransformer (no bias),10,6,1,42.79047
GraphTransformer (no bias),10,6,1,42.78042
GraphTransformer (no bias),10,6,1,42.78477
GraphTransformer (no bias),10,6,1,42.79438
GraphTransformer (no bias),10,6,1,42.77945
GraphTransformer (no bias),10,7,1,42.93339
GraphTransformer (no bias),10,7,1,42.927273
GraphTransformer (no bias),10,7,1,42.924477
GraphTransformer (no bias),10,7,1,42.983044
GraphTransformer (no bias),10,7,1,42.89775
GraphTransformer (no bias),10,7,1,42.91908
GraphTransformer (no bias),10,7,1,42.92358
GraphTransformer (no bias),10,7,1,42.920864
GraphTransformer (no bias),10,7,1,42.911385
GraphTransformer (no bias),10,7,1,42.91247
GraphTransformer (no bias),10,8,1,43.007927
GraphTransformer (no bias),10,8,1,43.00945
GraphTransformer (no bias),10,8,1,43.00381
GraphTransformer (no bias),10,8,1,43.00234
GraphTransformer (no bias),10,8,1,43.001858
GraphTransformer (no bias),10,8,1,43.002625
GraphTransformer (no bias),10,8,1,43.006207
GraphTransformer (no bias),10,8,1,42.99542
GraphTransformer (no bias),10,8,1,43.008354
GraphTransformer (no bias),10,8,1,43.012573
GraphTransformer (no bias),10,9,1,43.133686
GraphTransformer (no bias),10,9,1,43.12895
GraphTransformer (no bias),10,9,1,43.12401
GraphTransformer (no bias),10,9,1,43.11736
GraphTransformer (no bias),10,9,1,43.126003
GraphTransformer (no bias),10,9,1,43.12328
GraphTransformer (no bias),10,9,1,43.13027
GraphTransformer (no bias),10,9,1,43.12047
GraphTransformer (no bias),10,9,1,43.13137
GraphTransformer (no bias),10,9,1,43.127773
GraphTransformer (no bias),10,10,1,43.022335
GraphTransformer (no bias),10,10,1,43.03621
GraphTransformer (no bias),10,10,1,43.03616
GraphTransformer (no bias),10,10,1,43.048355
GraphTransformer (no bias),10,10,1,43.05067
GraphTransformer (no bias),10,10,1,43.049995
GraphTransformer (no bias),10,10,1,43.039955
GraphTransformer (no bias),10,10,1,43.055267
GraphTransformer (no bias),10,10,1,43.03071
GraphTransformer (no bias),10,10,1,43.0426
GraphTransformer (no bias),1,1,0,42.566334
GraphTransformer (no bias),1,1,0,42.560696
GraphTransformer (no bias),1,1,0,42.79583
GraphTransformer (no bias),1,1,0,42.631165
GraphTransformer (no bias),1,1,0,42.746254
GraphTransformer (no bias),1,1,0,42.98695
GraphTransformer (no bias),1,1,0,42.67334
GraphTransformer (no bias),1,1,0,42.771717
GraphTransformer (no bias),1,1,0,42.701767
GraphTransformer (no bias),1,1,0,42.655197
GraphTransformer (no bias),1,2,0,42.72519
GraphTransformer (no bias),1,2,0,42.58076
GraphTransformer (no bias),1,2,0,42.709705
GraphTransformer (no bias),1,2,0,42.66567
GraphTransformer (no bias),1,2,0,42.689213
GraphTransformer (no bias),1,2,0,42.622684
GraphTransformer (no bias),1,2,0,42.61119
GraphTransformer (no bias),1,2,0,42.700947
GraphTransformer (no bias),1,2,0,42.473984
GraphTransformer (no bias),1,2,0,42.55679
GraphTransformer (no bias),1,3,0,42.823677
GraphTransformer (no bias),1,3,0,42.784626
GraphTransformer (no bias),1,3,0,42.668148
GraphTransformer (no bias),1,3,0,42.84813
GraphTransformer (no bias),1,3,0,42.735626
GraphTransformer (no bias),1,3,0,42.837616
GraphTransformer (no bias),1,3,0,42.87679
GraphTransformer (no bias),1,3,0,43.041626
GraphTransformer (no bias),1,3,0,42.896168
GraphTransformer (no bias),1,3,0,42.769337
GraphTransformer (no bias),1,4,0,43.085464
GraphTransformer (no bias),1,4,0,42.968643
GraphTransformer (no bias),1,4,0,42.853893
GraphTransformer (no bias),1,4,0,42.947273
GraphTransformer (no bias),1,4,0,42.977722
GraphTransformer (no bias),1,4,0,42.50949
GraphTransformer (no bias),1,4,0,42.703808
GraphTransformer (no bias),1,4,0,42.91673
GraphTransformer (no bias),1,4,0,42.911568
GraphTransformer (no bias),1,4,0,43.032196
GraphTransformer (no bias),1,5,0,42.94459
GraphTransformer (no bias),1,5,0,42.819435
GraphTransformer (no bias),1,5,0,42.864807
GraphTransformer (no bias),1,5,0,42.953407
GraphTransformer (no bias),1,5,0,42.864994
GraphTransformer (no bias),1,5,0,42.894432
GraphTransformer (no bias),1,5,0,42.83124
GraphTransformer (no bias),1,5,0,42.978966
GraphTransformer (no bias),1,5,0,42.83102
GraphTransformer (no bias),1,5,0,42.92528
GraphTransformer (no bias),1,6,0,42.395977
GraphTransformer (no bias),1,6,0,42.05988
GraphTransformer (no bias),1,6,0,42.19287
GraphTransformer (no bias),1,6,0,42.24934
GraphTransformer (no bias),1,6,0,42.334206
GraphTransformer (no bias),1,6,0,42.30419
GraphTransformer (no bias),1,6,0,42.28728
GraphTransformer (no bias),1,6,0,42.282833
GraphTransformer (no bias),1,6,0,42.25267
GraphTransformer (no bias),1,6,0,42.11455
GraphTransformer (no bias),1,7,0,42.841885
GraphTransformer (no bias),1,7,0,43.134228
GraphTransformer (no bias),1,7,0,42.757515
GraphTransformer (no bias),1,7,0,42.941303
GraphTransformer (no bias),1,7,0,42.70984
GraphTransformer (no bias),1,7,0,42.756554
GraphTransformer (no bias),1,7,0,42.7946
GraphTransformer (no bias),1,7,0,42.829693
GraphTransformer (no bias),1,7,0,42.5757
GraphTransformer (no bias),1,7,0,43.035202
GraphTransformer (no bias),1,8,0,42.63302
GraphTransformer (no bias),1,8,0,42.459583
GraphTransformer (no bias),1,8,0,42.516838
GraphTransformer (no bias),1,8,0,42.618053
GraphTransformer (no bias),1,8,0,42.723885
GraphTransformer (no bias),1,8,0,42.724304
GraphTransformer (no bias),1,8,0,43.000744
GraphTransformer (no bias),1,8,0,42.422993
GraphTransformer (no bias),1,8,0,42.87617
GraphTransformer (no bias),1,8,0,42.607098
GraphTransformer (no bias),1,9,0,43.097733
GraphTransformer (no bias),1,9,0,42.97068
GraphTransformer (no bias),1,9,0,42.84977
GraphTransformer (no bias),1,9,0,43.126495
GraphTransformer (no bias),1,9,0,43.001247
GraphTransformer (no bias),1,9,0,42.892548
GraphTransformer (no bias),1,9,0,42.89454
GraphTransformer (no bias),1,9,0,42.741222
GraphTransformer (no bias),1,9,0,43.061905
GraphTransformer (no bias),1,9,0,43.07483
GraphTransformer (no bias),1,10,0,42.639633
GraphTransformer (no bias),1,10,0,42.602306
GraphTransformer (no bias),1,10,0,42.61937
GraphTransformer (no bias),1,10,0,42.52971
GraphTransformer (no bias),1,10,0,42.496834
GraphTransformer (no bias),1,10,0,42.427185
GraphTransformer (no bias),1,10,0,42.54678
GraphTransformer (no bias),1,10,0,42.48967
GraphTransformer (no bias),1,10,0,42.56925
GraphTransformer (no bias),1,10,0,42.521374
GraphTransformer (no bias),2,1,0,43.180595
GraphTransformer (no bias),2,1,0,43.15233
GraphTransformer (no bias),2,1,0,43.15341
GraphTransformer (no bias),2,1,0,43.123913
GraphTransformer (no bias),2,1,0,43.116566
GraphTransformer (no bias),2,1,0,43.13111
GraphTransformer (no bias),2,1,0,43.0802
GraphTransformer (no bias),2,1,0,43.08763
GraphTransformer (no bias),2,1,0,43.08088
GraphTransformer (no bias),2,1,0,43.086216
GraphTransformer (no bias),2,2,0,43.1509
GraphTransformer (no bias),2,2,0,43.12618
GraphTransformer (no bias),2,2,0,43.10798
GraphTransformer (no bias),2,2,0,43.13086
GraphTransformer (no bias),2,2,0,43.17121
GraphTransformer (no bias),2,2,0,43.111904
GraphTransformer (no bias),2,2,0,43.08297
GraphTransformer (no bias),2,2,0,43.13098
GraphTransformer (no bias),2,2,0,43.093655
GraphTransformer (no bias),2,2,0,43.067024
GraphTransformer (no bias),2,3,0,43.173897
GraphTransformer (no bias),2,3,0,43.13597
GraphTransformer (no bias),2,3,0,43.146088
GraphTransformer (no bias),2,3,0,43.152805
GraphTransformer (no bias),2,3,0,43.138836
GraphTransformer (no bias),2,3,0,43.12823
GraphTransformer (no bias),2,3,0,43.17807
GraphTransformer (no bias),2,3,0,43.156277
GraphTransformer (no bias),2,3,0,43.173653
GraphTransformer (no bias),2,3,0,43.174038
GraphTransformer (no bias),2,4,0,43.158466
GraphTransformer (no bias),2,4,0,43.12872
GraphTransformer (no bias),2,4,0,43.159405
GraphTransformer (no bias),2,4,0,43.157326
GraphTransformer (no bias),2,4,0,43.168186
GraphTransformer (no bias),2,4,0,43.146248
GraphTransformer (no bias),2,4,0,43.157932
GraphTransformer (no bias),2,4,0,43.15139
GraphTransformer (no bias),2,4,0,43.213566
GraphTransformer (no bias),2,4,0,43.23676
GraphTransformer (no bias),2,5,0,43.230778
GraphTransformer (no bias),2,5,0,43.120045
GraphTransformer (no bias),2,5,0,43.108284
GraphTransformer (no bias),2,5,0,43.189884
GraphTransformer (no bias),2,5,0,43.229618
GraphTransformer (no bias),2,5,0,43.137203
GraphTransformer (no bias),2,5,0,43.25142
GraphTransformer (no bias),2,5,0,43.148647
GraphTransformer (no bias),2,5,0,43.21702
GraphTransformer (no bias),2,5,0,43.164665
GraphTransformer (no bias),2,6,0,42.70623
GraphTransformer (no bias),2,6,0,42.6962
GraphTransformer (no bias),2,6,0,42.7379
GraphTransformer (no bias),2,6,0,42.72552
GraphTransformer (no bias),2,6,0,42.687946
GraphTransformer (no bias),2,6,0,42.705738
GraphTransformer (no bias),2,6,0,42.697227
GraphTransformer (no bias),2,6,0,42.653027
GraphTransformer (no bias),2,6,0,42.701576
GraphTransformer (no bias),2,6,0,42.690216
GraphTransformer (no bias),2,7,0,43.055367
GraphTransformer (no bias),2,7,0,43.075325
GraphTransformer (no bias),2,7,0,43.052567
GraphTransformer (no bias),2,7,0,43.013565
GraphTransformer (no bias),2,7,0,43.006577
GraphTransformer (no bias),2,7,0,42.9482
GraphTransformer (no bias),2,7,0,43.028587
GraphTransformer (no bias),2,7,0,43.006855
GraphTransformer (no bias),2,7,0,43.014935
GraphTransformer (no bias),2,7,0,43.05174
GraphTransformer (no bias),2,8,0,42.78826
GraphTransformer (no bias),2,8,0,42.65986
GraphTransformer (no bias),2,8,0,42.73069
GraphTransformer (no bias),2,8,0,42.789745
GraphTransformer (no bias),2,8,0,42.69021
GraphTransformer (no bias),2,8,0,42.625546
GraphTransformer (no bias),2,8,0,42.77702
GraphTransformer (no bias),2,8,0,42.673096
GraphTransformer (no bias),2,8,0,42.791016
GraphTransformer (no bias),2,8,0,42.7586
GraphTransformer (no bias),2,9,0,42.73541
GraphTransformer (no bias),2,9,0,42.7181
GraphTransformer (no bias),2,9,0,42.714527
GraphTransformer (no bias),2,9,0,42.7562
GraphTransformer (no bias),2,9,0,42.722813
GraphTransformer (no bias),2,9,0,42.712643
GraphTransformer (no bias),2,9,0,42.683712
GraphTransformer (no bias),2,9,0,42.675705
GraphTransformer (no bias),2,9,0,42.70457
GraphTransformer (no bias),2,9,0,42.71276
GraphTransformer (no bias),2,10,0,42.924294
GraphTransformer (no bias),2,10,0,42.96631
GraphTransformer (no bias),2,10,0,42.86284
GraphTransformer (no bias),2,10,0,42.917313
GraphTransformer (no bias),2,10,0,42.850594
GraphTransformer (no bias),2,10,0,42.875072
GraphTransformer (no bias),2,10,0,42.831085
GraphTransformer (no bias),2,10,0,42.879047
GraphTransformer (no bias),2,10,0,42.777073
GraphTransformer (no bias),2,10,0,42.7893
GraphTransformer (no bias),3,1,0,42.619347
GraphTransformer (no bias),3,1,0,42.86761
GraphTransformer (no bias),3,1,0,42.888306
GraphTransformer (no bias),3,1,0,42.72829
GraphTransformer (no bias),3,1,0,42.64854
GraphTransformer (no bias),3,1,0,42.586357
GraphTransformer (no bias),3,1,0,42.647106
GraphTransformer (no bias),3,1,0,42.644775
GraphTransformer (no bias),3,1,0,42.598694
GraphTransformer (no bias),3,1,0,42.4236
GraphTransformer (no bias),3,2,0,42.998543
GraphTransformer (no bias),3,2,0,43.020683
GraphTransformer (no bias),3,2,0,43.078438
GraphTransformer (no bias),3,2,0,42.994984
GraphTransformer (no bias),3,2,0,42.804756
GraphTransformer (no bias),3,2,0,42.829613
GraphTransformer (no bias),3,2,0,42.791054
GraphTransformer (no bias),3,2,0,42.94873
GraphTransformer (no bias),3,2,0,42.94862
GraphTransformer (no bias),3,2,0,43.25043
GraphTransformer (no bias),3,3,0,42.973038
GraphTransformer (no bias),3,3,0,43.061626
GraphTransformer (no bias),3,3,0,43.162197
GraphTransformer (no bias),3,3,0,43.1365
GraphTransformer (no bias),3,3,0,42.95874
GraphTransformer (no bias),3,3,0,43.050842
GraphTransformer (no bias),3,3,0,43.025806
GraphTransformer (no bias),3,3,0,42.94885
GraphTransformer (no bias),3,3,0,43.036346
GraphTransformer (no bias),3,3,0,43.099464
GraphTransformer (no bias),3,4,0,43.306217
GraphTransformer (no bias),3,4,0,43.286793
GraphTransformer (no bias),3,4,0,43.182583
GraphTransformer (no bias),3,4,0,43.226418
GraphTransformer (no bias),3,4,0,43.247536
GraphTransformer (no bias),3,4,0,43.12615
GraphTransformer (no bias),3,4,0,43.1291
GraphTransformer (no bias),3,4,0,43.181515
GraphTransformer (no bias),3,4,0,43.10314
GraphTransformer (no bias),3,4,0,43.230804
GraphTransformer (no bias),3,5,0,43.03447
GraphTransformer (no bias),3,5,0,43.06858
GraphTransformer (no bias),3,5,0,43.139744
GraphTransformer (no bias),3,5,0,42.966984
GraphTransformer (no bias),3,5,0,43.067028
GraphTransformer (no bias),3,5,0,42.936565
GraphTransformer (no bias),3,5,0,43.210632
GraphTransformer (no bias),3,5,0,43.01262
GraphTransformer (no bias),3,5,0,43.25045
GraphTransformer (no bias),3,5,0,43.16567
GraphTransformer (no bias),3,6,0,42.900887
GraphTransformer (no bias),3,6,0,42.91235
GraphTransformer (no bias),3,6,0,42.831676
GraphTransformer (no bias),3,6,0,42.936104
GraphTransformer (no bias),3,6,0,42.88023
GraphTransformer (no bias),3,6,0,42.79955
GraphTransformer (no bias),3,6,0,42.95496
GraphTransformer (no bias),3,6,0,42.929756
GraphTransformer (no bias),3,6,0,42.908325
GraphTransformer (no bias),3,6,0,42.947475
GraphTransformer (no bias),3,7,0,42.5432
GraphTransformer (no bias),3,7,0,42.56199
GraphTransformer (no bias),3,7,0,42.540924
GraphTransformer (no bias),3,7,0,42.485542
GraphTransformer (no bias),3,7,0,42.48653
GraphTransformer (no bias),3,7,0,42.492916
GraphTransformer (no bias),3,7,0,42.644844
GraphTransformer (no bias),3,7,0,42.777378
GraphTransformer (no bias),3,7,0,42.57758
GraphTransformer (no bias),3,7,0,42.49463
GraphTransformer (no bias),3,8,0,42.325817
GraphTransformer (no bias),3,8,0,42.404533
GraphTransformer (no bias),3,8,0,42.45629
GraphTransformer (no bias),3,8,0,42.343704
GraphTransformer (no bias),3,8,0,42.447517
GraphTransformer (no bias),3,8,0,42.37642
GraphTransformer (no bias),3,8,0,42.43069
GraphTransformer (no bias),3,8,0,42.20441
GraphTransformer (no bias),3,8,0,42.45683
GraphTransformer (no bias),3,8,0,42.318672
GraphTransformer (no bias),3,9,0,42.98569
GraphTransformer (no bias),3,9,0,43.007004
GraphTransformer (no bias),3,9,0,42.99865
GraphTransformer (no bias),3,9,0,43.043526
GraphTransformer (no bias),3,9,0,43.11663
GraphTransformer (no bias),3,9,0,42.91914
GraphTransformer (no bias),3,9,0,42.893654
GraphTransformer (no bias),3,9,0,42.889473
GraphTransformer (no bias),3,9,0,42.839897
GraphTransformer (no bias),3,9,0,42.843693
GraphTransformer (no bias),3,10,0,42.40286
GraphTransformer (no bias),3,10,0,42.27708
GraphTransformer (no bias),3,10,0,42.389225
GraphTransformer (no bias),3,10,0,42.27928
GraphTransformer (no bias),3,10,0,42.256138
GraphTransformer (no bias),3,10,0,42.37611
GraphTransformer (no bias),3,10,0,42.16942
GraphTransformer (no bias),3,10,0,42.433422
GraphTransformer (no bias),3,10,0,42.386894
GraphTransformer (no bias),3,10,0,42.45829
GraphTransformer (no bias),4,1,0,43.25755
GraphTransformer (no bias),4,1,0,43.215923
GraphTransformer (no bias),4,1,0,43.24346
GraphTransformer (no bias),4,1,0,43.184673
GraphTransformer (no bias),4,1,0,43.21691
GraphTransformer (no bias),4,1,0,43.135765
GraphTransformer (no bias),4,1,0,43.159317
GraphTransformer (no bias),4,1,0,43.16082
GraphTransformer (no bias),4,1,0,43.12789
GraphTransformer (no bias),4,1,0,43.20358
GraphTransformer (no bias),4,2,0,43.063965
GraphTransformer (no bias),4,2,0,42.99724
GraphTransformer (no bias),4,2,0,42.973423
GraphTransformer (no bias),4,2,0,42.998516
GraphTransformer (no bias),4,2,0,42.929058
GraphTransformer (no bias),4,2,0,43.01348
GraphTransformer (no bias),4,2,0,42.935127
GraphTransformer (no bias),4,2,0,42.928696
GraphTransformer (no bias),4,2,0,42.99559
GraphTransformer (no bias),4,2,0,43.116417
GraphTransformer (no bias),4,3,0,43.119232
GraphTransformer (no bias),4,3,0,43.07546
GraphTransformer (no bias),4,3,0,43.152668
GraphTransformer (no bias),4,3,0,43.142456
GraphTransformer (no bias),4,3,0,43.149643
GraphTransformer (no bias),4,3,0,43.04583
GraphTransformer (no bias),4,3,0,43.093567
GraphTransformer (no bias),4,3,0,43.080265
GraphTransformer (no bias),4,3,0,43.153057
GraphTransformer (no bias),4,3,0,43.114193
GraphTransformer (no bias),4,4,0,43.144855
GraphTransformer (no bias),4,4,0,43.043663
GraphTransformer (no bias),4,4,0,42.683743
GraphTransformer (no bias),4,4,0,43.09322
GraphTransformer (no bias),4,4,0,42.99435
GraphTransformer (no bias),4,4,0,43.024994
GraphTransformer (no bias),4,4,0,43.141678
GraphTransformer (no bias),4,4,0,43.180218
GraphTransformer (no bias),4,4,0,43.12179
GraphTransformer (no bias),4,4,0,43.160076
GraphTransformer (no bias),4,5,0,43.269695
GraphTransformer (no bias),4,5,0,43.2718
GraphTransformer (no bias),4,5,0,43.25584
GraphTransformer (no bias),4,5,0,43.344
GraphTransformer (no bias),4,5,0,43.341232
GraphTransformer (no bias),4,5,0,43.348488
GraphTransformer (no bias),4,5,0,43.259502
GraphTransformer (no bias),4,5,0,43.256157
GraphTransformer (no bias),4,5,0,43.250183
GraphTransformer (no bias),4,5,0,43.28506
GraphTransformer (no bias),4,6,0,42.660564
GraphTransformer (no bias),4,6,0,42.66938
GraphTransformer (no bias),4,6,0,42.643097
GraphTransformer (no bias),4,6,0,42.756817
GraphTransformer (no bias),4,6,0,42.758347
GraphTransformer (no bias),4,6,0,42.745113
GraphTransformer (no bias),4,6,0,42.725365
GraphTransformer (no bias),4,6,0,42.73838
GraphTransformer (no bias),4,6,0,42.70744
GraphTransformer (no bias),4,6,0,42.737648
GraphTransformer (no bias),4,7,0,42.557556
GraphTransformer (no bias),4,7,0,42.69098
GraphTransformer (no bias),4,7,0,42.678753
GraphTransformer (no bias),4,7,0,42.586063
GraphTransformer (no bias),4,7,0,42.69052
GraphTransformer (no bias),4,7,0,42.422848
GraphTransformer (no bias),4,7,0,42.394962
GraphTransformer (no bias),4,7,0,42.423336
GraphTransformer (no bias),4,7,0,42.401154
GraphTransformer (no bias),4,7,0,42.45662
GraphTransformer (no bias),4,8,0,43.25688
GraphTransformer (no bias),4,8,0,43.305504
GraphTransformer (no bias),4,8,0,43.17067
GraphTransformer (no bias),4,8,0,43.267723
GraphTransformer (no bias),4,8,0,43.268322
GraphTransformer (no bias),4,8,0,42.874287
GraphTransformer (no bias),4,8,0,43.19411
GraphTransformer (no bias),4,8,0,43.181232
GraphTransformer (no bias),4,8,0,43.14467
GraphTransformer (no bias),4,8,0,43.25523
GraphTransformer (no bias),4,9,0,42.8766
GraphTransformer (no bias),4,9,0,42.838985
GraphTransformer (no bias),4,9,0,42.826412
GraphTransformer (no bias),4,9,0,42.900387
GraphTransformer (no bias),4,9,0,42.88027
GraphTransformer (no bias),4,9,0,42.878433
GraphTransformer (no bias),4,9,0,42.8651
GraphTransformer (no bias),4,9,0,42.808743
GraphTransformer (no bias),4,9,0,42.684174
GraphTransformer (no bias),4,9,0,42.736275
GraphTransformer (no bias),4,10,0,42.817978
GraphTransformer (no bias),4,10,0,42.830185
GraphTransformer (no bias),4,10,0,42.871708
GraphTransformer (no bias),4,10,0,42.727516
GraphTransformer (no bias),4,10,0,42.652313
GraphTransformer (no bias),4,10,0,42.666946
GraphTransformer (no bias),4,10,0,42.718327
GraphTransformer (no bias),4,10,0,42.746895
GraphTransformer (no bias),4,10,0,42.683186
GraphTransformer (no bias),4,10,0,42.653267
GraphTransformer (no bias),5,1,0,42.45587
GraphTransformer (no bias),5,1,0,42.41898
GraphTransformer (no bias),5,1,0,42.405407
GraphTransformer (no bias),5,1,0,42.280926
GraphTransformer (no bias),5,1,0,42.300827
GraphTransformer (no bias),5,1,0,42.308723
GraphTransformer (no bias),5,1,0,42.286583
GraphTransformer (no bias),5,1,0,42.296677
GraphTransformer (no bias),5,1,0,42.33881
GraphTransformer (no bias),5,1,0,42.401966
GraphTransformer (no bias),5,2,0,42.914154
GraphTransformer (no bias),5,2,0,42.959587
GraphTransformer (no bias),5,2,0,42.91226
GraphTransformer (no bias),5,2,0,42.945927
GraphTransformer (no bias),5,2,0,42.86678
GraphTransformer (no bias),5,2,0,42.77059
GraphTransformer (no bias),5,2,0,42.715588
GraphTransformer (no bias),5,2,0,42.811302
GraphTransformer (no bias),5,2,0,42.758846
GraphTransformer (no bias),5,2,0,42.74324
GraphTransformer (no bias),5,3,0,42.57329
GraphTransformer (no bias),5,3,0,42.52683
GraphTransformer (no bias),5,3,0,42.564728
GraphTransformer (no bias),5,3,0,42.634033
GraphTransformer (no bias),5,3,0,42.698395
GraphTransformer (no bias),5,3,0,42.653347
GraphTransformer (no bias),5,3,0,42.65967
GraphTransformer (no bias),5,3,0,42.690414
GraphTransformer (no bias),5,3,0,42.679733
GraphTransformer (no bias),5,3,0,42.654552
GraphTransformer (no bias),5,4,0,42.456528
GraphTransformer (no bias),5,4,0,42.50725
GraphTransformer (no bias),5,4,0,42.390945
GraphTransformer (no bias),5,4,0,42.41183
GraphTransformer (no bias),5,4,0,42.305668
GraphTransformer (no bias),5,4,0,42.46818
GraphTransformer (no bias),5,4,0,42.48813
GraphTransformer (no bias),5,4,0,42.394955
GraphTransformer (no bias),5,4,0,42.538998
GraphTransformer (no bias),5,4,0,42.50081
GraphTransformer (no bias),5,5,0,42.75118
GraphTransformer (no bias),5,5,0,42.83732
GraphTransformer (no bias),5,5,0,42.72924
GraphTransformer (no bias),5,5,0,42.654
GraphTransformer (no bias),5,5,0,42.601135
GraphTransformer (no bias),5,5,0,42.836685
GraphTransformer (no bias),5,5,0,42.76546
GraphTransformer (no bias),5,5,0,42.69737
GraphTransformer (no bias),5,5,0,42.589905
GraphTransformer (no bias),5,5,0,42.88594
GraphTransformer (no bias),5,6,0,42.509068
GraphTransformer (no bias),5,6,0,42.380608
GraphTransformer (no bias),5,6,0,42.43449
GraphTransformer (no bias),5,6,0,42.308113
GraphTransformer (no bias),5,6,0,42.376404
GraphTransformer (no bias),5,6,0,42.534145
GraphTransformer (no bias),5,6,0,42.549915
GraphTransformer (no bias),5,6,0,42.498596
GraphTransformer (no bias),5,6,0,42.51165
GraphTransformer (no bias),5,6,0,42.59628
GraphTransformer (no bias),5,7,0,42.389404
GraphTransformer (no bias),5,7,0,42.45741
GraphTransformer (no bias),5,7,0,42.4133
GraphTransformer (no bias),5,7,0,42.382668
GraphTransformer (no bias),5,7,0,42.388153
GraphTransformer (no bias),5,7,0,42.432396
GraphTransformer (no bias),5,7,0,42.33169
GraphTransformer (no bias),5,7,0,42.35708
GraphTransformer (no bias),5,7,0,42.31554
GraphTransformer (no bias),5,7,0,42.418976
GraphTransformer (no bias),5,8,0,42.56799
GraphTransformer (no bias),5,8,0,42.52687
GraphTransformer (no bias),5,8,0,42.492214
GraphTransformer (no bias),5,8,0,42.513584
GraphTransformer (no bias),5,8,0,42.555035
GraphTransformer (no bias),5,8,0,42.68218
GraphTransformer (no bias),5,8,0,42.509846
GraphTransformer (no bias),5,8,0,42.581833
GraphTransformer (no bias),5,8,0,42.602417
GraphTransformer (no bias),5,8,0,42.420822
GraphTransformer (no bias),5,9,0,42.394913
GraphTransformer (no bias),5,9,0,42.40278
GraphTransformer (no bias),5,9,0,42.35327
GraphTransformer (no bias),5,9,0,42.34321
GraphTransformer (no bias),5,9,0,42.483925
GraphTransformer (no bias),5,9,0,42.484695
GraphTransformer (no bias),5,9,0,42.31013
GraphTransformer (no bias),5,9,0,42.406418
GraphTransformer (no bias),5,9,0,42.36539
GraphTransformer (no bias),5,9,0,42.388622
GraphTransformer (no bias),5,10,0,42.106823
GraphTransformer (no bias),5,10,0,42.19173
GraphTransformer (no bias),5,10,0,42.181664
GraphTransformer (no bias),5,10,0,42.20797
GraphTransformer (no bias),5,10,0,42.182594
GraphTransformer (no bias),5,10,0,42.21844
GraphTransformer (no bias),5,10,0,42.192837
GraphTransformer (no bias),5,10,0,42.218937
GraphTransformer (no bias),5,10,0,42.27404
GraphTransformer (no bias),5,10,0,42.259953
GraphTransformer (no bias),6,1,0,42.949463
GraphTransformer (no bias),6,1,0,42.919167
GraphTransformer (no bias),6,1,0,42.92775
GraphTransformer (no bias),6,1,0,42.97487
GraphTransformer (no bias),6,1,0,42.950615
GraphTransformer (no bias),6,1,0,42.934994
GraphTransformer (no bias),6,1,0,42.942505
GraphTransformer (no bias),6,1,0,42.9572
GraphTransformer (no bias),6,1,0,42.954548
GraphTransformer (no bias),6,1,0,43.027832
GraphTransformer (no bias),6,2,0,43.368256
GraphTransformer (no bias),6,2,0,43.351593
GraphTransformer (no bias),6,2,0,43.26428
GraphTransformer (no bias),6,2,0,43.312096
GraphTransformer (no bias),6,2,0,43.363396
GraphTransformer (no bias),6,2,0,43.31741
GraphTransformer (no bias),6,2,0,43.274693
GraphTransformer (no bias),6,2,0,43.310608
GraphTransformer (no bias),6,2,0,43.346325
GraphTransformer (no bias),6,2,0,43.286407
GraphTransformer (no bias),6,3,0,43.317413
GraphTransformer (no bias),6,3,0,43.30862
GraphTransformer (no bias),6,3,0,43.35588
GraphTransformer (no bias),6,3,0,43.37499
GraphTransformer (no bias),6,3,0,43.3312
GraphTransformer (no bias),6,3,0,43.37468
GraphTransformer (no bias),6,3,0,43.344803
GraphTransformer (no bias),6,3,0,43.356552
GraphTransformer (no bias),6,3,0,43.284187
GraphTransformer (no bias),6,3,0,43.35987
GraphTransformer (no bias),6,4,0,43.22558
GraphTransformer (no bias),6,4,0,43.217293
GraphTransformer (no bias),6,4,0,43.20163
GraphTransformer (no bias),6,4,0,43.23203
GraphTransformer (no bias),6,4,0,43.22154
GraphTransformer (no bias),6,4,0,43.22634
GraphTransformer (no bias),6,4,0,43.244347
GraphTransformer (no bias),6,4,0,43.26558
GraphTransformer (no bias),6,4,0,43.254776
GraphTransformer (no bias),6,4,0,43.250717
GraphTransformer (no bias),6,5,0,43.45128
GraphTransformer (no bias),6,5,0,43.43843
GraphTransformer (no bias),6,5,0,43.436516
GraphTransformer (no bias),6,5,0,43.4679
GraphTransformer (no bias),6,5,0,43.391
GraphTransformer (no bias),6,5,0,43.351925
GraphTransformer (no bias),6,5,0,43.383797
GraphTransformer (no bias),6,5,0,43.470894
GraphTransformer (no bias),6,5,0,43.45479
GraphTransformer (no bias),6,5,0,43.436234
GraphTransformer (no bias),6,6,0,42.719734
GraphTransformer (no bias),6,6,0,42.71638
GraphTransformer (no bias),6,6,0,42.67951
GraphTransformer (no bias),6,6,0,42.700813
GraphTransformer (no bias),6,6,0,42.671104
GraphTransformer (no bias),6,6,0,42.66867
GraphTransformer (no bias),6,6,0,42.666378
GraphTransformer (no bias),6,6,0,42.69258
GraphTransformer (no bias),6,6,0,42.72999
GraphTransformer (no bias),6,6,0,42.70106
GraphTransformer (no bias),6,7,0,43.039913
GraphTransformer (no bias),6,7,0,43.09541
GraphTransformer (no bias),6,7,0,43.108658
GraphTransformer (no bias),6,7,0,43.085976
GraphTransformer (no bias),6,7,0,43.070724
GraphTransformer (no bias),6,7,0,43.001266
GraphTransformer (no bias),6,7,0,43.046616
GraphTransformer (no bias),6,7,0,42.95407
GraphTransformer (no bias),6,7,0,43.051117
GraphTransformer (no bias),6,7,0,42.94707
GraphTransformer (no bias),6,8,0,43.055477
GraphTransformer (no bias),6,8,0,43.02228
GraphTransformer (no bias),6,8,0,43.10387
GraphTransformer (no bias),6,8,0,43.146725
GraphTransformer (no bias),6,8,0,43.158672
GraphTransformer (no bias),6,8,0,43.01286
GraphTransformer (no bias),6,8,0,43.030914
GraphTransformer (no bias),6,8,0,42.950447
GraphTransformer (no bias),6,8,0,42.988735
GraphTransformer (no bias),6,8,0,43.12273
GraphTransformer (no bias),6,9,0,42.67739
GraphTransformer (no bias),6,9,0,42.688206
GraphTransformer (no bias),6,9,0,42.711597
GraphTransformer (no bias),6,9,0,42.625275
GraphTransformer (no bias),6,9,0,42.630424
GraphTransformer (no bias),6,9,0,42.714336
GraphTransformer (no bias),6,9,0,42.668148
GraphTransformer (no bias),6,9,0,42.686516
GraphTransformer (no bias),6,9,0,42.649303
GraphTransformer (no bias),6,9,0,42.67757
GraphTransformer (no bias),6,10,0,42.71032
GraphTransformer (no bias),6,10,0,42.739246
GraphTransformer (no bias),6,10,0,42.708935
GraphTransformer (no bias),6,10,0,42.75867
GraphTransformer (no bias),6,10,0,42.718132
GraphTransformer (no bias),6,10,0,42.690628
GraphTransformer (no bias),6,10,0,42.732952
GraphTransformer (no bias),6,10,0,42.737183
GraphTransformer (no bias),6,10,0,42.71449
GraphTransformer (no bias),6,10,0,42.739346
GraphTransformer (no bias),7,1,0,43.208412
GraphTransformer (no bias),7,1,0,43.219402
GraphTransformer (no bias),7,1,0,43.217503
GraphTransformer (no bias),7,1,0,43.213135
GraphTransformer (no bias),7,1,0,43.213196
GraphTransformer (no bias),7,1,0,43.21337
GraphTransformer (no bias),7,1,0,43.24461
GraphTransformer (no bias),7,1,0,43.244965
GraphTransformer (no bias),7,1,0,43.24689
GraphTransformer (no bias),7,1,0,43.231842
GraphTransformer (no bias),7,2,0,43.271202
GraphTransformer (no bias),7,2,0,43.247864
GraphTransformer (no bias),7,2,0,43.250557
GraphTransformer (no bias),7,2,0,43.237484
GraphTransformer (no bias),7,2,0,43.2548
GraphTransformer (no bias),7,2,0,43.276688
GraphTransformer (no bias),7,2,0,43.2852
GraphTransformer (no bias),7,2,0,43.262302
GraphTransformer (no bias),7,2,0,43.26641
GraphTransformer (no bias),7,2,0,43.263542
GraphTransformer (no bias),7,3,0,43.36449
GraphTransformer (no bias),7,3,0,43.360424
GraphTransformer (no bias),7,3,0,43.39046
GraphTransformer (no bias),7,3,0,43.370983
GraphTransformer (no bias),7,3,0,43.3633
GraphTransformer (no bias),7,3,0,43.369488
GraphTransformer (no bias),7,3,0,43.379593
GraphTransformer (no bias),7,3,0,43.36894
GraphTransformer (no bias),7,3,0,43.374413
GraphTransformer (no bias),7,3,0,43.38101
GraphTransformer (no bias),7,4,0,43.2604
GraphTransformer (no bias),7,4,0,43.260975
GraphTransformer (no bias),7,4,0,43.24914
GraphTransformer (no bias),7,4,0,43.222015
GraphTransformer (no bias),7,4,0,43.201088
GraphTransformer (no bias),7,4,0,43.099262
GraphTransformer (no bias),7,4,0,43.2573
GraphTransformer (no bias),7,4,0,43.203636
GraphTransformer (no bias),7,4,0,43.185036
GraphTransformer (no bias),7,4,0,43.16316
GraphTransformer (no bias),7,5,0,43.30308
GraphTransformer (no bias),7,5,0,43.25709
GraphTransformer (no bias),7,5,0,43.300285
GraphTransformer (no bias),7,5,0,43.315956
GraphTransformer (no bias),7,5,0,43.29523
GraphTransformer (no bias),7,5,0,43.25627
GraphTransformer (no bias),7,5,0,43.305252
GraphTransformer (no bias),7,5,0,43.316475
GraphTransformer (no bias),7,5,0,43.295517
GraphTransformer (no bias),7,5,0,43.29084
GraphTransformer (no bias),7,6,0,42.615734
GraphTransformer (no bias),7,6,0,42.62612
GraphTransformer (no bias),7,6,0,42.621235
GraphTransformer (no bias),7,6,0,42.63343
GraphTransformer (no bias),7,6,0,42.635506
GraphTransformer (no bias),7,6,0,42.644814
GraphTransformer (no bias),7,6,0,42.579964
GraphTransformer (no bias),7,6,0,42.589943
GraphTransformer (no bias),7,6,0,42.590847
GraphTransformer (no bias),7,6,0,42.601135
GraphTransformer (no bias),7,7,0,42.95463
GraphTransformer (no bias),7,7,0,42.985535
GraphTransformer (no bias),7,7,0,42.924004
GraphTransformer (no bias),7,7,0,43.060978
GraphTransformer (no bias),7,7,0,43.00936
GraphTransformer (no bias),7,7,0,42.910538
GraphTransformer (no bias),7,7,0,43.013157
GraphTransformer (no bias),7,7,0,42.965073
GraphTransformer (no bias),7,7,0,43.030945
GraphTransformer (no bias),7,7,0,42.994595
GraphTransformer (no bias),7,8,0,42.976723
GraphTransformer (no bias),7,8,0,42.95395
GraphTransformer (no bias),7,8,0,42.981686
GraphTransformer (no bias),7,8,0,42.87951
GraphTransformer (no bias),7,8,0,42.799007
GraphTransformer (no bias),7,8,0,42.77689
GraphTransformer (no bias),7,8,0,42.88477
GraphTransformer (no bias),7,8,0,42.80305
GraphTransformer (no bias),7,8,0,42.843193
GraphTransformer (no bias),7,8,0,42.861256
GraphTransformer (no bias),7,9,0,42.82621
GraphTransformer (no bias),7,9,0,42.85615
GraphTransformer (no bias),7,9,0,42.851425
GraphTransformer (no bias),7,9,0,42.865486
GraphTransformer (no bias),7,9,0,42.883347
GraphTransformer (no bias),7,9,0,42.877804
GraphTransformer (no bias),7,9,0,42.76667
GraphTransformer (no bias),7,9,0,42.935703
GraphTransformer (no bias),7,9,0,42.80226
GraphTransformer (no bias),7,9,0,42.760654
GraphTransformer (no bias),7,10,0,42.960705
GraphTransformer (no bias),7,10,0,42.972237
GraphTransformer (no bias),7,10,0,42.994007
GraphTransformer (no bias),7,10,0,42.96091
GraphTransformer (no bias),7,10,0,42.943718
GraphTransformer (no bias),7,10,0,42.930557
GraphTransformer (no bias),7,10,0,43.025707
GraphTransformer (no bias),7,10,0,43.088142
GraphTransformer (no bias),7,10,0,43.06168
GraphTransformer (no bias),7,10,0,42.94811
GraphTransformer (no bias),8,1,0,43.156998
GraphTransformer (no bias),8,1,0,43.164967
GraphTransformer (no bias),8,1,0,43.172745
GraphTransformer (no bias),8,1,0,43.174282
GraphTransformer (no bias),8,1,0,43.1824
GraphTransformer (no bias),8,1,0,43.169006
GraphTransformer (no bias),8,1,0,43.179966
GraphTransformer (no bias),8,1,0,43.180157
GraphTransformer (no bias),8,1,0,43.163914
GraphTransformer (no bias),8,1,0,43.15604
GraphTransformer (no bias),8,2,0,43.34447
GraphTransformer (no bias),8,2,0,43.35881
GraphTransformer (no bias),8,2,0,43.34412
GraphTransformer (no bias),8,2,0,43.315403
GraphTransformer (no bias),8,2,0,43.33706
GraphTransformer (no bias),8,2,0,43.330097
GraphTransformer (no bias),8,2,0,43.353813
GraphTransformer (no bias),8,2,0,43.341953
GraphTransformer (no bias),8,2,0,43.35371
GraphTransformer (no bias),8,2,0,43.342506
GraphTransformer (no bias),8,3,0,43.341644
GraphTransformer (no bias),8,3,0,43.30858
GraphTransformer (no bias),8,3,0,43.267677
GraphTransformer (no bias),8,3,0,43.199303
GraphTransformer (no bias),8,3,0,43.08101
GraphTransformer (no bias),8,3,0,43.20418
GraphTransformer (no bias),8,3,0,43.29297
GraphTransformer (no bias),8,3,0,43.344315
GraphTransformer (no bias),8,3,0,43.291298
GraphTransformer (no bias),8,3,0,43.25369
GraphTransformer (no bias),8,4,0,43.15379
GraphTransformer (no bias),8,4,0,43.138115
GraphTransformer (no bias),8,4,0,43.17715
GraphTransformer (no bias),8,4,0,43.19896
GraphTransformer (no bias),8,4,0,43.172874
GraphTransformer (no bias),8,4,0,43.197456
GraphTransformer (no bias),8,4,0,43.08436
GraphTransformer (no bias),8,4,0,43.06109
GraphTransformer (no bias),8,4,0,42.971058
GraphTransformer (no bias),8,4,0,43.044575
GraphTransformer (no bias),8,5,0,43.346485
GraphTransformer (no bias),8,5,0,43.326664
GraphTransformer (no bias),8,5,0,43.342503
GraphTransformer (no bias),8,5,0,43.368347
GraphTransformer (no bias),8,5,0,43.37875
GraphTransformer (no bias),8,5,0,43.34994
GraphTransformer (no bias),8,5,0,43.353867
GraphTransformer (no bias),8,5,0,43.358112
GraphTransformer (no bias),8,5,0,43.33149
GraphTransformer (no bias),8,5,0,43.3806
GraphTransformer (no bias),8,6,0,42.580086
GraphTransformer (no bias),8,6,0,42.605522
GraphTransformer (no bias),8,6,0,42.586094
GraphTransformer (no bias),8,6,0,42.58466
GraphTransformer (no bias),8,6,0,42.597885
GraphTransformer (no bias),8,6,0,42.59351
GraphTransformer (no bias),8,6,0,42.605507
GraphTransformer (no bias),8,6,0,42.565147
GraphTransformer (no bias),8,6,0,42.58369
GraphTransformer (no bias),8,6,0,42.586704
GraphTransformer (no bias),8,7,0,42.999447
GraphTransformer (no bias),8,7,0,42.98804
GraphTransformer (no bias),8,7,0,42.910656
GraphTransformer (no bias),8,7,0,42.87431
GraphTransformer (no bias),8,7,0,42.970146
GraphTransformer (no bias),8,7,0,42.953026
GraphTransformer (no bias),8,7,0,42.844593
GraphTransformer (no bias),8,7,0,42.8866
GraphTransformer (no bias),8,7,0,42.794632
GraphTransformer (no bias),8,7,0,42.869694
GraphTransformer (no bias),8,8,0,43.005062
GraphTransformer (no bias),8,8,0,42.98114
GraphTransformer (no bias),8,8,0,42.956852
GraphTransformer (no bias),8,8,0,42.955624
GraphTransformer (no bias),8,8,0,42.896168
GraphTransformer (no bias),8,8,0,42.96605
GraphTransformer (no bias),8,8,0,42.89549
GraphTransformer (no bias),8,8,0,42.80817
GraphTransformer (no bias),8,8,0,42.797657
GraphTransformer (no bias),8,8,0,42.928226
GraphTransformer (no bias),8,9,0,42.66627
GraphTransformer (no bias),8,9,0,42.637817
GraphTransformer (no bias),8,9,0,42.617283
GraphTransformer (no bias),8,9,0,42.626495
GraphTransformer (no bias),8,9,0,42.649563
GraphTransformer (no bias),8,9,0,42.664635
GraphTransformer (no bias),8,9,0,42.64897
GraphTransformer (no bias),8,9,0,42.635082
GraphTransformer (no bias),8,9,0,42.62833
GraphTransformer (no bias),8,9,0,42.60885
GraphTransformer (no bias),8,10,0,43.149017
GraphTransformer (no bias),8,10,0,43.138283
GraphTransformer (no bias),8,10,0,43.133434
GraphTransformer (no bias),8,10,0,43.026997
GraphTransformer (no bias),8,10,0,42.926155
GraphTransformer (no bias),8,10,0,43.03204
GraphTransformer (no bias),8,10,0,43.089546
GraphTransformer (no bias),8,10,0,42.86896
GraphTransformer (no bias),8,10,0,43.12262
GraphTransformer (no bias),8,10,0,43.112732
GraphTransformer (no bias),9,1,0,43.142136
GraphTransformer (no bias),9,1,0,43.137596
GraphTransformer (no bias),9,1,0,43.139305
GraphTransformer (no bias),9,1,0,43.16278
GraphTransformer (no bias),9,1,0,43.166756
GraphTransformer (no bias),9,1,0,43.191177
GraphTransformer (no bias),9,1,0,43.188957
GraphTransformer (no bias),9,1,0,43.186954
GraphTransformer (no bias),9,1,0,43.178623
GraphTransformer (no bias),9,1,0,43.177563
GraphTransformer (no bias),9,2,0,43.282936
GraphTransformer (no bias),9,2,0,43.277054
GraphTransformer (no bias),9,2,0,43.273132
GraphTransformer (no bias),9,2,0,43.25964
GraphTransformer (no bias),9,2,0,43.265938
GraphTransformer (no bias),9,2,0,43.26753
GraphTransformer (no bias),9,2,0,43.26747
GraphTransformer (no bias),9,2,0,43.28204
GraphTransformer (no bias),9,2,0,43.275585
GraphTransformer (no bias),9,2,0,43.263428
GraphTransformer (no bias),9,3,0,43.420177
GraphTransformer (no bias),9,3,0,43.4096
GraphTransformer (no bias),9,3,0,43.37504
GraphTransformer (no bias),9,3,0,43.41039
GraphTransformer (no bias),9,3,0,43.402058
GraphTransformer (no bias),9,3,0,43.393032
GraphTransformer (no bias),9,3,0,43.410873
GraphTransformer (no bias),9,3,0,43.385296
GraphTransformer (no bias),9,3,0,43.40367
GraphTransformer (no bias),9,3,0,43.39471
GraphTransformer (no bias),9,4,0,43.245502
GraphTransformer (no bias),9,4,0,43.254124
GraphTransformer (no bias),9,4,0,43.238235
GraphTransformer (no bias),9,4,0,43.232723
GraphTransformer (no bias),9,4,0,43.23808
GraphTransformer (no bias),9,4,0,43.18965
GraphTransformer (no bias),9,4,0,43.13915
GraphTransformer (no bias),9,4,0,43.218895
GraphTransformer (no bias),9,4,0,43.204617
GraphTransformer (no bias),9,4,0,43.18024
GraphTransformer (no bias),9,5,0,43.27016
GraphTransformer (no bias),9,5,0,43.331703
GraphTransformer (no bias),9,5,0,43.27397
GraphTransformer (no bias),9,5,0,43.35986
GraphTransformer (no bias),9,5,0,43.370895
GraphTransformer (no bias),9,5,0,43.30873
GraphTransformer (no bias),9,5,0,43.376236
GraphTransformer (no bias),9,5,0,43.37611
GraphTransformer (no bias),9,5,0,43.341045
GraphTransformer (no bias),9,5,0,43.37612
GraphTransformer (no bias),9,6,0,42.78482
GraphTransformer (no bias),9,6,0,42.77471
GraphTransformer (no bias),9,6,0,42.76521
GraphTransformer (no bias),9,6,0,42.780617
GraphTransformer (no bias),9,6,0,42.791103
GraphTransformer (no bias),9,6,0,42.78427
GraphTransformer (no bias),9,6,0,42.776314
GraphTransformer (no bias),9,6,0,42.771755
GraphTransformer (no bias),9,6,0,42.772423
GraphTransformer (no bias),9,6,0,42.78343
GraphTransformer (no bias),9,7,0,42.723915
GraphTransformer (no bias),9,7,0,42.717766
GraphTransformer (no bias),9,7,0,42.716686
GraphTransformer (no bias),9,7,0,42.71731
GraphTransformer (no bias),9,7,0,42.70871
GraphTransformer (no bias),9,7,0,42.705135
GraphTransformer (no bias),9,7,0,42.724552
GraphTransformer (no bias),9,7,0,42.760067
GraphTransformer (no bias),9,7,0,42.698746
GraphTransformer (no bias),9,7,0,42.682743
GraphTransformer (no bias),9,8,0,43.04095
GraphTransformer (no bias),9,8,0,43.06291
GraphTransformer (no bias),9,8,0,43.06805
GraphTransformer (no bias),9,8,0,43.055973
GraphTransformer (no bias),9,8,0,43.03233
GraphTransformer (no bias),9,8,0,43.0166
GraphTransformer (no bias),9,8,0,42.985443
GraphTransformer (no bias),9,8,0,42.995804
GraphTransformer (no bias),9,8,0,42.946117
GraphTransformer (no bias),9,8,0,43.036842
GraphTransformer (no bias),9,9,0,42.869026
GraphTransformer (no bias),9,9,0,42.88828
GraphTransformer (no bias),9,9,0,42.881798
GraphTransformer (no bias),9,9,0,42.86211
GraphTransformer (no bias),9,9,0,42.88495
GraphTransformer (no bias),9,9,0,42.90751
GraphTransformer (no bias),9,9,0,42.91395
GraphTransformer (no bias),9,9,0,42.944336
GraphTransformer (no bias),9,9,0,42.933758
GraphTransformer (no bias),9,9,0,42.89544
GraphTransformer (no bias),9,10,0,42.965557
GraphTransformer (no bias),9,10,0,42.978905
GraphTransformer (no bias),9,10,0,42.929775
GraphTransformer (no bias),9,10,0,42.905838
GraphTransformer (no bias),9,10,0,42.88507
GraphTransformer (no bias),9,10,0,42.91432
GraphTransformer (no bias),9,10,0,42.931423
GraphTransformer (no bias),9,10,0,42.910545
GraphTransformer (no bias),9,10,0,42.894043
GraphTransformer (no bias),9,10,0,42.88976
GraphTransformer (no bias),10,1,0,43.107037
GraphTransformer (no bias),10,1,0,43.10333
GraphTransformer (no bias),10,1,0,43.092697
GraphTransformer (no bias),10,1,0,43.094547
GraphTransformer (no bias),10,1,0,43.10525
GraphTransformer (no bias),10,1,0,43.10747
GraphTransformer (no bias),10,1,0,43.12509
GraphTransformer (no bias),10,1,0,43.12644
GraphTransformer (no bias),10,1,0,43.13215
GraphTransformer (no bias),10,1,0,43.121395
GraphTransformer (no bias),10,2,0,43.1478
GraphTransformer (no bias),10,2,0,43.14957
GraphTransformer (no bias),10,2,0,43.15361
GraphTransformer (no bias),10,2,0,43.156242
GraphTransformer (no bias),10,2,0,43.141773
GraphTransformer (no bias),10,2,0,43.13791
GraphTransformer (no bias),10,2,0,43.170223
GraphTransformer (no bias),10,2,0,43.13987
GraphTransformer (no bias),10,2,0,43.150597
GraphTransformer (no bias),10,2,0,43.149536
GraphTransformer (no bias),10,3,0,43.373928
GraphTransformer (no bias),10,3,0,43.394035
GraphTransformer (no bias),10,3,0,43.37496
GraphTransformer (no bias),10,3,0,43.35101
GraphTransformer (no bias),10,3,0,43.366795
GraphTransformer (no bias),10,3,0,43.34997
GraphTransformer (no bias),10,3,0,43.400024
GraphTransformer (no bias),10,3,0,43.389214
GraphTransformer (no bias),10,3,0,43.394314
GraphTransformer (no bias),10,3,0,43.38397
GraphTransformer (no bias),10,4,0,43.23953
GraphTransformer (no bias),10,4,0,43.23399
GraphTransformer (no bias),10,4,0,43.234898
GraphTransformer (no bias),10,4,0,43.17634
GraphTransformer (no bias),10,4,0,43.189384
GraphTransformer (no bias),10,4,0,43.160187
GraphTransformer (no bias),10,4,0,43.128616
GraphTransformer (no bias),10,4,0,43.18987
GraphTransformer (no bias),10,4,0,43.159122
GraphTransformer (no bias),10,4,0,43.103657
GraphTransformer (no bias),10,5,0,43.442867
GraphTransformer (no bias),10,5,0,43.408955
GraphTransformer (no bias),10,5,0,43.393772
GraphTransformer (no bias),10,5,0,43.426823
GraphTransformer (no bias),10,5,0,43.397312
GraphTransformer (no bias),10,5,0,43.38688
GraphTransformer (no bias),10,5,0,43.33813
GraphTransformer (no bias),10,5,0,43.40133
GraphTransformer (no bias),10,5,0,43.411476
GraphTransformer (no bias),10,5,0,43.406788
GraphTransformer (no bias),10,6,0,42.784557
GraphTransformer (no bias),10,6,0,42.782024
GraphTransformer (no bias),10,6,0,42.782413
GraphTransformer (no bias),10,6,0,42.78172
GraphTransformer (no bias),10,6,0,42.78532
GraphTransformer (no bias),10,6,0,42.78881
GraphTransformer (no bias),10,6,0,42.776608
GraphTransformer (no bias),10,6,0,42.77678
GraphTransformer (no bias),10,6,0,42.757767
GraphTransformer (no bias),10,6,0,42.755627
GraphTransformer (no bias),10,7,0,42.930996
GraphTransformer (no bias),10,7,0,42.90524
GraphTransformer (no bias),10,7,0,42.89664
GraphTransformer (no bias),10,7,0,42.870415
GraphTransformer (no bias),10,7,0,42.901608
GraphTransformer (no bias),10,7,0,42.85172
GraphTransformer (no bias),10,7,0,42.75778
GraphTransformer (no bias),10,7,0,42.80626
GraphTransformer (no bias),10,7,0,42.817608
GraphTransformer (no bias),10,7,0,42.830456
GraphTransformer (no bias),10,8,0,43.017593
GraphTransformer (no bias),10,8,0,43.00384
GraphTransformer (no bias),10,8,0,43.02536
GraphTransformer (no bias),10,8,0,42.879578
GraphTransformer (no bias),10,8,0,42.93956
GraphTransformer (no bias),10,8,0,42.837337
GraphTransformer (no bias),10,8,0,42.880272
GraphTransformer (no bias),10,8,0,42.858475
GraphTransformer (no bias),10,8,0,42.807293
GraphTransformer (no bias),10,8,0,42.92521
GraphTransformer (no bias),10,9,0,43.172623
GraphTransformer (no bias),10,9,0,43.17137
GraphTransformer (no bias),10,9,0,43.171577
GraphTransformer (no bias),10,9,0,43.183723
GraphTransformer (no bias),10,9,0,43.180786
GraphTransformer (no bias),10,9,0,43.180244
GraphTransformer (no bias),10,9,0,43.15002
GraphTransformer (no bias),10,9,0,43.176308
GraphTransformer (no bias),10,9,0,43.154697
GraphTransformer (no bias),10,9,0,43.144714
GraphTransformer (no bias),10,10,0,42.963837
GraphTransformer (no bias),10,10,0,42.960022
GraphTransformer (no bias),10,10,0,42.979347
GraphTransformer (no bias),10,10,0,42.952766
GraphTransformer (no bias),10,10,0,42.891106
GraphTransformer (no bias),10,10,0,42.84657
GraphTransformer (no bias),10,10,0,42.850315
GraphTransformer (no bias),10,10,0,42.991886
GraphTransformer (no bias),10,10,0,42.84341
GraphTransformer (no bias),10,10,0,42.993454
TCN,1,1,1,41.19727
TCN,1,1,1,41.227303
TCN,1,1,1,41.26242
TCN,1,1,1,41.22495
TCN,1,1,1,41.237297
TCN,1,1,1,41.23889
TCN,1,1,1,41.22972
TCN,1,1,1,41.240643
TCN,1,1,1,41.23163
TCN,1,1,1,41.209957
TCN,1,2,1,41.124508
TCN,1,2,1,41.084015
TCN,1,2,1,41.073288
TCN,1,2,1,41.022655
TCN,1,2,1,40.930195
TCN,1,2,1,41.01461
TCN,1,2,1,41.02873
TCN,1,2,1,41.04383
TCN,1,2,1,41.08344
TCN,1,2,1,41.071087
TCN,1,3,1,41.146282
TCN,1,3,1,41.135242
TCN,1,3,1,41.174286
TCN,1,3,1,41.154297
TCN,1,3,1,41.076786
TCN,1,3,1,41.142265
TCN,1,3,1,41.07478
TCN,1,3,1,41.049843
TCN,1,3,1,41.126675
TCN,1,3,1,41.14691
TCN,1,4,1,41.08074
TCN,1,4,1,40.95027
TCN,1,4,1,40.979195
TCN,1,4,1,40.960506
TCN,1,4,1,40.966343
TCN,1,4,1,40.995045
TCN,1,4,1,40.916092
TCN,1,4,1,40.94028
TCN,1,4,1,41.001766
TCN,1,4,1,40.9736
TCN,1,5,1,40.982258
TCN,1,5,1,40.879883
TCN,1,5,1,40.90149
TCN,1,5,1,40.87553
TCN,1,5,1,40.94434
TCN,1,5,1,40.912502
TCN,1,5,1,40.9318
TCN,1,5,1,40.87426
TCN,1,5,1,40.85859
TCN,1,5,1,40.891064
TCN,1,6,1,41.0188
TCN,1,6,1,40.9777
TCN,1,6,1,41.031414
TCN,1,6,1,40.972656
TCN,1,6,1,41.00618
TCN,1,6,1,40.855072
TCN,1,6,1,40.994785
TCN,1,6,1,40.8923
TCN,1,6,1,41.011143
TCN,1,6,1,40.953835
TCN,1,7,1,41.09521
TCN,1,7,1,40.983673
TCN,1,7,1,40.955227
TCN,1,7,1,40.966324
TCN,1,7,1,40.980434
TCN,1,7,1,40.950264
TCN,1,7,1,40.97761
TCN,1,7,1,40.955788
TCN,1,7,1,40.969097
TCN,1,7,1,40.951454
TCN,1,8,1,40.92961
TCN,1,8,1,40.959663
TCN,1,8,1,41.019768
TCN,1,8,1,40.942684
TCN,1,8,1,40.92261
TCN,1,8,1,40.935436
TCN,1,8,1,40.96289
TCN,1,8,1,40.922195
TCN,1,8,1,40.94825
TCN,1,8,1,40.966797
TCN,1,9,1,41.13636
TCN,1,9,1,41.17217
TCN,1,9,1,41.20041
TCN,1,9,1,41.130062
TCN,1,9,1,41.14864
TCN,1,9,1,41.145237
TCN,1,9,1,41.125427
TCN,1,9,1,41.13875
TCN,1,9,1,41.16313
TCN,1,9,1,41.15209
TCN,1,10,1,41.211426
TCN,1,10,1,41.249767
TCN,1,10,1,41.222622
TCN,1,10,1,41.217525
TCN,1,10,1,41.28009
TCN,1,10,1,41.228966
TCN,1,10,1,41.197014
TCN,1,10,1,41.186096
TCN,1,10,1,41.17066
TCN,1,10,1,41.222435
TCN,2,1,1,40.535904
TCN,2,1,1,40.489933
TCN,2,1,1,40.500263
TCN,2,1,1,40.489014
TCN,2,1,1,40.44549
TCN,2,1,1,40.520844
TCN,2,1,1,40.50597
TCN,2,1,1,40.414906
TCN,2,1,1,40.414967
TCN,2,1,1,40.39346
TCN,2,2,1,40.155815
TCN,2,2,1,40.02731
TCN,2,2,1,40.141304
TCN,2,2,1,40.19014
TCN,2,2,1,40.116516
TCN,2,2,1,40.04194
TCN,2,2,1,40.014603
TCN,2,2,1,40.147655
TCN,2,2,1,40.103653
TCN,2,2,1,40.130627
TCN,2,3,1,40.63712
TCN,2,3,1,40.531822
TCN,2,3,1,40.590538
TCN,2,3,1,40.57774
TCN,2,3,1,40.55714
TCN,2,3,1,40.58651
TCN,2,3,1,40.55447
TCN,2,3,1,40.569622
TCN,2,3,1,40.55766
TCN,2,3,1,40.577568
TCN,2,4,1,40.482876
TCN,2,4,1,40.458603
TCN,2,4,1,40.40016
TCN,2,4,1,40.37986
TCN,2,4,1,40.388435
TCN,2,4,1,40.393833
TCN,2,4,1,40.350666
TCN,2,4,1,40.346317
TCN,2,4,1,40.3389
TCN,2,4,1,40.26895
TCN,2,5,1,40.646606
TCN,2,5,1,40.66391
TCN,2,5,1,40.690052
TCN,2,5,1,40.66866
TCN,2,5,1,40.639954
TCN,2,5,1,40.586704
TCN,2,5,1,40.57902
TCN,2,5,1,40.55519
TCN,2,5,1,40.558247
TCN,2,5,1,40.591934
TCN,2,6,1,40.61455
TCN,2,6,1,40.62002
TCN,2,6,1,40.598534
TCN,2,6,1,40.59784
TCN,2,6,1,40.563347
TCN,2,6,1,40.56593
TCN,2,6,1,40.560047
TCN,2,6,1,40.598248
TCN,2,6,1,40.576576
TCN,2,6,1,40.578587
TCN,2,7,1,40.106453
TCN,2,7,1,40.153614
TCN,2,7,1,40.18593
TCN,2,7,1,40.198338
TCN,2,7,1,40.207336
TCN,2,7,1,40.175056
TCN,2,7,1,40.198036
TCN,2,7,1,40.17128
TCN,2,7,1,40.155613
TCN,2,7,1,40.192295
TCN,2,8,1,40.774338
TCN,2,8,1,40.78608
TCN,2,8,1,40.78734
TCN,2,8,1,40.74645
TCN,2,8,1,40.742645
TCN,2,8,1,40.716877
TCN,2,8,1,40.732956
TCN,2,8,1,40.79329
TCN,2,8,1,40.762962
TCN,2,8,1,40.729294
TCN,2,9,1,40.6806
TCN,2,9,1,40.695393
TCN,2,9,1,40.72288
TCN,2,9,1,40.726868
TCN,2,9,1,40.74779
TCN,2,9,1,40.75555
TCN,2,9,1,40.76442
TCN,2,9,1,40.76221
TCN,2,9,1,40.754177
TCN,2,9,1,40.77031
TCN,2,10,1,40.00372
TCN,2,10,1,40.05692
TCN,2,10,1,40.0173
TCN,2,10,1,40.0219
TCN,2,10,1,40.081345
TCN,2,10,1,40.08005
TCN,2,10,1,40.106346
TCN,2,10,1,40.115677
TCN,2,10,1,40.09474
TCN,2,10,1,40.023315
TCN,3,1,1,41.04296
TCN,3,1,1,40.879963
TCN,3,1,1,40.94603
TCN,3,1,1,40.983055
TCN,3,1,1,41.00328
TCN,3,1,1,40.983
TCN,3,1,1,40.90098
TCN,3,1,1,40.74665
TCN,3,1,1,40.845085
TCN,3,1,1,40.839207
TCN,3,2,1,40.72136
TCN,3,2,1,40.680527
TCN,3,2,1,40.578644
TCN,3,2,1,40.657017
TCN,3,2,1,40.75499
TCN,3,2,1,40.738907
TCN,3,2,1,40.72126
TCN,3,2,1,40.713364
TCN,3,2,1,40.749916
TCN,3,2,1,40.689007
TCN,3,3,1,40.627544
TCN,3,3,1,40.498306
TCN,3,3,1,40.457787
TCN,3,3,1,40.490543
TCN,3,3,1,40.5101
TCN,3,3,1,40.36401
TCN,3,3,1,40.35885
TCN,3,3,1,40.360744
TCN,3,3,1,40.271057
TCN,3,3,1,40.28638
TCN,3,4,1,40.836132
TCN,3,4,1,40.700867
TCN,3,4,1,40.721493
TCN,3,4,1,40.686634
TCN,3,4,1,40.68162
TCN,3,4,1,40.59046
TCN,3,4,1,40.81009
TCN,3,4,1,40.85498
TCN,3,4,1,40.76714
TCN,3,4,1,40.70212
TCN,3,5,1,41.189064
TCN,3,5,1,41.140038
TCN,3,5,1,41.176605
TCN,3,5,1,41.243336
TCN,3,5,1,41.21653
TCN,3,5,1,41.2666
TCN,3,5,1,41.69846
TCN,3,5,1,41.638237
TCN,3,5,1,41.565155
TCN,3,5,1,41.571697
TCN,3,6,1,40.858376
TCN,3,6,1,40.48369
TCN,3,6,1,40.623226
TCN,3,6,1,40.53198
TCN,3,6,1,40.456894
TCN,3,6,1,40.489395
TCN,3,6,1,40.449764
TCN,3,6,1,40.623276
TCN,3,6,1,40.627888
TCN,3,6,1,40.595997
TCN,3,7,1,41.5906
TCN,3,7,1,41.534355
TCN,3,7,1,41.47803
TCN,3,7,1,41.376743
TCN,3,7,1,41.41805
TCN,3,7,1,41.470596
TCN,3,7,1,41.458317
TCN,3,7,1,41.43949
TCN,3,7,1,41.274014
TCN,3,7,1,41.26983
TCN,3,8,1,41.584774
TCN,3,8,1,41.64795
TCN,3,8,1,41.663532
TCN,3,8,1,41.670315
TCN,3,8,1,41.68349
TCN,3,8,1,41.6213
TCN,3,8,1,41.570755
TCN,3,8,1,41.515324
TCN,3,8,1,41.570164
TCN,3,8,1,41.59548
TCN,3,9,1,40.57897
TCN,3,9,1,40.558502
TCN,3,9,1,40.50426
TCN,3,9,1,40.50585
TCN,3,9,1,40.597626
TCN,3,9,1,40.580914
TCN,3,9,1,40.574917
TCN,3,9,1,40.54756
TCN,3,9,1,40.6171
TCN,3,9,1,40.49232
TCN,3,10,1,41.132404
TCN,3,10,1,41.13219
TCN,3,10,1,41.14222
TCN,3,10,1,41.087364
TCN,3,10,1,41.09645
TCN,3,10,1,41.12124
TCN,3,10,1,41.09851
TCN,3,10,1,41.132908
TCN,3,10,1,41.10597
TCN,3,10,1,41.06834
TCN,4,1,1,40.265625
TCN,4,1,1,40.272377
TCN,4,1,1,40.34456
TCN,4,1,1,40.25609
TCN,4,1,1,40.253944
TCN,4,1,1,40.247066
TCN,4,1,1,40.22062
TCN,4,1,1,40.24611
TCN,4,1,1,40.204655
TCN,4,1,1,40.188946
TCN,4,2,1,40.511044
TCN,4,2,1,40.64053
TCN,4,2,1,40.588108
TCN,4,2,1,40.59914
TCN,4,2,1,40.6017
TCN,4,2,1,40.637386
TCN,4,2,1,40.571346
TCN,4,2,1,40.589756
TCN,4,2,1,40.620956
TCN,4,2,1,40.53823
TCN,4,3,1,40.596287
TCN,4,3,1,40.616665
TCN,4,3,1,40.596004
TCN,4,3,1,40.579926
TCN,4,3,1,40.57036
TCN,4,3,1,40.58126
TCN,4,3,1,40.612675
TCN,4,3,1,40.620754
TCN,4,3,1,40.585644
TCN,4,3,1,40.580803
TCN,4,4,1,40.656223
TCN,4,4,1,40.696712
TCN,4,4,1,40.69713
TCN,4,4,1,40.71707
TCN,4,4,1,40.673435
TCN,4,4,1,40.666286
TCN,4,4,1,40.665142
TCN,4,4,1,40.665955
TCN,4,4,1,40.654327
TCN,4,4,1,40.674786
TCN,4,5,1,40.342182
TCN,4,5,1,40.38541
TCN,4,5,1,40.336605
TCN,4,5,1,40.479534
TCN,4,5,1,40.45223
TCN,4,5,1,40.44859
TCN,4,5,1,40.42438
TCN,4,5,1,40.409584
TCN,4,5,1,40.445446
TCN,4,5,1,40.434475
TCN,4,6,1,40.784184
TCN,4,6,1,40.78041
TCN,4,6,1,40.76966
TCN,4,6,1,40.766903
TCN,4,6,1,40.670395
TCN,4,6,1,40.758183
TCN,4,6,1,40.74944
TCN,4,6,1,40.69179
TCN,4,6,1,40.703815
TCN,4,6,1,40.704617
TCN,4,7,1,41.149593
TCN,4,7,1,41.098324
TCN,4,7,1,41.13379
TCN,4,7,1,41.068222
TCN,4,7,1,41.103542
TCN,4,7,1,41.15958
TCN,4,7,1,41.167587
TCN,4,7,1,41.14181
TCN,4,7,1,41.157974
TCN,4,7,1,41.133816
TCN,4,8,1,40.40269
TCN,4,8,1,40.319973
TCN,4,8,1,40.29519
TCN,4,8,1,40.308926
TCN,4,8,1,40.285637
TCN,4,8,1,40.225445
TCN,4,8,1,40.2475
TCN,4,8,1,40.26386
TCN,4,8,1,40.225292
TCN,4,8,1,40.219578
TCN,4,9,1,40.6381
TCN,4,9,1,40.589027
TCN,4,9,1,40.619278
TCN,4,9,1,40.61443
TCN,4,9,1,40.617886
TCN,4,9,1,40.639202
TCN,4,9,1,40.642704
TCN,4,9,1,40.634632
TCN,4,9,1,40.646454
TCN,4,9,1,40.662735
TCN,4,10,1,41.28148
TCN,4,10,1,41.274586
TCN,4,10,1,41.271355
TCN,4,10,1,41.27758
TCN,4,10,1,41.32321
TCN,4,10,1,41.293335
TCN,4,10,1,41.293636
TCN,4,10,1,41.283546
TCN,4,10,1,41.284172
TCN,4,10,1,41.231583
TCN,5,1,1,41.171646
TCN,5,1,1,41.207035
TCN,5,1,1,41.208054
TCN,5,1,1,41.157776
TCN,5,1,1,41.17967
TCN,5,1,1,41.1701
TCN,5,1,1,41.18207
TCN,5,1,1,41.238644
TCN,5,1,1,41.207764
TCN,5,1,1,41.186886
TCN,5,2,1,41.167168
TCN,5,2,1,41.009956
TCN,5,2,1,41.16242
TCN,5,2,1,40.99597
TCN,5,2,1,41.07193
TCN,5,2,1,41.086235
TCN,5,2,1,41.14878
TCN,5,2,1,41.054916
TCN,5,2,1,41.123154
TCN,5,2,1,41.044525
TCN,5,3,1,41.242054
TCN,5,3,1,41.219975
TCN,5,3,1,41.19682
TCN,5,3,1,41.159706
TCN,5,3,1,41.14041
TCN,5,3,1,41.19434
TCN,5,3,1,41.198868
TCN,5,3,1,41.179325
TCN,5,3,1,41.16279
TCN,5,3,1,41.136456
TCN,5,4,1,41.210064
TCN,5,4,1,41.1343
TCN,5,4,1,41.156273
TCN,5,4,1,41.179565
TCN,5,4,1,41.126595
TCN,5,4,1,41.135952
TCN,5,4,1,41.10351
TCN,5,4,1,41.11261
TCN,5,4,1,41.113056
TCN,5,4,1,41.109657
TCN,5,5,1,41.380085
TCN,5,5,1,41.322266
TCN,5,5,1,41.36901
TCN,5,5,1,41.397358
TCN,5,5,1,41.364216
TCN,5,5,1,41.320152
TCN,5,5,1,41.358677
TCN,5,5,1,41.345375
TCN,5,5,1,41.300095
TCN,5,5,1,41.315468
TCN,5,6,1,41.11362
TCN,5,6,1,41.1465
TCN,5,6,1,41.140594
TCN,5,6,1,41.0999
TCN,5,6,1,41.11597
TCN,5,6,1,41.081547
TCN,5,6,1,41.097588
TCN,5,6,1,41.129177
TCN,5,6,1,41.131683
TCN,5,6,1,41.124527
TCN,5,7,1,41.04855
TCN,5,7,1,41.02375
TCN,5,7,1,41.02374
TCN,5,7,1,41.030094
TCN,5,7,1,41.059063
TCN,5,7,1,41.07415
TCN,5,7,1,41.038643
TCN,5,7,1,41.05435
TCN,5,7,1,41.05395
TCN,5,7,1,41.028698
TCN,5,8,1,41.177776
TCN,5,8,1,41.18428
TCN,5,8,1,41.159607
TCN,5,8,1,41.1183
TCN,5,8,1,41.146606
TCN,5,8,1,41.11393
TCN,5,8,1,41.114876
TCN,5,8,1,41.09176
TCN,5,8,1,41.073723
TCN,5,8,1,41.03288
TCN,5,9,1,41.19605
TCN,5,9,1,41.14765
TCN,5,9,1,41.137207
TCN,5,9,1,41.120754
TCN,5,9,1,41.083244
TCN,5,9,1,41.10984
TCN,5,9,1,41.105995
TCN,5,9,1,41.125404
TCN,5,9,1,41.10518
TCN,5,9,1,41.105545
TCN,5,10,1,41.532314
TCN,5,10,1,41.570557
TCN,5,10,1,41.542667
TCN,5,10,1,41.51893
TCN,5,10,1,41.563507
TCN,5,10,1,41.54019
TCN,5,10,1,41.536335
TCN,5,10,1,41.499466
TCN,5,10,1,41.48293
TCN,5,10,1,41.499508
TCN,6,1,1,40.590824
TCN,6,1,1,40.57562
TCN,6,1,1,40.594334
TCN,6,1,1,40.561638
TCN,6,1,1,40.5738
TCN,6,1,1,40.547314
TCN,6,1,1,40.573135
TCN,6,1,1,40.56522
TCN,6,1,1,40.528675
TCN,6,1,1,40.51832
TCN,6,2,1,40.529537
TCN,6,2,1,40.534603
TCN,6,2,1,40.422962
TCN,6,2,1,40.420296
TCN,6,2,1,40.415318
TCN,6,2,1,40.391956
TCN,6,2,1,40.408813
TCN,6,2,1,40.448734
TCN,6,2,1,40.430824
TCN,6,2,1,40.449524
TCN,6,3,1,40.402782
TCN,6,3,1,40.45181
TCN,6,3,1,40.484406
TCN,6,3,1,40.41159
TCN,6,3,1,40.460518
TCN,6,3,1,40.432213
TCN,6,3,1,40.429
TCN,6,3,1,40.428635
TCN,6,3,1,40.41832
TCN,6,3,1,40.365955
TCN,6,4,1,40.50353
TCN,6,4,1,40.51951
TCN,6,4,1,40.452637
TCN,6,4,1,40.497112
TCN,6,4,1,40.486946
TCN,6,4,1,40.466286
TCN,6,4,1,40.50025
TCN,6,4,1,40.527298
TCN,6,4,1,40.526646
TCN,6,4,1,40.530487
TCN,6,5,1,40.719147
TCN,6,5,1,40.665413
TCN,6,5,1,40.662838
TCN,6,5,1,40.58612
TCN,6,5,1,40.60249
TCN,6,5,1,40.609627
TCN,6,5,1,40.610573
TCN,6,5,1,40.60845
TCN,6,5,1,40.56928
TCN,6,5,1,40.598587
TCN,6,6,1,40.722137
TCN,6,6,1,40.741196
TCN,6,6,1,40.77467
TCN,6,6,1,40.74579
TCN,6,6,1,40.709785
TCN,6,6,1,40.7022
TCN,6,6,1,40.683163
TCN,6,6,1,40.713387
TCN,6,6,1,40.67575
TCN,6,6,1,40.704937
TCN,6,7,1,40.434654
TCN,6,7,1,40.529003
TCN,6,7,1,40.482433
TCN,6,7,1,40.544285
TCN,6,7,1,40.48757
TCN,6,7,1,40.50409
TCN,6,7,1,40.548344
TCN,6,7,1,40.55732
TCN,6,7,1,40.50012
TCN,6,7,1,40.55304
TCN,6,8,1,40.808033
TCN,6,8,1,40.76933
TCN,6,8,1,40.78485
TCN,6,8,1,40.792274
TCN,6,8,1,40.772316
TCN,6,8,1,40.760395
TCN,6,8,1,40.79451
TCN,6,8,1,40.800724
TCN,6,8,1,40.824482
TCN,6,8,1,40.80875
TCN,6,9,1,40.69267
TCN,6,9,1,40.72806
TCN,6,9,1,40.733803
TCN,6,9,1,40.733707
TCN,6,9,1,40.73281
TCN,6,9,1,40.744923
TCN,6,9,1,40.750443
TCN,6,9,1,40.73421
TCN,6,9,1,40.7582
TCN,6,9,1,40.75062
TCN,6,10,1,40.951607
TCN,6,10,1,40.88092
TCN,6,10,1,40.821026
TCN,6,10,1,40.91752
TCN,6,10,1,40.87626
TCN,6,10,1,40.86099
TCN,6,10,1,40.813
TCN,6,10,1,40.868923
TCN,6,10,1,40.81745
TCN,6,10,1,40.887974
TCN,7,1,1,40.460842
TCN,7,1,1,40.41511
TCN,7,1,1,40.432026
TCN,7,1,1,40.36242
TCN,7,1,1,40.37175
TCN,7,1,1,40.38974
TCN,7,1,1,40.37517
TCN,7,1,1,40.394207
TCN,7,1,1,40.36412
TCN,7,1,1,40.398182
TCN,7,2,1,40.21422
TCN,7,2,1,40.19573
TCN,7,2,1,40.18763
TCN,7,2,1,40.196323
TCN,7,2,1,40.197502
TCN,7,2,1,40.187298
TCN,7,2,1,40.18435
TCN,7,2,1,40.179092
TCN,7,2,1,40.17695
TCN,7,2,1,40.175232
TCN,7,3,1,40.508068
TCN,7,3,1,40.50924
TCN,7,3,1,40.488277
TCN,7,3,1,40.505566
TCN,7,3,1,40.514675
TCN,7,3,1,40.517017
TCN,7,3,1,40.490334
TCN,7,3,1,40.477978
TCN,7,3,1,40.477543
TCN,7,3,1,40.481693
TCN,7,4,1,40.427685
TCN,7,4,1,40.41247
TCN,7,4,1,40.41453
TCN,7,4,1,40.424747
TCN,7,4,1,40.432335
TCN,7,4,1,40.43094
TCN,7,4,1,40.40376
TCN,7,4,1,40.423428
TCN,7,4,1,40.427654
TCN,7,4,1,40.426872
TCN,7,5,1,40.236744
TCN,7,5,1,40.24139
TCN,7,5,1,40.25659
TCN,7,5,1,40.25667
TCN,7,5,1,40.23962
TCN,7,5,1,40.25971
TCN,7,5,1,40.249935
TCN,7,5,1,40.235546
TCN,7,5,1,40.220093
TCN,7,5,1,40.206806
TCN,7,6,1,40.809814
TCN,7,6,1,40.822346
TCN,7,6,1,40.82179
TCN,7,6,1,40.826225
TCN,7,6,1,40.821423
TCN,7,6,1,40.81026
TCN,7,6,1,40.803352
TCN,7,6,1,40.805386
TCN,7,6,1,40.81646
TCN,7,6,1,40.810463
TCN,7,7,1,40.700012
TCN,7,7,1,40.71732
TCN,7,7,1,40.70605
TCN,7,7,1,40.714027
TCN,7,7,1,40.712456
TCN,7,7,1,40.70767
TCN,7,7,1,40.716045
TCN,7,7,1,40.69126
TCN,7,7,1,40.685226
TCN,7,7,1,40.702633
TCN,7,8,1,40.692467
TCN,7,8,1,40.70975
TCN,7,8,1,40.702824
TCN,7,8,1,40.720764
TCN,7,8,1,40.713005
TCN,7,8,1,40.718475
TCN,7,8,1,40.712734
TCN,7,8,1,40.713898
TCN,7,8,1,40.720684
TCN,7,8,1,40.744213
TCN,7,9,1,40.694786
TCN,7,9,1,40.702847
TCN,7,9,1,40.69886
TCN,7,9,1,40.70534
TCN,7,9,1,40.70479
TCN,7,9,1,40.71358
TCN,7,9,1,40.701763
TCN,7,9,1,40.71611
TCN,7,9,1,40.704517
TCN,7,9,1,40.701324
TCN,7,10,1,40.52939
TCN,7,10,1,40.522144
TCN,7,10,1,40.518036
TCN,7,10,1,40.527058
TCN,7,10,1,40.519222
TCN,7,10,1,40.508064
TCN,7,10,1,40.533787
TCN,7,10,1,40.514507
TCN,7,10,1,40.52155
TCN,7,10,1,40.529247
TCN,8,1,1,40.572647
TCN,8,1,1,40.595608
TCN,8,1,1,40.511368
TCN,8,1,1,40.45884
TCN,8,1,1,40.48997
TCN,8,1,1,40.441
TCN,8,1,1,40.450207
TCN,8,1,1,40.46948
TCN,8,1,1,40.506325
TCN,8,1,1,40.455666
TCN,8,2,1,40.44322
TCN,8,2,1,40.411148
TCN,8,2,1,40.406746
TCN,8,2,1,40.35312
TCN,8,2,1,40.369873
TCN,8,2,1,40.357964
TCN,8,2,1,40.36789
TCN,8,2,1,40.35756
TCN,8,2,1,40.356224
TCN,8,2,1,40.429485
TCN,8,3,1,40.796436
TCN,8,3,1,40.80885
TCN,8,3,1,40.712643
TCN,8,3,1,40.679043
TCN,8,3,1,40.6526
TCN,8,3,1,40.6694
TCN,8,3,1,40.69799
TCN,8,3,1,40.677048
TCN,8,3,1,40.71792
TCN,8,3,1,40.7066
TCN,8,4,1,40.674835
TCN,8,4,1,40.708424
TCN,8,4,1,40.71917
TCN,8,4,1,40.708443
TCN,8,4,1,40.71406
TCN,8,4,1,40.775623
TCN,8,4,1,40.762478
TCN,8,4,1,40.740574
TCN,8,4,1,40.758724
TCN,8,4,1,40.74924
TCN,8,5,1,40.408413
TCN,8,5,1,40.51015
TCN,8,5,1,40.475822
TCN,8,5,1,40.491596
TCN,8,5,1,40.493187
TCN,8,5,1,40.445244
TCN,8,5,1,40.4634
TCN,8,5,1,40.455536
TCN,8,5,1,40.44532
TCN,8,5,1,40.4131
TCN,8,6,1,40.841667
TCN,8,6,1,40.733562
TCN,8,6,1,40.75587
TCN,8,6,1,40.774246
TCN,8,6,1,40.73083
TCN,8,6,1,40.74896
TCN,8,6,1,40.816265
TCN,8,6,1,40.78284
TCN,8,6,1,40.81314
TCN,8,6,1,40.840572
TCN,8,7,1,40.791912
TCN,8,7,1,40.78972
TCN,8,7,1,40.770287
TCN,8,7,1,40.754612
TCN,8,7,1,40.720184
TCN,8,7,1,40.7591
TCN,8,7,1,40.767868
TCN,8,7,1,40.760197
TCN,8,7,1,40.737648
TCN,8,7,1,40.727936
TCN,8,8,1,41.04509
TCN,8,8,1,41.024933
TCN,8,8,1,41.009365
TCN,8,8,1,41.036648
TCN,8,8,1,41.032055
TCN,8,8,1,41.03791
TCN,8,8,1,41.042492
TCN,8,8,1,41.06169
TCN,8,8,1,41.08145
TCN,8,8,1,41.04488
TCN,8,9,1,41.152737
TCN,8,9,1,41.17363
TCN,8,9,1,41.128845
TCN,8,9,1,41.16015
TCN,8,9,1,41.15125
TCN,8,9,1,41.177227
TCN,8,9,1,41.158752
TCN,8,9,1,41.148575
TCN,8,9,1,41.191135
TCN,8,9,1,41.138348
TCN,8,10,1,40.32106
TCN,8,10,1,40.35203
TCN,8,10,1,40.344723
TCN,8,10,1,40.373055
TCN,8,10,1,40.35387
TCN,8,10,1,40.378273
TCN,8,10,1,40.37507
TCN,8,10,1,40.389553
TCN,8,10,1,40.360077
TCN,8,10,1,40.37428
TCN,9,1,1,40.4494
TCN,9,1,1,40.509007
TCN,9,1,1,40.487118
TCN,9,1,1,40.4506
TCN,9,1,1,40.47064
TCN,9,1,1,40.492035
TCN,9,1,1,40.501595
TCN,9,1,1,40.470596
TCN,9,1,1,40.48831
TCN,9,1,1,40.488144
TCN,9,2,1,40.440735
TCN,9,2,1,40.430557
TCN,9,2,1,40.439087
TCN,9,2,1,40.434628
TCN,9,2,1,40.433315
TCN,9,2,1,40.441467
TCN,9,2,1,40.440643
TCN,9,2,1,40.438293
TCN,9,2,1,40.439434
TCN,9,2,1,40.423023
TCN,9,3,1,40.586952
TCN,9,3,1,40.572556
TCN,9,3,1,40.553963
TCN,9,3,1,40.535645
TCN,9,3,1,40.55205
TCN,9,3,1,40.55589
TCN,9,3,1,40.545803
TCN,9,3,1,40.55779
TCN,9,3,1,40.55625
TCN,9,3,1,40.56971
TCN,9,4,1,40.5286
TCN,9,4,1,40.509212
TCN,9,4,1,40.52664
TCN,9,4,1,40.54842
TCN,9,4,1,40.539562
TCN,9,4,1,40.525154
TCN,9,4,1,40.532604
TCN,9,4,1,40.514652
TCN,9,4,1,40.504715
TCN,9,4,1,40.51808
TCN,9,5,1,40.36988
TCN,9,5,1,40.3826
TCN,9,5,1,40.38599
TCN,9,5,1,40.371
TCN,9,5,1,40.36986
TCN,9,5,1,40.377495
TCN,9,5,1,40.38004
TCN,9,5,1,40.36704
TCN,9,5,1,40.365868
TCN,9,5,1,40.34528
TCN,9,6,1,40.72838
TCN,9,6,1,40.715267
TCN,9,6,1,40.700714
TCN,9,6,1,40.695698
TCN,9,6,1,40.714977
TCN,9,6,1,40.724907
TCN,9,6,1,40.703236
TCN,9,6,1,40.69176
TCN,9,6,1,40.696644
TCN,9,6,1,40.712563
TCN,9,7,1,40.65895
TCN,9,7,1,40.66871
TCN,9,7,1,40.694386
TCN,9,7,1,40.69168
TCN,9,7,1,40.690693
TCN,9,7,1,40.694843
TCN,9,7,1,40.695568
TCN,9,7,1,40.681942
TCN,9,7,1,40.690742
TCN,9,7,1,40.686386
TCN,9,8,1,40.694916
TCN,9,8,1,40.702312
TCN,9,8,1,40.70771
TCN,9,8,1,40.69458
TCN,9,8,1,40.712704
TCN,9,8,1,40.691284
TCN,9,8,1,40.68304
TCN,9,8,1,40.69021
TCN,9,8,1,40.683308
TCN,9,8,1,40.70325
TCN,9,9,1,40.677647
TCN,9,9,1,40.687805
TCN,9,9,1,40.721935
TCN,9,9,1,40.70256
TCN,9,9,1,40.666138
TCN,9,9,1,40.695637
TCN,9,9,1,40.702236
TCN,9,9,1,40.700188
TCN,9,9,1,40.700893
TCN,9,9,1,40.70655
TCN,9,10,1,40.513004
TCN,9,10,1,40.508797
TCN,9,10,1,40.514576
TCN,9,10,1,40.506866
TCN,9,10,1,40.510204
TCN,9,10,1,40.499714
TCN,9,10,1,40.50763
TCN,9,10,1,40.503826
TCN,9,10,1,40.51742
TCN,9,10,1,40.509575
TCN,10,1,1,40.541485
TCN,10,1,1,40.53525
TCN,10,1,1,40.5119
TCN,10,1,1,40.492695
TCN,10,1,1,40.491795
TCN,10,1,1,40.4866
TCN,10,1,1,40.487667
TCN,10,1,1,40.4975
TCN,10,1,1,40.49719
TCN,10,1,1,40.502197
TCN,10,2,1,40.58394
TCN,10,2,1,40.559425
TCN,10,2,1,40.553753
TCN,10,2,1,40.540115
TCN,10,2,1,40.54964
TCN,10,2,1,40.53273
TCN,10,2,1,40.524105
TCN,10,2,1,40.536407
TCN,10,2,1,40.547684
TCN,10,2,1,40.548347
TCN,10,3,1,40.618385
TCN,10,3,1,40.602074
TCN,10,3,1,40.60175
TCN,10,3,1,40.600544
TCN,10,3,1,40.605114
TCN,10,3,1,40.584274
TCN,10,3,1,40.591446
TCN,10,3,1,40.597187
TCN,10,3,1,40.61354
TCN,10,3,1,40.58936
TCN,10,4,1,40.536316
TCN,10,4,1,40.548843
TCN,10,4,1,40.539474
TCN,10,4,1,40.52963
TCN,10,4,1,40.540646
TCN,10,4,1,40.534206
TCN,10,4,1,40.531296
TCN,10,4,1,40.524403
TCN,10,4,1,40.52213
TCN,10,4,1,40.523552
TCN,10,5,1,40.387783
TCN,10,5,1,40.397198
TCN,10,5,1,40.394047
TCN,10,5,1,40.407196
TCN,10,5,1,40.39755
TCN,10,5,1,40.39866
TCN,10,5,1,40.387
TCN,10,5,1,40.399742
TCN,10,5,1,40.39255
TCN,10,5,1,40.389412
TCN,10,6,1,40.75546
TCN,10,6,1,40.73923
TCN,10,6,1,40.749287
TCN,10,6,1,40.758427
TCN,10,6,1,40.745266
TCN,10,6,1,40.750652
TCN,10,6,1,40.747707
TCN,10,6,1,40.754448
TCN,10,6,1,40.758614
TCN,10,6,1,40.77151
TCN,10,7,1,40.698547
TCN,10,7,1,40.688797
TCN,10,7,1,40.69863
TCN,10,7,1,40.662632
TCN,10,7,1,40.702724
TCN,10,7,1,40.68867
TCN,10,7,1,40.678497
TCN,10,7,1,40.683434
TCN,10,7,1,40.696598
TCN,10,7,1,40.683205
TCN,10,8,1,40.793602
TCN,10,8,1,40.77439
TCN,10,8,1,40.775253
TCN,10,8,1,40.76751
TCN,10,8,1,40.77178
TCN,10,8,1,40.780483
TCN,10,8,1,40.77236
TCN,10,8,1,40.777473
TCN,10,8,1,40.77486
TCN,10,8,1,40.77333
TCN,10,9,1,40.69277
TCN,10,9,1,40.68061
TCN,10,9,1,40.69018
TCN,10,9,1,40.68755
TCN,10,9,1,40.681435
TCN,10,9,1,40.68545
TCN,10,9,1,40.67298
TCN,10,9,1,40.684372
TCN,10,9,1,40.685204
TCN,10,9,1,40.69341
TCN,10,10,1,40.50967
TCN,10,10,1,40.503273
TCN,10,10,1,40.50078
TCN,10,10,1,40.496147
TCN,10,10,1,40.48767
TCN,10,10,1,40.48952
TCN,10,10,1,40.499714
TCN,10,10,1,40.48692
TCN,10,10,1,40.495686
TCN,10,10,1,40.486153
TCN,1,1,0,41.116135
TCN,1,1,0,41.05107
TCN,1,1,0,40.873123
TCN,1,1,0,41.01921
TCN,1,1,0,40.85787
TCN,1,1,0,40.551006
TCN,1,1,0,41.038666
TCN,1,1,0,40.873608
TCN,1,1,0,40.913372
TCN,1,1,0,40.902935
TCN,1,2,0,40.856403
TCN,1,2,0,40.988045
TCN,1,2,0,40.906193
TCN,1,2,0,41.006863
TCN,1,2,0,40.902805
TCN,1,2,0,40.907475
TCN,1,2,0,41.00823
TCN,1,2,0,40.87171
TCN,1,2,0,41.04819
TCN,1,2,0,41.013336
TCN,1,3,0,40.93957
TCN,1,3,0,40.90917
TCN,1,3,0,41.18003
TCN,1,3,0,40.905933
TCN,1,3,0,41.06063
TCN,1,3,0,40.977634
TCN,1,3,0,40.90976
TCN,1,3,0,40.78985
TCN,1,3,0,40.968334
TCN,1,3,0,41.028034
TCN,1,4,0,40.543777
TCN,1,4,0,40.77736
TCN,1,4,0,40.79398
TCN,1,4,0,40.709198
TCN,1,4,0,40.590168
TCN,1,4,0,41.225914
TCN,1,4,0,40.99628
TCN,1,4,0,40.680492
TCN,1,4,0,40.618484
TCN,1,4,0,40.57763
TCN,1,5,0,40.84723
TCN,1,5,0,40.99153
TCN,1,5,0,40.882595
TCN,1,5,0,40.907436
TCN,1,5,0,40.862335
TCN,1,5,0,41.018475
TCN,1,5,0,41.071426
TCN,1,5,0,40.658817
TCN,1,5,0,41.01248
TCN,1,5,0,40.95334
TCN,1,6,0,40.98535
TCN,1,6,0,41.29501
TCN,1,6,0,41.161785
TCN,1,6,0,41.055077
TCN,1,6,0,40.92139
TCN,1,6,0,41.107224
TCN,1,6,0,41.08521
TCN,1,6,0,41.050117
TCN,1,6,0,41.170746
TCN,1,6,0,41.24994
TCN,1,7,0,40.67056
TCN,1,7,0,40.344055
TCN,1,7,0,40.771286
TCN,1,7,0,40.661583
TCN,1,7,0,40.793507
TCN,1,7,0,40.755413
TCN,1,7,0,40.650726
TCN,1,7,0,40.686962
TCN,1,7,0,41.002148
TCN,1,7,0,40.416798
TCN,1,8,0,41.09682
TCN,1,8,0,41.211735
TCN,1,8,0,41.088615
TCN,1,8,0,41.0658
TCN,1,8,0,40.87476
TCN,1,8,0,40.922062
TCN,1,8,0,40.568638
TCN,1,8,0,41.247135
TCN,1,8,0,40.810966
TCN,1,8,0,41.11217
TCN,1,9,0,40.615894
TCN,1,9,0,40.702858
TCN,1,9,0,40.82902
TCN,1,9,0,40.57879
TCN,1,9,0,40.670322
TCN,1,9,0,40.739754
TCN,1,9,0,40.79715
TCN,1,9,0,40.923534
TCN,1,9,0,40.563873
TCN,1,9,0,40.61239
TCN,1,10,0,40.991165
TCN,1,10,0,41.07439
TCN,1,10,0,41.04944
TCN,1,10,0,41.114563
TCN,1,10,0,41.13689
TCN,1,10,0,41.214905
TCN,1,10,0,41.106163
TCN,1,10,0,41.102245
TCN,1,10,0,41.035732
TCN,1,10,0,41.033436
TCN,2,1,0,40.380867
TCN,2,1,0,40.344097
TCN,2,1,0,40.36114
TCN,2,1,0,40.46521
TCN,2,1,0,40.47841
TCN,2,1,0,40.424236
TCN,2,1,0,40.464172
TCN,2,1,0,40.456646
TCN,2,1,0,40.45934
TCN,2,1,0,40.43707
TCN,2,2,0,40.15576
TCN,2,2,0,40.242035
TCN,2,2,0,40.156765
TCN,2,2,0,40.24223
TCN,2,2,0,40.168312
TCN,2,2,0,40.23651
TCN,2,2,0,40.261707
TCN,2,2,0,40.27644
TCN,2,2,0,40.26597
TCN,2,2,0,40.15113
TCN,2,3,0,40.583378
TCN,2,3,0,40.48937
TCN,2,3,0,40.460224
TCN,2,3,0,40.60158
TCN,2,3,0,40.553688
TCN,2,3,0,40.46012
TCN,2,3,0,40.539112
TCN,2,3,0,40.44876
TCN,2,3,0,40.527596
TCN,2,3,0,40.528667
TCN,2,4,0,40.378803
TCN,2,4,0,40.39008
TCN,2,4,0,40.384438
TCN,2,4,0,40.312515
TCN,2,4,0,40.331116
TCN,2,4,0,40.37079
TCN,2,4,0,40.37514
TCN,2,4,0,40.43933
TCN,2,4,0,40.214672
TCN,2,4,0,40.15252
TCN,2,5,0,40.480244
TCN,2,5,0,40.633114
TCN,2,5,0,40.75302
TCN,2,5,0,40.521633
TCN,2,5,0,40.627342
TCN,2,5,0,40.69434
TCN,2,5,0,40.66564
TCN,2,5,0,40.642883
TCN,2,5,0,40.648373
TCN,2,5,0,40.616676
TCN,2,6,0,40.618637
TCN,2,6,0,40.594852
TCN,2,6,0,40.607765
TCN,2,6,0,40.569054
TCN,2,6,0,40.631588
TCN,2,6,0,40.61041
TCN,2,6,0,40.64384
TCN,2,6,0,40.633595
TCN,2,6,0,40.603844
TCN,2,6,0,40.57871
TCN,2,7,0,40.23467
TCN,2,7,0,40.2313
TCN,2,7,0,40.26635
TCN,2,7,0,40.258247
TCN,2,7,0,40.259346
TCN,2,7,0,40.26918
TCN,2,7,0,40.197052
TCN,2,7,0,40.25062
TCN,2,7,0,40.206436
TCN,2,7,0,40.220226
TCN,2,8,0,40.765358
TCN,2,8,0,40.814545
TCN,2,8,0,40.76104
TCN,2,8,0,40.792873
TCN,2,8,0,40.82193
TCN,2,8,0,40.830544
TCN,2,8,0,40.744446
TCN,2,8,0,40.820866
TCN,2,8,0,40.67143
TCN,2,8,0,40.71772
TCN,2,9,0,40.691315
TCN,2,9,0,40.701065
TCN,2,9,0,40.691856
TCN,2,9,0,40.70033
TCN,2,9,0,40.721703
TCN,2,9,0,40.754086
TCN,2,9,0,40.810623
TCN,2,9,0,40.83303
TCN,2,9,0,40.756645
TCN,2,9,0,40.720085
TCN,2,10,0,40.312733
TCN,2,10,0,40.26178
TCN,2,10,0,40.34333
TCN,2,10,0,40.31234
TCN,2,10,0,40.355953
TCN,2,10,0,40.321163
TCN,2,10,0,40.36679
TCN,2,10,0,40.38621
TCN,2,10,0,40.43982
TCN,2,10,0,40.489887
TCN,3,1,0,40.66728
TCN,3,1,0,40.70054
TCN,3,1,0,40.68775
TCN,3,1,0,40.672997
TCN,3,1,0,40.867825
TCN,3,1,0,40.730034
TCN,3,1,0,40.820377
TCN,3,1,0,41.147533
TCN,3,1,0,41.3324
TCN,3,1,0,41.237064
TCN,3,2,0,40.264687
TCN,3,2,0,40.20786
TCN,3,2,0,40.194836
TCN,3,2,0,40.27785
TCN,3,2,0,40.465424
TCN,3,2,0,40.51702
TCN,3,2,0,40.50266
TCN,3,2,0,40.538094
TCN,3,2,0,40.348003
TCN,3,2,0,39.830467
TCN,3,3,0,40.45654
TCN,3,3,0,40.453953
TCN,3,3,0,40.303757
TCN,3,3,0,40.174446
TCN,3,3,0,40.494484
TCN,3,3,0,40.386948
TCN,3,3,0,40.525036
TCN,3,3,0,40.556557
TCN,3,3,0,40.372475
TCN,3,3,0,40.553394
TCN,3,4,0,40.67205
TCN,3,4,0,40.729675
TCN,3,4,0,40.617695
TCN,3,4,0,40.596313
TCN,3,4,0,40.599064
TCN,3,4,0,40.85704
TCN,3,4,0,40.916515
TCN,3,4,0,40.87099
TCN,3,4,0,40.590237
TCN,3,4,0,40.527264
TCN,3,5,0,41.45424
TCN,3,5,0,41.491623
TCN,3,5,0,41.45733
TCN,3,5,0,41.463367
TCN,3,5,0,41.421177
TCN,3,5,0,41.583527
TCN,3,5,0,41.252575
TCN,3,5,0,41.42482
TCN,3,5,0,41.273
TCN,3,5,0,41.183025
TCN,3,6,0,40.882713
TCN,3,6,0,40.84752
TCN,3,6,0,40.769478
TCN,3,6,0,40.898243
TCN,3,6,0,40.780674
TCN,3,6,0,40.694763
TCN,3,6,0,40.72698
TCN,3,6,0,40.90804
TCN,3,6,0,40.862473
TCN,3,6,0,40.76224
TCN,3,7,0,41.35396
TCN,3,7,0,41.22098
TCN,3,7,0,41.455765
TCN,3,7,0,41.3386
TCN,3,7,0,41.47027
TCN,3,7,0,41.458424
TCN,3,7,0,41.387306
TCN,3,7,0,41.416985
TCN,3,7,0,41.5994
TCN,3,7,0,41.142647
TCN,3,8,0,41.276268
TCN,3,8,0,41.28004
TCN,3,8,0,41.07032
TCN,3,8,0,41.121758
TCN,3,8,0,41.14492
TCN,3,8,0,41.170174
TCN,3,8,0,41.15278
TCN,3,8,0,41.277298
TCN,3,8,0,41.197464
TCN,3,8,0,41.226295
TCN,3,9,0,40.60546
TCN,3,9,0,40.593513
TCN,3,9,0,40.585957
TCN,3,9,0,40.448193
TCN,3,9,0,40.382874
TCN,3,9,0,40.55698
TCN,3,9,0,40.589767
TCN,3,9,0,40.716988
TCN,3,9,0,41.059544
TCN,3,9,0,40.964943
TCN,3,10,0,40.74446
TCN,3,10,0,41.088474
TCN,3,10,0,40.812923
TCN,3,10,0,41.00827
TCN,3,10,0,40.985516
TCN,3,10,0,40.80897
TCN,3,10,0,41.082027
TCN,3,10,0,40.809875
TCN,3,10,0,40.921753
TCN,3,10,0,40.80965
TCN,4,1,0,40.252216
TCN,4,1,0,40.253593
TCN,4,1,0,40.270386
TCN,4,1,0,40.269634
TCN,4,1,0,40.207504
TCN,4,1,0,40.241203
TCN,4,1,0,40.236294
TCN,4,1,0,40.260014
TCN,4,1,0,40.278667
TCN,4,1,0,40.26826
TCN,4,2,0,40.39193
TCN,4,2,0,40.503098
TCN,4,2,0,40.50917
TCN,4,2,0,40.435356
TCN,4,2,0,40.589466
TCN,4,2,0,40.57995
TCN,4,2,0,40.47983
TCN,4,2,0,40.409435
TCN,4,2,0,40.433884
TCN,4,2,0,40.43068
TCN,4,3,0,40.54054
TCN,4,3,0,40.65917
TCN,4,3,0,40.588043
TCN,4,3,0,40.54908
TCN,4,3,0,40.579872
TCN,4,3,0,40.68274
TCN,4,3,0,40.66635
TCN,4,3,0,40.622593
TCN,4,3,0,40.58938
TCN,4,3,0,40.657944
TCN,4,4,0,40.6155
TCN,4,4,0,40.70113
TCN,4,4,0,40.999615
TCN,4,4,0,40.646713
TCN,4,4,0,40.772423
TCN,4,4,0,40.804916
TCN,4,4,0,40.701153
TCN,4,4,0,40.63998
TCN,4,4,0,40.832283
TCN,4,4,0,40.721878
TCN,4,5,0,40.377502
TCN,4,5,0,40.402035
TCN,4,5,0,40.444057
TCN,4,5,0,40.367107
TCN,4,5,0,40.331043
TCN,4,5,0,40.29702
TCN,4,5,0,40.440975
TCN,4,5,0,40.438145
TCN,4,5,0,40.37921
TCN,4,5,0,40.40835
TCN,4,6,0,40.648182
TCN,4,6,0,40.644108
TCN,4,6,0,40.63804
TCN,4,6,0,40.574436
TCN,4,6,0,40.566418
TCN,4,6,0,40.55212
TCN,4,6,0,40.57322
TCN,4,6,0,40.575203
TCN,4,6,0,40.598026
TCN,4,6,0,40.52401
TCN,4,7,0,41.040688
TCN,4,7,0,40.933163
TCN,4,7,0,40.935917
TCN,4,7,0,40.97598
TCN,4,7,0,40.951534
TCN,4,7,0,41.106617
TCN,4,7,0,41.14032
TCN,4,7,0,41.117645
TCN,4,7,0,41.129086
TCN,4,7,0,41.145466
TCN,4,8,0,40.143467
TCN,4,8,0,40.172478
TCN,4,8,0,40.458504
TCN,4,8,0,40.368504
TCN,4,8,0,40.37254
TCN,4,8,0,40.64553
TCN,4,8,0,40.392704
TCN,4,8,0,40.299946
TCN,4,8,0,40.267788
TCN,4,8,0,40.1745
TCN,4,9,0,40.62005
TCN,4,9,0,40.58405
TCN,4,9,0,40.582077
TCN,4,9,0,40.60693
TCN,4,9,0,40.693005
TCN,4,9,0,40.717514
TCN,4,9,0,40.738766
TCN,4,9,0,40.65314
TCN,4,9,0,40.74397
TCN,4,9,0,40.705833
TCN,4,10,0,40.600235
TCN,4,10,0,40.524693
TCN,4,10,0,40.524185
TCN,4,10,0,40.67729
TCN,4,10,0,40.790836
TCN,4,10,0,40.742683
TCN,4,10,0,40.771927
TCN,4,10,0,40.81829
TCN,4,10,0,40.90548
TCN,4,10,0,40.877308
TCN,5,1,0,41.106674
TCN,5,1,0,41.12661
TCN,5,1,0,41.090725
TCN,5,1,0,41.300343
TCN,5,1,0,41.290436
TCN,5,1,0,41.269207
TCN,5,1,0,41.181644
TCN,5,1,0,41.18922
TCN,5,1,0,41.20582
TCN,5,1,0,41.118095
TCN,5,2,0,41.110394
TCN,5,2,0,41.048336
TCN,5,2,0,41.09164
TCN,5,2,0,41.06096
TCN,5,2,0,41.11354
TCN,5,2,0,41.11551
TCN,5,2,0,41.15392
TCN,5,2,0,41.026596
TCN,5,2,0,41.025017
TCN,5,2,0,41.167828
TCN,5,3,0,41.334476
TCN,5,3,0,41.337677
TCN,5,3,0,41.334488
TCN,5,3,0,41.2344
TCN,5,3,0,41.193577
TCN,5,3,0,41.20846
TCN,5,3,0,41.218624
TCN,5,3,0,41.23938
TCN,5,3,0,41.19594
TCN,5,3,0,41.20599
TCN,5,4,0,41.124073
TCN,5,4,0,41.052128
TCN,5,4,0,41.16307
TCN,5,4,0,41.14608
TCN,5,4,0,41.099064
TCN,5,4,0,40.965237
TCN,5,4,0,41.04508
TCN,5,4,0,41.154984
TCN,5,4,0,41.00732
TCN,5,4,0,41.04341
TCN,5,5,0,41.276917
TCN,5,5,0,41.10827
TCN,5,5,0,41.205364
TCN,5,5,0,41.248047
TCN,5,5,0,41.315163
TCN,5,5,0,40.947987
TCN,5,5,0,41.24305
TCN,5,5,0,41.16083
TCN,5,5,0,41.26641
TCN,5,5,0,40.905857
TCN,5,6,0,40.99739
TCN,5,6,0,41.162334
TCN,5,6,0,41.04533
TCN,5,6,0,41.157024
TCN,5,6,0,41.090652
TCN,5,6,0,40.91616
TCN,5,6,0,40.89013
TCN,5,6,0,40.98051
TCN,5,6,0,40.961864
TCN,5,6,0,40.900524
TCN,5,7,0,41.106976
TCN,5,7,0,41.05757
TCN,5,7,0,41.0897
TCN,5,7,0,41.119373
TCN,5,7,0,41.101048
TCN,5,7,0,41.077724
TCN,5,7,0,41.14171
TCN,5,7,0,41.111454
TCN,5,7,0,41.14133
TCN,5,7,0,41.043854
TCN,5,8,0,41.10394
TCN,5,8,0,41.090034
TCN,5,8,0,41.195755
TCN,5,8,0,41.16365
TCN,5,8,0,41.02969
TCN,5,8,0,41.087143
TCN,5,8,0,41.090927
TCN,5,8,0,41.126713
TCN,5,8,0,40.996094
TCN,5,8,0,41.11204
TCN,5,9,0,41.18741
TCN,5,9,0,41.07503
TCN,5,9,0,41.166206
TCN,5,9,0,41.155235
TCN,5,9,0,41.036522
TCN,5,9,0,40.960094
TCN,5,9,0,41.136253
TCN,5,9,0,41.078854
TCN,5,9,0,41.165646
TCN,5,9,0,41.173553
TCN,5,10,0,41.593117
TCN,5,10,0,41.46955
TCN,5,10,0,41.48685
TCN,5,10,0,41.446384
TCN,5,10,0,41.445465
TCN,5,10,0,41.43799
TCN,5,10,0,41.460155
TCN,5,10,0,41.453156
TCN,5,10,0,41.407185
TCN,5,10,0,41.480457
TCN,6,1,0,40.538822
TCN,6,1,0,40.544754
TCN,6,1,0,40.56959
TCN,6,1,0,40.56619
TCN,6,1,0,40.511158
TCN,6,1,0,40.50682
TCN,6,1,0,40.497684
TCN,6,1,0,40.45955
TCN,6,1,0,40.47604
TCN,6,1,0,40.43135
TCN,6,2,0,40.56208
TCN,6,2,0,40.420135
TCN,6,2,0,40.444046
TCN,6,2,0,40.471638
TCN,6,2,0,40.525078
TCN,6,2,0,40.633648
TCN,6,2,0,40.504257
TCN,6,2,0,40.552597
TCN,6,2,0,40.593792
TCN,6,2,0,40.504852
TCN,6,3,0,40.58663
TCN,6,3,0,40.525978
TCN,6,3,0,40.38772
TCN,6,3,0,40.409367
TCN,6,3,0,40.508266
TCN,6,3,0,40.486538
TCN,6,3,0,40.543003
TCN,6,3,0,40.500237
TCN,6,3,0,40.521904
TCN,6,3,0,40.409637
TCN,6,4,0,40.491634
TCN,6,4,0,40.546417
TCN,6,4,0,40.557457
TCN,6,4,0,40.56816
TCN,6,4,0,40.53565
TCN,6,4,0,40.50119
TCN,6,4,0,40.738712
TCN,6,4,0,40.705566
TCN,6,4,0,40.576527
TCN,6,4,0,40.51993
TCN,6,5,0,40.55626
TCN,6,5,0,40.313805
TCN,6,5,0,40.332577
TCN,6,5,0,40.392166
TCN,6,5,0,40.563465
TCN,6,5,0,40.56192
TCN,6,5,0,40.520885
TCN,6,5,0,40.37957
TCN,6,5,0,40.418896
TCN,6,5,0,40.35826
TCN,6,6,0,40.575565
TCN,6,6,0,40.615166
TCN,6,6,0,40.626377
TCN,6,6,0,40.586506
TCN,6,6,0,40.658787
TCN,6,6,0,40.650524
TCN,6,6,0,40.66786
TCN,6,6,0,40.636368
TCN,6,6,0,40.60703
TCN,6,6,0,40.56665
TCN,6,7,0,40.426376
TCN,6,7,0,40.400352
TCN,6,7,0,40.424232
TCN,6,7,0,40.40223
TCN,6,7,0,40.45553
TCN,6,7,0,40.377556
TCN,6,7,0,40.421524
TCN,6,7,0,40.461823
TCN,6,7,0,40.485817
TCN,6,7,0,40.54269
TCN,6,8,0,40.72256
TCN,6,8,0,40.72212
TCN,6,8,0,40.807686
TCN,6,8,0,40.767265
TCN,6,8,0,40.73376
TCN,6,8,0,40.81938
TCN,6,8,0,40.730076
TCN,6,8,0,40.756454
TCN,6,8,0,40.757362
TCN,6,8,0,40.71064
TCN,6,9,0,40.740032
TCN,6,9,0,40.75106
TCN,6,9,0,40.740215
TCN,6,9,0,40.721024
TCN,6,9,0,40.710724
TCN,6,9,0,40.629436
TCN,6,9,0,40.83675
TCN,6,9,0,40.839653
TCN,6,9,0,40.876762
TCN,6,9,0,40.791897
TCN,6,10,0,40.95466
TCN,6,10,0,40.85313
TCN,6,10,0,40.84873
TCN,6,10,0,40.802994
TCN,6,10,0,40.881615
TCN,6,10,0,40.890713
TCN,6,10,0,40.86327
TCN,6,10,0,40.82541
TCN,6,10,0,40.87462
TCN,6,10,0,40.849827
TCN,7,1,0,40.450653
TCN,7,1,0,40.47976
TCN,7,1,0,40.459126
TCN,7,1,0,40.461693
TCN,7,1,0,40.45012
TCN,7,1,0,40.452442
TCN,7,1,0,40.369003
TCN,7,1,0,40.298153
TCN,7,1,0,40.359188
TCN,7,1,0,40.346733
TCN,7,2,0,40.201477
TCN,7,2,0,40.154137
TCN,7,2,0,40.17764
TCN,7,2,0,40.19381
TCN,7,2,0,40.18834
TCN,7,2,0,40.19907
TCN,7,2,0,40.190346
TCN,7,2,0,40.25077
TCN,7,2,0,40.25766
TCN,7,2,0,40.26875
TCN,7,3,0,40.597984
TCN,7,3,0,40.510307
TCN,7,3,0,40.55298
TCN,7,3,0,40.55045
TCN,7,3,0,40.499767
TCN,7,3,0,40.55988
TCN,7,3,0,40.516346
TCN,7,3,0,40.47547
TCN,7,3,0,40.52089
TCN,7,3,0,40.475887
TCN,7,4,0,40.540504
TCN,7,4,0,40.525772
TCN,7,4,0,40.50523
TCN,7,4,0,40.4753
TCN,7,4,0,40.47597
TCN,7,4,0,40.605938
TCN,7,4,0,40.48387
TCN,7,4,0,40.50844
TCN,7,4,0,40.51841
TCN,7,4,0,40.477814
TCN,7,5,0,40.25152
TCN,7,5,0,40.231216
TCN,7,5,0,40.290443
TCN,7,5,0,40.252617
TCN,7,5,0,40.295982
TCN,7,5,0,40.225822
TCN,7,5,0,40.27231
TCN,7,5,0,40.23914
TCN,7,5,0,40.19843
TCN,7,5,0,40.232693
TCN,7,6,0,40.792717
TCN,7,6,0,40.775295
TCN,7,6,0,40.79052
TCN,7,6,0,40.787296
TCN,7,6,0,40.76018
TCN,7,6,0,40.737827
TCN,7,6,0,40.791203
TCN,7,6,0,40.786472
TCN,7,6,0,40.769455
TCN,7,6,0,40.844387
TCN,7,7,0,40.65514
TCN,7,7,0,40.638615
TCN,7,7,0,40.661068
TCN,7,7,0,40.688404
TCN,7,7,0,40.719715
TCN,7,7,0,40.606796
TCN,7,7,0,40.637135
TCN,7,7,0,40.61322
TCN,7,7,0,40.706272
TCN,7,7,0,40.694447
TCN,7,8,0,40.73619
TCN,7,8,0,40.755745
TCN,7,8,0,40.74457
TCN,7,8,0,40.75171
TCN,7,8,0,40.786724
TCN,7,8,0,40.830887
TCN,7,8,0,40.721985
TCN,7,8,0,40.763027
TCN,7,8,0,40.853943
TCN,7,8,0,40.751015
TCN,7,9,0,40.69297
TCN,7,9,0,40.682125
TCN,7,9,0,40.65389
TCN,7,9,0,40.661938
TCN,7,9,0,40.659637
TCN,7,9,0,40.64945
TCN,7,9,0,40.772655
TCN,7,9,0,40.639977
TCN,7,9,0,40.697876
TCN,7,9,0,40.67663
TCN,7,10,0,40.549
TCN,7,10,0,40.560036
TCN,7,10,0,40.550117
TCN,7,10,0,40.534924
TCN,7,10,0,40.536053
TCN,7,10,0,40.54689
TCN,7,10,0,40.561954
TCN,7,10,0,40.52758
TCN,7,10,0,40.560833
TCN,7,10,0,40.50926
TCN,8,1,0,40.70252
TCN,8,1,0,40.629025
TCN,8,1,0,40.605263
TCN,8,1,0,40.598785
TCN,8,1,0,40.5873
TCN,8,1,0,40.535473
TCN,8,1,0,40.567295
TCN,8,1,0,40.59181
TCN,8,1,0,40.622757
TCN,8,1,0,40.6107
TCN,8,2,0,40.41592
TCN,8,2,0,40.372074
TCN,8,2,0,40.449005
TCN,8,2,0,40.456825
TCN,8,2,0,40.405155
TCN,8,2,0,40.41109
TCN,8,2,0,40.421093
TCN,8,2,0,40.36857
TCN,8,2,0,40.42343
TCN,8,2,0,40.452267
TCN,8,3,0,40.811775
TCN,8,3,0,40.70306
TCN,8,3,0,40.587387
TCN,8,3,0,40.871857
TCN,8,3,0,40.85667
TCN,8,3,0,40.8365
TCN,8,3,0,40.770638
TCN,8,3,0,40.691845
TCN,8,3,0,40.68371
TCN,8,3,0,40.75882
TCN,8,4,0,40.75688
TCN,8,4,0,40.73848
TCN,8,4,0,40.688526
TCN,8,4,0,40.679417
TCN,8,4,0,40.71031
TCN,8,4,0,40.755093
TCN,8,4,0,40.67456
TCN,8,4,0,40.663395
TCN,8,4,0,40.779446
TCN,8,4,0,40.732044
TCN,8,5,0,40.32812
TCN,8,5,0,40.396423
TCN,8,5,0,40.38052
TCN,8,5,0,40.426582
TCN,8,5,0,40.39179
TCN,8,5,0,40.32211
TCN,8,5,0,40.325417
TCN,8,5,0,40.326843
TCN,8,5,0,40.334625
TCN,8,5,0,40.3688
TCN,8,6,0,40.901154
TCN,8,6,0,40.9012
TCN,8,6,0,40.905243
TCN,8,6,0,40.8968
TCN,8,6,0,40.848495
TCN,8,6,0,40.849895
TCN,8,6,0,40.82198
TCN,8,6,0,40.841385
TCN,8,6,0,40.83534
TCN,8,6,0,40.83244
TCN,8,7,0,40.780415
TCN,8,7,0,40.788773
TCN,8,7,0,40.843147
TCN,8,7,0,40.8667
TCN,8,7,0,40.6826
TCN,8,7,0,40.66125
TCN,8,7,0,40.7792
TCN,8,7,0,40.740524
TCN,8,7,0,40.888866
TCN,8,7,0,40.95942
TCN,8,8,0,40.955257
TCN,8,8,0,40.920498
TCN,8,8,0,40.943996
TCN,8,8,0,40.94112
TCN,8,8,0,40.987144
TCN,8,8,0,40.991486
TCN,8,8,0,40.980816
TCN,8,8,0,40.963444
TCN,8,8,0,40.99247
TCN,8,8,0,41.017574
TCN,8,9,0,41.04401
TCN,8,9,0,41.119576
TCN,8,9,0,41.10205
TCN,8,9,0,41.092567
TCN,8,9,0,41.022114
TCN,8,9,0,41.00611
TCN,8,9,0,41.066196
TCN,8,9,0,41.076336
TCN,8,9,0,41.06447
TCN,8,9,0,41.092888
TCN,8,10,0,40.31195
TCN,8,10,0,40.334072
TCN,8,10,0,40.35853
TCN,8,10,0,40.500645
TCN,8,10,0,40.615005
TCN,8,10,0,40.546825
TCN,8,10,0,40.380363
TCN,8,10,0,40.635628
TCN,8,10,0,40.34808
TCN,8,10,0,40.370163
TCN,9,1,0,40.418312
TCN,9,1,0,40.417908
TCN,9,1,0,40.39969
TCN,9,1,0,40.42686
TCN,9,1,0,40.491493
TCN,9,1,0,40.49782
TCN,9,1,0,40.502823
TCN,9,1,0,40.493275
TCN,9,1,0,40.5011
TCN,9,1,0,40.504646
TCN,9,2,0,40.45887
TCN,9,2,0,40.4737
TCN,9,2,0,40.46197
TCN,9,2,0,40.47033
TCN,9,2,0,40.46921
TCN,9,2,0,40.48336
TCN,9,2,0,40.49042
TCN,9,2,0,40.459404
TCN,9,2,0,40.462013
TCN,9,2,0,40.479736
TCN,9,3,0,40.523613
TCN,9,3,0,40.53506
TCN,9,3,0,40.4909
TCN,9,3,0,40.51398
TCN,9,3,0,40.492416
TCN,9,3,0,40.493793
TCN,9,3,0,40.520275
TCN,9,3,0,40.465553
TCN,9,3,0,40.497402
TCN,9,3,0,40.473732
TCN,9,4,0,40.49361
TCN,9,4,0,40.48759
TCN,9,4,0,40.504158
TCN,9,4,0,40.480705
TCN,9,4,0,40.490364
TCN,9,4,0,40.447475
TCN,9,4,0,40.4874
TCN,9,4,0,40.43952
TCN,9,4,0,40.44675
TCN,9,4,0,40.420666
TCN,9,5,0,40.36242
TCN,9,5,0,40.392803
TCN,9,5,0,40.358383
TCN,9,5,0,40.39238
TCN,9,5,0,40.39827
TCN,9,5,0,40.31282
TCN,9,5,0,40.39163
TCN,9,5,0,40.3847
TCN,9,5,0,40.38967
TCN,9,5,0,40.399868
TCN,9,6,0,40.706398
TCN,9,6,0,40.74621
TCN,9,6,0,40.72585
TCN,9,6,0,40.717213
TCN,9,6,0,40.70767
TCN,9,6,0,40.703526
TCN,9,6,0,40.69644
TCN,9,6,0,40.72551
TCN,9,6,0,40.68336
TCN,9,6,0,40.704113
TCN,9,7,0,40.697315
TCN,9,7,0,40.703587
TCN,9,7,0,40.69271
TCN,9,7,0,40.70995
TCN,9,7,0,40.706207
TCN,9,7,0,40.696945
TCN,9,7,0,40.70812
TCN,9,7,0,40.672516
TCN,9,7,0,40.701996
TCN,9,7,0,40.702892
TCN,9,8,0,40.71104
TCN,9,8,0,40.694843
TCN,9,8,0,40.728813
TCN,9,8,0,40.73278
TCN,9,8,0,40.738327
TCN,9,8,0,40.731804
TCN,9,8,0,40.723465
TCN,9,8,0,40.66352
TCN,9,8,0,40.778736
TCN,9,8,0,40.63669
TCN,9,9,0,40.669502
TCN,9,9,0,40.632256
TCN,9,9,0,40.638912
TCN,9,9,0,40.676273
TCN,9,9,0,40.660725
TCN,9,9,0,40.60594
TCN,9,9,0,40.604397
TCN,9,9,0,40.67166
TCN,9,9,0,40.641754
TCN,9,9,0,40.628918
TCN,9,10,0,40.537613
TCN,9,10,0,40.52564
TCN,9,10,0,40.534023
TCN,9,10,0,40.528244
TCN,9,10,0,40.54532
TCN,9,10,0,40.529945
TCN,9,10,0,40.53827
TCN,9,10,0,40.543922
TCN,9,10,0,40.552513
TCN,9,10,0,40.55024
TCN,10,1,0,40.518723
TCN,10,1,0,40.51689
TCN,10,1,0,40.509533
TCN,10,1,0,40.48908
TCN,10,1,0,40.460094
TCN,10,1,0,40.516563
TCN,10,1,0,40.495075
TCN,10,1,0,40.496124
TCN,10,1,0,40.485954
TCN,10,1,0,40.460434
TCN,10,2,0,40.57516
TCN,10,2,0,40.57865
TCN,10,2,0,40.583736
TCN,10,2,0,40.58183
TCN,10,2,0,40.61284
TCN,10,2,0,40.614807
TCN,10,2,0,40.552113
TCN,10,2,0,40.60902
TCN,10,2,0,40.571075
TCN,10,2,0,40.60943
TCN,10,3,0,40.69734
TCN,10,3,0,40.62357
TCN,10,3,0,40.589333
TCN,10,3,0,40.571358
TCN,10,3,0,40.58898
TCN,10,3,0,40.604122
TCN,10,3,0,40.52667
TCN,10,3,0,40.529385
TCN,10,3,0,40.517017
TCN,10,3,0,40.5654
TCN,10,4,0,40.537907
TCN,10,4,0,40.54305
TCN,10,4,0,40.553005
TCN,10,4,0,40.539867
TCN,10,4,0,40.565033
TCN,10,4,0,40.46948
TCN,10,4,0,40.497463
TCN,10,4,0,40.492226
TCN,10,4,0,40.50512
TCN,10,4,0,40.497383
TCN,10,5,0,40.448322
TCN,10,5,0,40.56581
TCN,10,5,0,40.53606
TCN,10,5,0,40.410397
TCN,10,5,0,40.402103
TCN,10,5,0,40.55959
TCN,10,5,0,40.67262
TCN,10,5,0,40.434418
TCN,10,5,0,40.50941
TCN,10,5,0,40.58913
TCN,10,6,0,40.75013
TCN,10,6,0,40.762497
TCN,10,6,0,40.74802
TCN,10,6,0,40.753876
TCN,10,6,0,40.711025
TCN,10,6,0,40.69025
TCN,10,6,0,40.70995
TCN,10,6,0,40.709465
TCN,10,6,0,40.741558
TCN,10,6,0,40.737514
TCN,10,7,0,40.661182
TCN,10,7,0,40.661083
TCN,10,7,0,40.67187
TCN,10,7,0,40.717987
TCN,10,7,0,40.71507
TCN,10,7,0,40.77113
TCN,10,7,0,40.626514
TCN,10,7,0,40.625336
TCN,10,7,0,40.60221
TCN,10,7,0,40.67383
TCN,10,8,0,40.76645
TCN,10,8,0,40.76463
TCN,10,8,0,40.765526
TCN,10,8,0,40.74422
TCN,10,8,0,40.72378
TCN,10,8,0,40.784687
TCN,10,8,0,40.75787
TCN,10,8,0,40.710484
TCN,10,8,0,40.832115
TCN,10,8,0,40.716297
TCN,10,9,0,40.63449
TCN,10,9,0,40.650185
TCN,10,9,0,40.647663
TCN,10,9,0,40.634384
TCN,10,9,0,40.639194
TCN,10,9,0,40.646503
TCN,10,9,0,40.565166
TCN,10,9,0,40.60104
TCN,10,9,0,40.57571
TCN,10,9,0,40.57999
TCN,10,10,0,40.58012
TCN,10,10,0,40.576225
TCN,10,10,0,40.568714
TCN,10,10,0,40.551468
TCN,10,10,0,40.54733
TCN,10,10,0,40.534542
TCN,10,10,0,40.543743
TCN,10,10,0,40.541412
TCN,10,10,0,40.557434
TCN,10,10,0,40.54604
SCT,1,1,1,42.808285
SCT,1,1,1,42.80577
SCT,1,1,1,42.724518
SCT,1,1,1,42.784035
SCT,1,1,1,42.81181
SCT,1,1,1,42.711872
SCT,1,1,1,42.76266
SCT,1,1,1,42.741882
SCT,1,1,1,42.813046
SCT,1,1,1,42.81056
SCT,1,2,1,42.9512
SCT,1,2,1,42.87833
SCT,1,2,1,42.80949
SCT,1,2,1,42.919727
SCT,1,2,1,43.07845
SCT,1,2,1,43.052258
SCT,1,2,1,42.982483
SCT,1,2,1,42.966022
SCT,1,2,1,42.89946
SCT,1,2,1,42.919163
SCT,1,3,1,43.131554
SCT,1,3,1,42.965202
SCT,1,3,1,42.945114
SCT,1,3,1,42.997955
SCT,1,3,1,43.005554
SCT,1,3,1,43.00708
SCT,1,3,1,43.07262
SCT,1,3,1,43.08006
SCT,1,3,1,43.024323
SCT,1,3,1,42.991985
SCT,1,4,1,43.11263
SCT,1,4,1,43.081825
SCT,1,4,1,43.017555
SCT,1,4,1,43.008377
SCT,1,4,1,43.08998
SCT,1,4,1,43.01778
SCT,1,4,1,42.97081
SCT,1,4,1,42.99034
SCT,1,4,1,43.020527
SCT,1,4,1,43.078922
SCT,1,5,1,43.058144
SCT,1,5,1,43.10197
SCT,1,5,1,43.019733
SCT,1,5,1,43.083267
SCT,1,5,1,42.9178
SCT,1,5,1,43.012203
SCT,1,5,1,43.098766
SCT,1,5,1,43.08242
SCT,1,5,1,42.969948
SCT,1,5,1,43.080177
SCT,1,6,1,43.00791
SCT,1,6,1,43.18921
SCT,1,6,1,43.118668
SCT,1,6,1,43.066177
SCT,1,6,1,43.003883
SCT,1,6,1,43.19553
SCT,1,6,1,43.005154
SCT,1,6,1,43.120518
SCT,1,6,1,42.91199
SCT,1,6,1,43.122482
SCT,1,7,1,42.826843
SCT,1,7,1,42.989517
SCT,1,7,1,43.002766
SCT,1,7,1,43.025166
SCT,1,7,1,43.009193
SCT,1,7,1,43.045483
SCT,1,7,1,43.048
SCT,1,7,1,43.037872
SCT,1,7,1,43.067898
SCT,1,7,1,43.050213
SCT,1,8,1,43.130436
SCT,1,8,1,43.042904
SCT,1,8,1,43.012184
SCT,1,8,1,43.063587
SCT,1,8,1,43.0354
SCT,1,8,1,43.053623
SCT,1,8,1,43.006577
SCT,1,8,1,43.077133
SCT,1,8,1,42.991535
SCT,1,8,1,42.905296
SCT,1,9,1,42.704865
SCT,1,9,1,42.76284
SCT,1,9,1,42.62581
SCT,1,9,1,42.703205
SCT,1,9,1,42.748707
SCT,1,9,1,42.717915
SCT,1,9,1,42.740902
SCT,1,9,1,42.73778
SCT,1,9,1,42.68391
SCT,1,9,1,42.68661
SCT,1,10,1,42.862183
SCT,1,10,1,42.85045
SCT,1,10,1,42.789066
SCT,1,10,1,42.76904
SCT,1,10,1,42.784954
SCT,1,10,1,42.877724
SCT,1,10,1,42.746666
SCT,1,10,1,42.774853
SCT,1,10,1,42.844597
SCT,1,10,1,42.841194
SCT,2,1,1,43.587685
SCT,2,1,1,43.60291
SCT,2,1,1,43.594322
SCT,2,1,1,43.551113
SCT,2,1,1,43.558582
SCT,2,1,1,43.5854
SCT,2,1,1,43.62398
SCT,2,1,1,43.593147
SCT,2,1,1,43.52596
SCT,2,1,1,43.55928
SCT,2,2,1,43.393864
SCT,2,2,1,43.404644
SCT,2,2,1,43.38413
SCT,2,2,1,43.462845
SCT,2,2,1,43.43549
SCT,2,2,1,43.37354
SCT,2,2,1,43.40662
SCT,2,2,1,43.42836
SCT,2,2,1,43.35358
SCT,2,2,1,43.35089
SCT,2,3,1,43.76514
SCT,2,3,1,43.76889
SCT,2,3,1,43.769493
SCT,2,3,1,43.75698
SCT,2,3,1,43.718994
SCT,2,3,1,43.743256
SCT,2,3,1,43.72951
SCT,2,3,1,43.73902
SCT,2,3,1,43.697502
SCT,2,3,1,43.751118
SCT,2,4,1,44.047134
SCT,2,4,1,44.018494
SCT,2,4,1,43.979603
SCT,2,4,1,43.96862
SCT,2,4,1,44.007965
SCT,2,4,1,44.009632
SCT,2,4,1,44.00679
SCT,2,4,1,43.98337
SCT,2,4,1,43.982857
SCT,2,4,1,43.91419
SCT,2,5,1,43.74745
SCT,2,5,1,43.8012
SCT,2,5,1,43.76041
SCT,2,5,1,43.76125
SCT,2,5,1,43.77308
SCT,2,5,1,43.7293
SCT,2,5,1,43.726696
SCT,2,5,1,43.707047
SCT,2,5,1,43.756756
SCT,2,5,1,43.783463
SCT,2,6,1,43.567715
SCT,2,6,1,43.588364
SCT,2,6,1,43.457764
SCT,2,6,1,43.56279
SCT,2,6,1,43.527325
SCT,2,6,1,43.573956
SCT,2,6,1,43.598995
SCT,2,6,1,43.57082
SCT,2,6,1,43.585636
SCT,2,6,1,43.571846
SCT,2,7,1,43.38209
SCT,2,7,1,43.3644
SCT,2,7,1,43.401676
SCT,2,7,1,43.443394
SCT,2,7,1,43.4293
SCT,2,7,1,43.436127
SCT,2,7,1,43.42838
SCT,2,7,1,43.451923
SCT,2,7,1,43.44661
SCT,2,7,1,43.468422
SCT,2,8,1,43.64263
SCT,2,8,1,43.659767
SCT,2,8,1,43.660004
SCT,2,8,1,43.63369
SCT,2,8,1,43.605583
SCT,2,8,1,43.576443
SCT,2,8,1,43.629288
SCT,2,8,1,43.6647
SCT,2,8,1,43.65146
SCT,2,8,1,43.632843
SCT,2,9,1,43.522182
SCT,2,9,1,43.51146
SCT,2,9,1,43.538593
SCT,2,9,1,43.54733
SCT,2,9,1,43.54661
SCT,2,9,1,43.527752
SCT,2,9,1,43.54004
SCT,2,9,1,43.53004
SCT,2,9,1,43.541954
SCT,2,9,1,43.55135
SCT,2,10,1,43.2005
SCT,2,10,1,43.238396
SCT,2,10,1,43.165554
SCT,2,10,1,43.20633
SCT,2,10,1,43.212914
SCT,2,10,1,43.22924
SCT,2,10,1,43.243637
SCT,2,10,1,43.299046
SCT,2,10,1,43.278957
SCT,2,10,1,43.227043
SCT,3,1,1,42.625248
SCT,3,1,1,42.635696
SCT,3,1,1,42.651737
SCT,3,1,1,42.662834
SCT,3,1,1,42.7036
SCT,3,1,1,42.646313
SCT,3,1,1,42.708656
SCT,3,1,1,42.48493
SCT,3,1,1,42.557293
SCT,3,1,1,42.55705
SCT,3,2,1,42.506268
SCT,3,2,1,42.523697
SCT,3,2,1,42.39012
SCT,3,2,1,42.384346
SCT,3,2,1,42.384773
SCT,3,2,1,42.394524
SCT,3,2,1,42.37723
SCT,3,2,1,42.365337
SCT,3,2,1,42.33037
SCT,3,2,1,42.36116
SCT,3,3,1,42.51074
SCT,3,3,1,42.455173
SCT,3,3,1,42.481327
SCT,3,3,1,42.43297
SCT,3,3,1,42.425797
SCT,3,3,1,42.45974
SCT,3,3,1,42.46576
SCT,3,3,1,42.513515
SCT,3,3,1,42.43707
SCT,3,3,1,42.399742
SCT,3,4,1,43.175495
SCT,3,4,1,43.239166
SCT,3,4,1,43.401848
SCT,3,4,1,43.38894
SCT,3,4,1,43.43197
SCT,3,4,1,43.47187
SCT,3,4,1,43.3917
SCT,3,4,1,43.460773
SCT,3,4,1,43.432224
SCT,3,4,1,43.435127
SCT,3,5,1,43.53746
SCT,3,5,1,43.402622
SCT,3,5,1,43.49991
SCT,3,5,1,43.45376
SCT,3,5,1,43.48557
SCT,3,5,1,43.702705
SCT,3,5,1,43.432693
SCT,3,5,1,43.694492
SCT,3,5,1,43.75406
SCT,3,5,1,43.821056
SCT,3,6,1,42.82493
SCT,3,6,1,42.82927
SCT,3,6,1,42.80751
SCT,3,6,1,42.88524
SCT,3,6,1,42.834835
SCT,3,6,1,42.840336
SCT,3,6,1,42.837948
SCT,3,6,1,42.805443
SCT,3,6,1,42.87693
SCT,3,6,1,42.948414
SCT,3,7,1,42.913765
SCT,3,7,1,42.888145
SCT,3,7,1,42.95492
SCT,3,7,1,42.87969
SCT,3,7,1,42.87018
SCT,3,7,1,42.891056
SCT,3,7,1,42.965122
SCT,3,7,1,42.93234
SCT,3,7,1,42.988377
SCT,3,7,1,42.932953
SCT,3,8,1,43.4554
SCT,3,8,1,43.468693
SCT,3,8,1,43.269108
SCT,3,8,1,43.137653
SCT,3,8,1,43.27672
SCT,3,8,1,43.478302
SCT,3,8,1,43.510395
SCT,3,8,1,43.54125
SCT,3,8,1,43.503387
SCT,3,8,1,43.15189
SCT,3,9,1,42.48231
SCT,3,9,1,42.410664
SCT,3,9,1,42.536003
SCT,3,9,1,42.47697
SCT,3,9,1,42.481876
SCT,3,9,1,42.493248
SCT,3,9,1,42.524593
SCT,3,9,1,42.43391
SCT,3,9,1,42.31899
SCT,3,9,1,42.35972
SCT,3,10,1,42.396038
SCT,3,10,1,42.434547
SCT,3,10,1,42.283924
SCT,3,10,1,42.315582
SCT,3,10,1,42.39037
SCT,3,10,1,42.374023
SCT,3,10,1,42.40072
SCT,3,10,1,42.351177
SCT,3,10,1,42.24987
SCT,3,10,1,42.441494
SCT,4,1,1,41.70459
SCT,4,1,1,41.69394
SCT,4,1,1,41.841316
SCT,4,1,1,41.811245
SCT,4,1,1,41.78976
SCT,4,1,1,41.76258
SCT,4,1,1,41.72617
SCT,4,1,1,41.710777
SCT,4,1,1,41.800705
SCT,4,1,1,41.78657
SCT,4,2,1,42.014904
SCT,4,2,1,41.661976
SCT,4,2,1,41.961235
SCT,4,2,1,41.96609
SCT,4,2,1,41.89175
SCT,4,2,1,41.89769
SCT,4,2,1,42.036236
SCT,4,2,1,41.885498
SCT,4,2,1,41.903282
SCT,4,2,1,42.09343
SCT,4,3,1,42.83234
SCT,4,3,1,42.97834
SCT,4,3,1,42.969543
SCT,4,3,1,43.021564
SCT,4,3,1,43.04846
SCT,4,3,1,42.87001
SCT,4,3,1,43.035847
SCT,4,3,1,43.021637
SCT,4,3,1,43.054413
SCT,4,3,1,42.979504
SCT,4,4,1,43.22195
SCT,4,4,1,43.165688
SCT,4,4,1,43.26733
SCT,4,4,1,43.215
SCT,4,4,1,43.11921
SCT,4,4,1,43.13659
SCT,4,4,1,43.142292
SCT,4,4,1,43.197758
SCT,4,4,1,43.156376
SCT,4,4,1,43.26645
SCT,4,5,1,42.847794
SCT,4,5,1,43.14892
SCT,4,5,1,43.088375
SCT,4,5,1,43.16186
SCT,4,5,1,43.305683
SCT,4,5,1,43.171486
SCT,4,5,1,43.221046
SCT,4,5,1,43.318684
SCT,4,5,1,43.24692
SCT,4,5,1,43.14988
SCT,4,6,1,42.620014
SCT,4,6,1,42.590008
SCT,4,6,1,42.609463
SCT,4,6,1,42.625584
SCT,4,6,1,42.662342
SCT,4,6,1,42.55739
SCT,4,6,1,42.535324
SCT,4,6,1,42.644993
SCT,4,6,1,42.71398
SCT,4,6,1,42.578316
SCT,4,7,1,43.43496
SCT,4,7,1,43.357998
SCT,4,7,1,43.394615
SCT,4,7,1,43.374393
SCT,4,7,1,43.420204
SCT,4,7,1,43.41708
SCT,4,7,1,43.4115
SCT,4,7,1,43.389606
SCT,4,7,1,43.428703
SCT,4,7,1,43.40793
SCT,4,8,1,41.73294
SCT,4,8,1,41.75997
SCT,4,8,1,41.76505
SCT,4,8,1,41.666164
SCT,4,8,1,41.750614
SCT,4,8,1,41.53746
SCT,4,8,1,41.590157
SCT,4,8,1,41.474785
SCT,4,8,1,41.653378
SCT,4,8,1,41.621002
SCT,4,9,1,42.90788
SCT,4,9,1,42.966125
SCT,4,9,1,42.956963
SCT,4,9,1,42.965157
SCT,4,9,1,42.97825
SCT,4,9,1,42.906456
SCT,4,9,1,42.84894
SCT,4,9,1,42.840275
SCT,4,9,1,42.988926
SCT,4,9,1,42.964474
SCT,4,10,1,42.60729
SCT,4,10,1,42.605595
SCT,4,10,1,42.616566
SCT,4,10,1,42.639553
SCT,4,10,1,42.6925
SCT,4,10,1,42.67035
SCT,4,10,1,42.639835
SCT,4,10,1,42.626713
SCT,4,10,1,42.570118
SCT,4,10,1,42.588604
SCT,5,1,1,42.796474
SCT,5,1,1,42.83917
SCT,5,1,1,42.846104
SCT,5,1,1,42.8914
SCT,5,1,1,42.937237
SCT,5,1,1,42.910583
SCT,5,1,1,42.871117
SCT,5,1,1,42.830082
SCT,5,1,1,42.890495
SCT,5,1,1,42.8877
SCT,5,2,1,43.041542
SCT,5,2,1,42.963097
SCT,5,2,1,42.870056
SCT,5,2,1,42.826935
SCT,5,2,1,42.82431
SCT,5,2,1,42.75719
SCT,5,2,1,42.832764
SCT,5,2,1,42.812786
SCT,5,2,1,42.826416
SCT,5,2,1,42.82542
SCT,5,3,1,42.9842
SCT,5,3,1,43.007175
SCT,5,3,1,42.92163
SCT,5,3,1,42.946735
SCT,5,3,1,43.0365
SCT,5,3,1,42.997
SCT,5,3,1,42.93881
SCT,5,3,1,42.954506
SCT,5,3,1,43.004646
SCT,5,3,1,42.989246
SCT,5,4,1,42.97287
SCT,5,4,1,42.898952
SCT,5,4,1,42.946075
SCT,5,4,1,42.922474
SCT,5,4,1,42.916798
SCT,5,4,1,42.915073
SCT,5,4,1,42.88975
SCT,5,4,1,43.01029
SCT,5,4,1,42.943558
SCT,5,4,1,42.96084
SCT,5,5,1,43.174065
SCT,5,5,1,43.17225
SCT,5,5,1,43.072754
SCT,5,5,1,43.109383
SCT,5,5,1,43.105583
SCT,5,5,1,43.10292
SCT,5,5,1,43.122242
SCT,5,5,1,43.11948
SCT,5,5,1,43.17491
SCT,5,5,1,43.13181
SCT,5,6,1,43.014248
SCT,5,6,1,42.921356
SCT,5,6,1,42.960384
SCT,5,6,1,42.970722
SCT,5,6,1,42.931534
SCT,5,6,1,42.98269
SCT,5,6,1,42.938118
SCT,5,6,1,42.904053
SCT,5,6,1,42.90323
SCT,5,6,1,42.892654
SCT,5,7,1,43.087765
SCT,5,7,1,43.079597
SCT,5,7,1,43.05657
SCT,5,7,1,43.023956
SCT,5,7,1,43.066353
SCT,5,7,1,43.036926
SCT,5,7,1,43.07685
SCT,5,7,1,43.034016
SCT,5,7,1,43.06288
SCT,5,7,1,43.074135
SCT,5,8,1,42.912354
SCT,5,8,1,42.89502
SCT,5,8,1,42.86114
SCT,5,8,1,42.801132
SCT,5,8,1,42.802666
SCT,5,8,1,42.88357
SCT,5,8,1,42.88439
SCT,5,8,1,42.887074
SCT,5,8,1,42.87276
SCT,5,8,1,42.931335
SCT,5,9,1,42.715782
SCT,5,9,1,42.79631
SCT,5,9,1,42.727303
SCT,5,9,1,42.73691
SCT,5,9,1,42.732212
SCT,5,9,1,42.72431
SCT,5,9,1,42.753464
SCT,5,9,1,42.73349
SCT,5,9,1,42.792133
SCT,5,9,1,42.736973
SCT,5,10,1,42.836452
SCT,5,10,1,42.83564
SCT,5,10,1,42.914215
SCT,5,10,1,42.82817
SCT,5,10,1,42.817482
SCT,5,10,1,42.795536
SCT,5,10,1,42.83132
SCT,5,10,1,42.874756
SCT,5,10,1,42.705055
SCT,5,10,1,42.706356
SCT,6,1,1,43.41478
SCT,6,1,1,43.458897
SCT,6,1,1,43.49176
SCT,6,1,1,43.470226
SCT,6,1,1,43.412476
SCT,6,1,1,43.461987
SCT,6,1,1,43.47834
SCT,6,1,1,43.468708
SCT,6,1,1,43.409874
SCT,6,1,1,43.386005
SCT,6,2,1,43.81165
SCT,6,2,1,43.816063
SCT,6,2,1,43.787514
SCT,6,2,1,43.750988
SCT,6,2,1,43.701565
SCT,6,2,1,43.735493
SCT,6,2,1,43.72372
SCT,6,2,1,43.694702
SCT,6,2,1,43.704372
SCT,6,2,1,43.71959
SCT,6,3,1,43.41831
SCT,6,3,1,43.480785
SCT,6,3,1,43.49361
SCT,6,3,1,43.49663
SCT,6,3,1,43.49252
SCT,6,3,1,43.50421
SCT,6,3,1,43.562363
SCT,6,3,1,43.460186
SCT,6,3,1,43.5259
SCT,6,3,1,43.470783
SCT,6,4,1,43.904408
SCT,6,4,1,43.909027
SCT,6,4,1,43.84946
SCT,6,4,1,43.898743
SCT,6,4,1,43.927464
SCT,6,4,1,43.883354
SCT,6,4,1,43.89532
SCT,6,4,1,43.926052
SCT,6,4,1,43.88454
SCT,6,4,1,43.926327
SCT,6,5,1,43.560318
SCT,6,5,1,43.567005
SCT,6,5,1,43.554142
SCT,6,5,1,43.52305
SCT,6,5,1,43.515446
SCT,6,5,1,43.496346
SCT,6,5,1,43.524605
SCT,6,5,1,43.491764
SCT,6,5,1,43.557304
SCT,6,5,1,43.603542
SCT,6,6,1,43.578438
SCT,6,6,1,43.57322
SCT,6,6,1,43.530506
SCT,6,6,1,43.5561
SCT,6,6,1,43.54233
SCT,6,6,1,43.480152
SCT,6,6,1,43.505547
SCT,6,6,1,43.49318
SCT,6,6,1,43.487125
SCT,6,6,1,43.5035
SCT,6,7,1,43.273422
SCT,6,7,1,43.126076
SCT,6,7,1,43.264877
SCT,6,7,1,43.26025
SCT,6,7,1,43.36571
SCT,6,7,1,43.34503
SCT,6,7,1,43.34969
SCT,6,7,1,43.21407
SCT,6,7,1,43.402184
SCT,6,7,1,43.39507
SCT,6,8,1,43.434616
SCT,6,8,1,43.45932
SCT,6,8,1,43.437107
SCT,6,8,1,43.43742
SCT,6,8,1,43.45718
SCT,6,8,1,43.468296
SCT,6,8,1,43.45539
SCT,6,8,1,43.438046
SCT,6,8,1,43.459877
SCT,6,8,1,43.41026
SCT,6,9,1,43.691975
SCT,6,9,1,43.775013
SCT,6,9,1,43.775146
SCT,6,9,1,43.82936
SCT,6,9,1,43.79446
SCT,6,9,1,43.82446
SCT,6,9,1,43.82457
SCT,6,9,1,43.81355
SCT,6,9,1,43.875114
SCT,6,9,1,43.796936
SCT,6,10,1,43.542793
SCT,6,10,1,43.53914
SCT,6,10,1,43.557915
SCT,6,10,1,43.544067
SCT,6,10,1,43.5446
SCT,6,10,1,43.563194
SCT,6,10,1,43.59568
SCT,6,10,1,43.56208
SCT,6,10,1,43.546043
SCT,6,10,1,43.66198
SCT,7,1,1,43.330803
SCT,7,1,1,43.306057
SCT,7,1,1,43.35447
SCT,7,1,1,43.268402
SCT,7,1,1,43.341278
SCT,7,1,1,43.3039
SCT,7,1,1,43.35579
SCT,7,1,1,43.347225
SCT,7,1,1,43.256676
SCT,7,1,1,43.297203
SCT,7,2,1,43.222706
SCT,7,2,1,43.249912
SCT,7,2,1,43.24791
SCT,7,2,1,43.2628
SCT,7,2,1,43.266117
SCT,7,2,1,43.229744
SCT,7,2,1,43.253326
SCT,7,2,1,43.246357
SCT,7,2,1,43.24857
SCT,7,2,1,43.218784
SCT,7,3,1,43.56564
SCT,7,3,1,43.540977
SCT,7,3,1,43.54349
SCT,7,3,1,43.546906
SCT,7,3,1,43.556927
SCT,7,3,1,43.544247
SCT,7,3,1,43.534622
SCT,7,3,1,43.54451
SCT,7,3,1,43.556686
SCT,7,3,1,43.524174
SCT,7,4,1,43.609295
SCT,7,4,1,43.607586
SCT,7,4,1,43.61927
SCT,7,4,1,43.558216
SCT,7,4,1,43.549206
SCT,7,4,1,43.567154
SCT,7,4,1,43.582092
SCT,7,4,1,43.558483
SCT,7,4,1,43.58545
SCT,7,4,1,43.565117
SCT,7,5,1,43.52869
SCT,7,5,1,43.545017
SCT,7,5,1,43.534206
SCT,7,5,1,43.53799
SCT,7,5,1,43.526955
SCT,7,5,1,43.53076
SCT,7,5,1,43.52292
SCT,7,5,1,43.53796
SCT,7,5,1,43.522152
SCT,7,5,1,43.527477
SCT,7,6,1,43.154152
SCT,7,6,1,43.112644
SCT,7,6,1,43.13479
SCT,7,6,1,43.134743
SCT,7,6,1,43.112885
SCT,7,6,1,43.147495
SCT,7,6,1,43.163292
SCT,7,6,1,43.154316
SCT,7,6,1,43.13567
SCT,7,6,1,43.08124
SCT,7,7,1,43.253727
SCT,7,7,1,43.25501
SCT,7,7,1,43.265717
SCT,7,7,1,43.281467
SCT,7,7,1,43.28673
SCT,7,7,1,43.286514
SCT,7,7,1,43.2901
SCT,7,7,1,43.284546
SCT,7,7,1,43.2913
SCT,7,7,1,43.267162
SCT,7,8,1,43.23381
SCT,7,8,1,43.25095
SCT,7,8,1,43.255592
SCT,7,8,1,43.2726
SCT,7,8,1,43.267555
SCT,7,8,1,43.29176
SCT,7,8,1,43.268723
SCT,7,8,1,43.29591
SCT,7,8,1,43.27521
SCT,7,8,1,43.21491
SCT,7,9,1,43.311607
SCT,7,9,1,43.30654
SCT,7,9,1,43.306973
SCT,7,9,1,43.29573
SCT,7,9,1,43.25865
SCT,7,9,1,43.277138
SCT,7,9,1,43.27292
SCT,7,9,1,43.283916
SCT,7,9,1,43.26808
SCT,7,9,1,43.30477
SCT,7,10,1,43.207935
SCT,7,10,1,43.197155
SCT,7,10,1,43.194298
SCT,7,10,1,43.19656
SCT,7,10,1,43.213593
SCT,7,10,1,43.20785
SCT,7,10,1,43.210243
SCT,7,10,1,43.2226
SCT,7,10,1,43.206696
SCT,7,10,1,43.214638
SCT,8,1,1,43.218277
SCT,8,1,1,43.23911
SCT,8,1,1,43.25414
SCT,8,1,1,43.24178
SCT,8,1,1,43.229393
SCT,8,1,1,43.25797
SCT,8,1,1,43.231873
SCT,8,1,1,43.227768
SCT,8,1,1,43.237892
SCT,8,1,1,43.236446
SCT,8,2,1,43.34198
SCT,8,2,1,43.421738
SCT,8,2,1,43.440575
SCT,8,2,1,43.484295
SCT,8,2,1,43.511826
SCT,8,2,1,43.474586
SCT,8,2,1,43.496597
SCT,8,2,1,43.46452
SCT,8,2,1,43.48465
SCT,8,2,1,43.45227
SCT,8,3,1,43.547314
SCT,8,3,1,43.55814
SCT,8,3,1,43.56603
SCT,8,3,1,43.567078
SCT,8,3,1,43.500763
SCT,8,3,1,43.5662
SCT,8,3,1,43.57391
SCT,8,3,1,43.574615
SCT,8,3,1,43.58935
SCT,8,3,1,43.590313
SCT,8,4,1,43.729836
SCT,8,4,1,43.75145
SCT,8,4,1,43.754192
SCT,8,4,1,43.735626
SCT,8,4,1,43.729935
SCT,8,4,1,43.749237
SCT,8,4,1,43.742935
SCT,8,4,1,43.727745
SCT,8,4,1,43.741573
SCT,8,4,1,43.7667
SCT,8,5,1,43.55427
SCT,8,5,1,43.55587
SCT,8,5,1,43.54125
SCT,8,5,1,43.551167
SCT,8,5,1,43.53055
SCT,8,5,1,43.533516
SCT,8,5,1,43.539547
SCT,8,5,1,43.539944
SCT,8,5,1,43.505276
SCT,8,5,1,43.493687
SCT,8,6,1,43.480816
SCT,8,6,1,43.462917
SCT,8,6,1,43.43268
SCT,8,6,1,43.38902
SCT,8,6,1,43.492115
SCT,8,6,1,43.468254
SCT,8,6,1,43.47653
SCT,8,6,1,43.465805
SCT,8,6,1,43.46398
SCT,8,6,1,43.400986
SCT,8,7,1,43.08702
SCT,8,7,1,43.05621
SCT,8,7,1,43.077892
SCT,8,7,1,43.055588
SCT,8,7,1,43.106834
SCT,8,7,1,43.074303
SCT,8,7,1,43.079395
SCT,8,7,1,43.11936
SCT,8,7,1,43.113712
SCT,8,7,1,43.115402
SCT,8,8,1,43.48301
SCT,8,8,1,43.454258
SCT,8,8,1,43.442177
SCT,8,8,1,43.47222
SCT,8,8,1,43.447987
SCT,8,8,1,43.485676
SCT,8,8,1,43.463676
SCT,8,8,1,43.50077
SCT,8,8,1,43.464798
SCT,8,8,1,43.45977
SCT,8,9,1,43.715107
SCT,8,9,1,43.737263
SCT,8,9,1,43.733784
SCT,8,9,1,43.716232
SCT,8,9,1,43.726604
SCT,8,9,1,43.733067
SCT,8,9,1,43.72402
SCT,8,9,1,43.728455
SCT,8,9,1,43.731766
SCT,8,9,1,43.735924
SCT,8,10,1,42.93158
SCT,8,10,1,42.877342
SCT,8,10,1,42.930992
SCT,8,10,1,42.91915
SCT,8,10,1,42.924873
SCT,8,10,1,42.87881
SCT,8,10,1,42.906906
SCT,8,10,1,42.89859
SCT,8,10,1,42.84282
SCT,8,10,1,42.886547
SCT,9,1,1,43.2232
SCT,9,1,1,43.271404
SCT,9,1,1,43.27339
SCT,9,1,1,43.252644
SCT,9,1,1,43.272038
SCT,9,1,1,43.274715
SCT,9,1,1,43.213615
SCT,9,1,1,43.272667
SCT,9,1,1,43.187267
SCT,9,1,1,43.26201
SCT,9,2,1,43.47497
SCT,9,2,1,43.499805
SCT,9,2,1,43.45024
SCT,9,2,1,43.442097
SCT,9,2,1,43.494877
SCT,9,2,1,43.445435
SCT,9,2,1,43.479267
SCT,9,2,1,43.458656
SCT,9,2,1,43.49225
SCT,9,2,1,43.497192
SCT,9,3,1,43.55827
SCT,9,3,1,43.559807
SCT,9,3,1,43.688236
SCT,9,3,1,43.670254
SCT,9,3,1,43.656273
SCT,9,3,1,43.547817
SCT,9,3,1,43.615036
SCT,9,3,1,43.550705
SCT,9,3,1,43.522797
SCT,9,3,1,43.550003
SCT,9,4,1,43.59181
SCT,9,4,1,43.69911
SCT,9,4,1,43.681015
SCT,9,4,1,43.57914
SCT,9,4,1,43.590015
SCT,9,4,1,43.584812
SCT,9,4,1,43.63311
SCT,9,4,1,43.618214
SCT,9,4,1,43.66877
SCT,9,4,1,43.65301
SCT,9,5,1,43.617798
SCT,9,5,1,43.614716
SCT,9,5,1,43.634
SCT,9,5,1,43.637943
SCT,9,5,1,43.62125
SCT,9,5,1,43.61052
SCT,9,5,1,43.578365
SCT,9,5,1,43.583557
SCT,9,5,1,43.612526
SCT,9,5,1,43.61466
SCT,9,6,1,43.46828
SCT,9,6,1,43.539783
SCT,9,6,1,43.463936
SCT,9,6,1,43.525814
SCT,9,6,1,43.485867
SCT,9,6,1,43.38606
SCT,9,6,1,43.47609
SCT,9,6,1,43.456142
SCT,9,6,1,43.292892
SCT,9,6,1,43.40474
SCT,9,7,1,43.070652
SCT,9,7,1,43.140377
SCT,9,7,1,43.140244
SCT,9,7,1,43.101116
SCT,9,7,1,43.14223
SCT,9,7,1,43.134575
SCT,9,7,1,43.152466
SCT,9,7,1,43.161076
SCT,9,7,1,43.18052
SCT,9,7,1,43.169422
SCT,9,8,1,43.37694
SCT,9,8,1,43.51307
SCT,9,8,1,43.4021
SCT,9,8,1,43.384888
SCT,9,8,1,43.325714
SCT,9,8,1,43.327953
SCT,9,8,1,43.441628
SCT,9,8,1,43.494762
SCT,9,8,1,43.41594
SCT,9,8,1,43.280376
SCT,9,9,1,43.426502
SCT,9,9,1,43.444405
SCT,9,9,1,43.382042
SCT,9,9,1,43.416195
SCT,9,9,1,43.48145
SCT,9,9,1,43.411827
SCT,9,9,1,43.445473
SCT,9,9,1,43.40558
SCT,9,9,1,43.478367
SCT,9,9,1,43.393066
SCT,9,10,1,43.12712
SCT,9,10,1,43.16603
SCT,9,10,1,43.167248
SCT,9,10,1,43.168724
SCT,9,10,1,43.16417
SCT,9,10,1,43.139744
SCT,9,10,1,43.15999
SCT,9,10,1,43.166813
SCT,9,10,1,43.14696
SCT,9,10,1,43.167255
SCT,10,1,1,42.982002
SCT,10,1,1,42.978523
SCT,10,1,1,43.004505
SCT,10,1,1,42.98947
SCT,10,1,1,43.015194
SCT,10,1,1,43.02677
SCT,10,1,1,43.02065
SCT,10,1,1,42.99395
SCT,10,1,1,42.986
SCT,10,1,1,42.988945
SCT,10,2,1,43.29124
SCT,10,2,1,43.31696
SCT,10,2,1,43.297306
SCT,10,2,1,43.2818
SCT,10,2,1,43.281322
SCT,10,2,1,43.291096
SCT,10,2,1,43.31972
SCT,10,2,1,43.302444
SCT,10,2,1,43.29289
SCT,10,2,1,43.309784
SCT,10,3,1,43.562176
SCT,10,3,1,43.56955
SCT,10,3,1,43.588425
SCT,10,3,1,43.591785
SCT,10,3,1,43.58272
SCT,10,3,1,43.59874
SCT,10,3,1,43.607456
SCT,10,3,1,43.62155
SCT,10,3,1,43.60807
SCT,10,3,1,43.617367
SCT,10,4,1,43.54604
SCT,10,4,1,43.540085
SCT,10,4,1,43.53597
SCT,10,4,1,43.52594
SCT,10,4,1,43.53564
SCT,10,4,1,43.536057
SCT,10,4,1,43.51801
SCT,10,4,1,43.51142
SCT,10,4,1,43.50709
SCT,10,4,1,43.504177
SCT,10,5,1,43.504112
SCT,10,5,1,43.53482
SCT,10,5,1,43.534107
SCT,10,5,1,43.514084
SCT,10,5,1,43.54163
SCT,10,5,1,43.54306
SCT,10,5,1,43.500263
SCT,10,5,1,43.51948
SCT,10,5,1,43.522877
SCT,10,5,1,43.542976
SCT,10,6,1,43.40909
SCT,10,6,1,43.32379
SCT,10,6,1,43.317863
SCT,10,6,1,43.395397
SCT,10,6,1,43.337578
SCT,10,6,1,43.346455
SCT,10,6,1,43.33307
SCT,10,6,1,43.37286
SCT,10,6,1,43.399296
SCT,10,6,1,43.335266
SCT,10,7,1,43.120567
SCT,10,7,1,43.13648
SCT,10,7,1,43.169067
SCT,10,7,1,43.183907
SCT,10,7,1,43.166798
SCT,10,7,1,43.163578
SCT,10,7,1,43.16126
SCT,10,7,1,43.143993
SCT,10,7,1,43.142673
SCT,10,7,1,43.128372
SCT,10,8,1,43.2845
SCT,10,8,1,43.303764
SCT,10,8,1,43.30599
SCT,10,8,1,43.349255
SCT,10,8,1,43.34538
SCT,10,8,1,43.285767
SCT,10,8,1,43.29125
SCT,10,8,1,43.29557
SCT,10,8,1,43.257755
SCT,10,8,1,43.31227
SCT,10,9,1,43.373505
SCT,10,9,1,43.402004
SCT,10,9,1,43.377857
SCT,10,9,1,43.358208
SCT,10,9,1,43.37488
SCT,10,9,1,43.384743
SCT,10,9,1,43.392853
SCT,10,9,1,43.372673
SCT,10,9,1,43.395
SCT,10,9,1,43.363834
SCT,10,10,1,43.202312
SCT,10,10,1,43.211025
SCT,10,10,1,43.194023
SCT,10,10,1,43.190826
SCT,10,10,1,43.212025
SCT,10,10,1,43.20041
SCT,10,10,1,43.185825
SCT,10,10,1,43.207626
SCT,10,10,1,43.19944
SCT,10,10,1,43.209175
SCT,1,1,0,42.877213
SCT,1,1,0,42.99092
SCT,1,1,0,43.09961
SCT,1,1,0,43.014576
SCT,1,1,0,43.137436
SCT,1,1,0,43.17512
SCT,1,1,0,43.07123
SCT,1,1,0,43.039433
SCT,1,1,0,42.97131
SCT,1,1,0,42.989807
SCT,1,2,0,43.104553
SCT,1,2,0,43.02016
SCT,1,2,0,43.101242
SCT,1,2,0,42.9125
SCT,1,2,0,43.065094
SCT,1,2,0,42.993324
SCT,1,2,0,43.10727
SCT,1,2,0,43.19716
SCT,1,2,0,42.863136
SCT,1,2,0,42.92379
SCT,1,3,0,42.978878
SCT,1,3,0,43.057327
SCT,1,3,0,42.98915
SCT,1,3,0,42.93005
SCT,1,3,0,42.916042
SCT,1,3,0,42.924156
SCT,1,3,0,43.031414
SCT,1,3,0,43.106552
SCT,1,3,0,43.007133
SCT,1,3,0,42.98856
SCT,1,4,0,43.527615
SCT,1,4,0,43.130573
SCT,1,4,0,43.212517
SCT,1,4,0,43.337936
SCT,1,4,0,43.22059
SCT,1,4,0,43.197536
SCT,1,4,0,43.181595
SCT,1,4,0,43.183285
SCT,1,4,0,43.10952
SCT,1,4,0,43.273605
SCT,1,5,0,42.978405
SCT,1,5,0,43.00072
SCT,1,5,0,43.040146
SCT,1,5,0,43.067432
SCT,1,5,0,42.87082
SCT,1,5,0,43.024242
SCT,1,5,0,42.91929
SCT,1,5,0,42.88735
SCT,1,5,0,43.047085
SCT,1,5,0,42.96738
SCT,1,6,0,42.924904
SCT,1,6,0,42.944584
SCT,1,6,0,43.00646
SCT,1,6,0,43.03063
SCT,1,6,0,43.088985
SCT,1,6,0,42.867146
SCT,1,6,0,42.976105
SCT,1,6,0,42.972347
SCT,1,6,0,42.99137
SCT,1,6,0,42.856018
SCT,1,7,0,43.13601
SCT,1,7,0,43.37411
SCT,1,7,0,43.077766
SCT,1,7,0,43.407734
SCT,1,7,0,42.982525
SCT,1,7,0,43.072834
SCT,1,7,0,43.109467
SCT,1,7,0,42.982037
SCT,1,7,0,43.293106
SCT,1,7,0,43.086094
SCT,1,8,0,42.783257
SCT,1,8,0,42.774227
SCT,1,8,0,42.822052
SCT,1,8,0,42.79722
SCT,1,8,0,43.043865
SCT,1,8,0,43.014668
SCT,1,8,0,43.044838
SCT,1,8,0,42.318607
SCT,1,8,0,43.083122
SCT,1,8,0,42.852196
SCT,1,9,0,43.25031
SCT,1,9,0,43.146698
SCT,1,9,0,43.164936
SCT,1,9,0,43.39238
SCT,1,9,0,43.139267
SCT,1,9,0,43.19006
SCT,1,9,0,43.152683
SCT,1,9,0,43.091015
SCT,1,9,0,43.252716
SCT,1,9,0,43.003727
SCT,1,10,0,43.1163
SCT,1,10,0,43.09416
SCT,1,10,0,43.06885
SCT,1,10,0,42.99895
SCT,1,10,0,42.992516
SCT,1,10,0,42.818752
SCT,1,10,0,43.15636
SCT,1,10,0,42.98673
SCT,1,10,0,43.09941
SCT,1,10,0,42.791157
SCT,2,1,0,43.435165
SCT,2,1,0,43.465454
SCT,2,1,0,43.48006
SCT,2,1,0,43.451973
SCT,2,1,0,43.4319
SCT,2,1,0,43.493385
SCT,2,1,0,43.46762
SCT,2,1,0,43.446632
SCT,2,1,0,43.44363
SCT,2,1,0,43.499218
SCT,2,2,0,43.305325
SCT,2,2,0,43.308384
SCT,2,2,0,43.27678
SCT,2,2,0,43.23694
SCT,2,2,0,43.411304
SCT,2,2,0,43.41381
SCT,2,2,0,43.33584
SCT,2,2,0,43.386906
SCT,2,2,0,43.49503
SCT,2,2,0,43.39009
SCT,2,3,0,43.703835
SCT,2,3,0,43.68501
SCT,2,3,0,43.693367
SCT,2,3,0,43.690174
SCT,2,3,0,43.729626
SCT,2,3,0,43.718487
SCT,2,3,0,43.704742
SCT,2,3,0,43.662716
SCT,2,3,0,43.71253
SCT,2,3,0,43.72905
SCT,2,4,0,43.895264
SCT,2,4,0,43.904358
SCT,2,4,0,43.907272
SCT,2,4,0,43.882713
SCT,2,4,0,43.849407
SCT,2,4,0,43.85559
SCT,2,4,0,43.709534
SCT,2,4,0,44.014313
SCT,2,4,0,43.8224
SCT,2,4,0,43.70668
SCT,2,5,0,43.640347
SCT,2,5,0,43.569725
SCT,2,5,0,43.62269
SCT,2,5,0,43.582607
SCT,2,5,0,43.63002
SCT,2,5,0,43.56195
SCT,2,5,0,43.67472
SCT,2,5,0,43.588867
SCT,2,5,0,43.58033
SCT,2,5,0,43.467175
SCT,2,6,0,43.449417
SCT,2,6,0,43.535263
SCT,2,6,0,43.476242
SCT,2,6,0,43.549633
SCT,2,6,0,43.505985
SCT,2,6,0,43.538277
SCT,2,6,0,43.533222
SCT,2,6,0,43.43153
SCT,2,6,0,43.498463
SCT,2,6,0,43.399
SCT,2,7,0,43.32163
SCT,2,7,0,43.291645
SCT,2,7,0,43.33945
SCT,2,7,0,43.334538
SCT,2,7,0,43.354633
SCT,2,7,0,43.238518
SCT,2,7,0,43.373657
SCT,2,7,0,43.39769
SCT,2,7,0,43.332355
SCT,2,7,0,43.37582
SCT,2,8,0,43.457825
SCT,2,8,0,43.410862
SCT,2,8,0,43.482285
SCT,2,8,0,43.56605
SCT,2,8,0,43.367558
SCT,2,8,0,43.45429
SCT,2,8,0,43.410606
SCT,2,8,0,43.341232
SCT,2,8,0,43.518867
SCT,2,8,0,43.463543
SCT,2,9,0,43.324387
SCT,2,9,0,43.28605
SCT,2,9,0,43.28323
SCT,2,9,0,43.267124
SCT,2,9,0,43.351368
SCT,2,9,0,43.302162
SCT,2,9,0,43.27034
SCT,2,9,0,43.357124
SCT,2,9,0,43.419273
SCT,2,9,0,43.385166
SCT,2,10,0,43.2887
SCT,2,10,0,43.283005
SCT,2,10,0,43.267803
SCT,2,10,0,43.240376
SCT,2,10,0,43.17738
SCT,2,10,0,43.240047
SCT,2,10,0,43.223156
SCT,2,10,0,43.33815
SCT,2,10,0,43.25846
SCT,2,10,0,43.477703
SCT,3,1,0,42.402935
SCT,3,1,0,42.584957
SCT,3,1,0,42.62608
SCT,3,1,0,42.558113
SCT,3,1,0,42.47701
SCT,3,1,0,42.20889
SCT,3,1,0,42.386673
SCT,3,1,0,42.665115
SCT,3,1,0,42.59126
SCT,3,1,0,42.422955
SCT,3,2,0,42.422783
SCT,3,2,0,42.316105
SCT,3,2,0,42.242058
SCT,3,2,0,42.305695
SCT,3,2,0,42.09518
SCT,3,2,0,42.060932
SCT,3,2,0,42.350765
SCT,3,2,0,41.9614
SCT,3,2,0,42.286625
SCT,3,2,0,43.230293
SCT,3,3,0,42.629208
SCT,3,3,0,42.38163
SCT,3,3,0,42.624523
SCT,3,3,0,42.30541
SCT,3,3,0,42.384357
SCT,3,3,0,42.481895
SCT,3,3,0,42.54716
SCT,3,3,0,42.56563
SCT,3,3,0,42.346687
SCT,3,3,0,42.26915
SCT,3,4,0,43.439133
SCT,3,4,0,43.557465
SCT,3,4,0,43.136505
SCT,3,4,0,43.492554
SCT,3,4,0,43.23729
SCT,3,4,0,43.06613
SCT,3,4,0,42.791584
SCT,3,4,0,43.27969
SCT,3,4,0,43.48605
SCT,3,4,0,43.485477
SCT,3,5,0,43.70916
SCT,3,5,0,43.56607
SCT,3,5,0,43.52127
SCT,3,5,0,43.47553
SCT,3,5,0,43.745155
SCT,3,5,0,43.33625
SCT,3,5,0,43.65468
SCT,3,5,0,43.476555
SCT,3,5,0,43.63728
SCT,3,5,0,43.56296
SCT,3,6,0,42.573986
SCT,3,6,0,42.45057
SCT,3,6,0,42.287468
SCT,3,6,0,42.09764
SCT,3,6,0,42.404793
SCT,3,6,0,42.404922
SCT,3,6,0,42.51962
SCT,3,6,0,42.276295
SCT,3,6,0,42.3949
SCT,3,6,0,42.678402
SCT,3,7,0,42.851
SCT,3,7,0,42.822456
SCT,3,7,0,42.87731
SCT,3,7,0,42.77373
SCT,3,7,0,42.642555
SCT,3,7,0,42.76496
SCT,3,7,0,42.783966
SCT,3,7,0,42.91134
SCT,3,7,0,42.995693
SCT,3,7,0,42.66942
SCT,3,8,0,43.556095
SCT,3,8,0,43.64455
SCT,3,8,0,43.781097
SCT,3,8,0,43.60907
SCT,3,8,0,43.706993
SCT,3,8,0,43.677036
SCT,3,8,0,43.556217
SCT,3,8,0,43.683125
SCT,3,8,0,43.730938
SCT,3,8,0,43.747787
SCT,3,9,0,42.833897
SCT,3,9,0,42.900238
SCT,3,9,0,42.92276
SCT,3,9,0,42.471714
SCT,3,9,0,42.514988
SCT,3,9,0,42.746437
SCT,3,9,0,42.73646
SCT,3,9,0,42.689934
SCT,3,9,0,42.23811
SCT,3,9,0,42.116695
SCT,3,10,0,42.65813
SCT,3,10,0,42.68379
SCT,3,10,0,42.420414
SCT,3,10,0,42.450798
SCT,3,10,0,42.63128
SCT,3,10,0,42.72961
SCT,3,10,0,42.233486
SCT,3,10,0,42.472347
SCT,3,10,0,42.496376
SCT,3,10,0,42.33261
SCT,4,1,0,41.640266
SCT,4,1,0,41.31202
SCT,4,1,0,41.37671
SCT,4,1,0,41.7262
SCT,4,1,0,41.7908
SCT,4,1,0,41.18818
SCT,4,1,0,41.04889
SCT,4,1,0,41.63237
SCT,4,1,0,41.83486
SCT,4,1,0,41.430637
SCT,4,2,0,42.246365
SCT,4,2,0,41.532276
SCT,4,2,0,42.123127
SCT,4,2,0,41.71511
SCT,4,2,0,42.28103
SCT,4,2,0,41.063515
SCT,4,2,0,42.355274
SCT,4,2,0,41.652325
SCT,4,2,0,42.152493
SCT,4,2,0,40.86073
SCT,4,3,0,42.995335
SCT,4,3,0,42.887093
SCT,4,3,0,43.023216
SCT,4,3,0,43.057148
SCT,4,3,0,43.066574
SCT,4,3,0,42.895798
SCT,4,3,0,43.02722
SCT,4,3,0,42.89634
SCT,4,3,0,43.004696
SCT,4,3,0,42.80119
SCT,4,4,0,43.442123
SCT,4,4,0,43.529404
SCT,4,4,0,42.984062
SCT,4,4,0,43.50663
SCT,4,4,0,43.324146
SCT,4,4,0,43.224712
SCT,4,4,0,43.07975
SCT,4,4,0,43.62007
SCT,4,4,0,43.025753
SCT,4,4,0,43.464607
SCT,4,5,0,43.327686
SCT,4,5,0,43.420273
SCT,4,5,0,43.06878
SCT,4,5,0,43.485638
SCT,4,5,0,43.437943
SCT,4,5,0,43.435276
SCT,4,5,0,43.229298
SCT,4,5,0,43.0052
SCT,4,5,0,43.24832
SCT,4,5,0,43.56102
SCT,4,6,0,42.817112
SCT,4,6,0,42.83112
SCT,4,6,0,42.845318
SCT,4,6,0,42.974113
SCT,4,6,0,42.89322
SCT,4,6,0,42.998695
SCT,4,6,0,42.99837
SCT,4,6,0,42.9704
SCT,4,6,0,42.909706
SCT,4,6,0,42.946144
SCT,4,7,0,43.57598
SCT,4,7,0,43.535667
SCT,4,7,0,43.498337
SCT,4,7,0,43.51633
SCT,4,7,0,43.498394
SCT,4,7,0,43.632114
SCT,4,7,0,43.70181
SCT,4,7,0,43.68058
SCT,4,7,0,43.654934
SCT,4,7,0,43.472954
SCT,4,8,0,42.3134
SCT,4,8,0,41.963512
SCT,4,8,0,41.49296
SCT,4,8,0,41.609
SCT,4,8,0,41.5679
SCT,4,8,0,42.272327
SCT,4,8,0,41.741974
SCT,4,8,0,42.135334
SCT,4,8,0,42.46799
SCT,4,8,0,42.191265
SCT,4,9,0,43.147476
SCT,4,9,0,43.257442
SCT,4,9,0,43.23109
SCT,4,9,0,43.18885
SCT,4,9,0,43.09965
SCT,4,9,0,43.190487
SCT,4,9,0,43.10346
SCT,4,9,0,43.01911
SCT,4,9,0,42.943333
SCT,4,9,0,42.445496
SCT,4,10,0,42.546143
SCT,4,10,0,42.472317
SCT,4,10,0,42.51253
SCT,4,10,0,42.427246
SCT,4,10,0,42.298927
SCT,4,10,0,42.26924
SCT,4,10,0,42.59533
SCT,4,10,0,42.517933
SCT,4,10,0,42.590927
SCT,4,10,0,42.284042
SCT,5,1,0,42.974297
SCT,5,1,0,42.885803
SCT,5,1,0,42.876118
SCT,5,1,0,42.94335
SCT,5,1,0,42.88685
SCT,5,1,0,42.905907
SCT,5,1,0,43.0203
SCT,5,1,0,42.844208
SCT,5,1,0,42.975033
SCT,5,1,0,42.8846
SCT,5,2,0,42.938354
SCT,5,2,0,42.915337
SCT,5,2,0,43.01861
SCT,5,2,0,43.001324
SCT,5,2,0,42.913155
SCT,5,2,0,42.967648
SCT,5,2,0,42.965244
SCT,5,2,0,42.88013
SCT,5,2,0,43.059647
SCT,5,2,0,42.941647
SCT,5,3,0,42.991226
SCT,5,3,0,43.058926
SCT,5,3,0,42.967278
SCT,5,3,0,42.898815
SCT,5,3,0,43.05243
SCT,5,3,0,42.90036
SCT,5,3,0,43.05159
SCT,5,3,0,43.088547
SCT,5,3,0,42.9351
SCT,5,3,0,42.80275
SCT,5,4,0,43.056957
SCT,5,4,0,42.918804
SCT,5,4,0,43.137386
SCT,5,4,0,43.0666
SCT,5,4,0,42.95759
SCT,5,4,0,42.95491
SCT,5,4,0,42.946354
SCT,5,4,0,43.023655
SCT,5,4,0,42.9626
SCT,5,4,0,43.12927
SCT,5,5,0,43.066914
SCT,5,5,0,43.11146
SCT,5,5,0,43.17265
SCT,5,5,0,43.022076
SCT,5,5,0,42.914093
SCT,5,5,0,43.075027
SCT,5,5,0,42.996487
SCT,5,5,0,43.015488
SCT,5,5,0,42.92872
SCT,5,5,0,43.108368
SCT,5,6,0,43.02132
SCT,5,6,0,43.00802
SCT,5,6,0,42.944164
SCT,5,6,0,43.020638
SCT,5,6,0,42.95972
SCT,5,6,0,42.831993
SCT,5,6,0,43.06673
SCT,5,6,0,42.77607
SCT,5,6,0,42.975193
SCT,5,6,0,43.015644
SCT,5,7,0,43.000557
SCT,5,7,0,43.020897
SCT,5,7,0,43.035355
SCT,5,7,0,43.043003
SCT,5,7,0,42.981007
SCT,5,7,0,43.058018
SCT,5,7,0,42.981026
SCT,5,7,0,43.04392
SCT,5,7,0,43.05114
SCT,5,7,0,42.982357
SCT,5,8,0,42.97178
SCT,5,8,0,42.861897
SCT,5,8,0,42.73372
SCT,5,8,0,42.814083
SCT,5,8,0,42.819275
SCT,5,8,0,42.935356
SCT,5,8,0,42.976185
SCT,5,8,0,42.960724
SCT,5,8,0,42.89681
SCT,5,8,0,43.038315
SCT,5,9,0,42.874542
SCT,5,9,0,42.891346
SCT,5,9,0,42.958828
SCT,5,9,0,42.901295
SCT,5,9,0,42.84301
SCT,5,9,0,42.92362
SCT,5,9,0,42.837547
SCT,5,9,0,42.968212
SCT,5,9,0,42.76945
SCT,5,9,0,42.89062
SCT,5,10,0,42.95967
SCT,5,10,0,42.858604
SCT,5,10,0,42.903793
SCT,5,10,0,42.7554
SCT,5,10,0,42.81542
SCT,5,10,0,42.87915
SCT,5,10,0,42.770718
SCT,5,10,0,42.90262
SCT,5,10,0,42.936035
SCT,5,10,0,42.81348
SCT,6,1,0,43.395164
SCT,6,1,0,43.432316
SCT,6,1,0,43.465725
SCT,6,1,0,43.492992
SCT,6,1,0,43.4382
SCT,6,1,0,43.303635
SCT,6,1,0,43.336483
SCT,6,1,0,43.346542
SCT,6,1,0,43.37893
SCT,6,1,0,43.328785
SCT,6,2,0,43.73908
SCT,6,2,0,43.749317
SCT,6,2,0,43.88675
SCT,6,2,0,43.83124
SCT,6,2,0,43.785393
SCT,6,2,0,43.85139
SCT,6,2,0,43.74111
SCT,6,2,0,43.799118
SCT,6,2,0,43.753098
SCT,6,2,0,43.79036
SCT,6,3,0,43.52816
SCT,6,3,0,43.44951
SCT,6,3,0,43.41799
SCT,6,3,0,43.465565
SCT,6,3,0,43.43658
SCT,6,3,0,43.43566
SCT,6,3,0,43.528816
SCT,6,3,0,43.484627
SCT,6,3,0,43.75115
SCT,6,3,0,43.41519
SCT,6,4,0,43.88042
SCT,6,4,0,43.983852
SCT,6,4,0,43.9045
SCT,6,4,0,43.8837
SCT,6,4,0,43.898624
SCT,6,4,0,43.89039
SCT,6,4,0,43.884026
SCT,6,4,0,43.786987
SCT,6,4,0,43.71081
SCT,6,4,0,43.703163
SCT,6,5,0,43.553
SCT,6,5,0,43.614334
SCT,6,5,0,43.63788
SCT,6,5,0,43.640503
SCT,6,5,0,43.656517
SCT,6,5,0,43.68928
SCT,6,5,0,43.723663
SCT,6,5,0,43.669853
SCT,6,5,0,43.73633
SCT,6,5,0,43.591072
SCT,6,6,0,43.53946
SCT,6,6,0,43.59231
SCT,6,6,0,43.568504
SCT,6,6,0,43.555374
SCT,6,6,0,43.527885
SCT,6,6,0,43.53163
SCT,6,6,0,43.529064
SCT,6,6,0,43.480404
SCT,6,6,0,43.601707
SCT,6,6,0,43.398438
SCT,6,7,0,43.326485
SCT,6,7,0,43.1239
SCT,6,7,0,43.088776
SCT,6,7,0,43.063442
SCT,6,7,0,43.093533
SCT,6,7,0,43.134186
SCT,6,7,0,43.23839
SCT,6,7,0,43.453285
SCT,6,7,0,43.43153
SCT,6,7,0,43.08165
SCT,6,8,0,43.371075
SCT,6,8,0,43.2483
SCT,6,8,0,43.371124
SCT,6,8,0,43.391476
SCT,6,8,0,43.40709
SCT,6,8,0,43.311317
SCT,6,8,0,43.284733
SCT,6,8,0,43.318623
SCT,6,8,0,43.050644
SCT,6,8,0,43.04959
SCT,6,9,0,43.33525
SCT,6,9,0,43.359146
SCT,6,9,0,43.430775
SCT,6,9,0,43.11855
SCT,6,9,0,43.111614
SCT,6,9,0,43.129692
SCT,6,9,0,43.39695
SCT,6,9,0,43.468773
SCT,6,9,0,43.480114
SCT,6,9,0,43.431976
SCT,6,10,0,43.494587
SCT,6,10,0,43.461365
SCT,6,10,0,43.429493
SCT,6,10,0,43.505116
SCT,6,10,0,43.403126
SCT,6,10,0,43.363224
SCT,6,10,0,43.436024
SCT,6,10,0,43.52348
SCT,6,10,0,43.49783
SCT,6,10,0,43.460766
SCT,7,1,0,43.283253
SCT,7,1,0,43.259483
SCT,7,1,0,43.19307
SCT,7,1,0,43.292416
SCT,7,1,0,43.320732
SCT,7,1,0,43.279675
SCT,7,1,0,43.331573
SCT,7,1,0,43.30643
SCT,7,1,0,43.316387
SCT,7,1,0,43.286457
SCT,7,2,0,43.205425
SCT,7,2,0,43.13773
SCT,7,2,0,43.151905
SCT,7,2,0,43.303318
SCT,7,2,0,43.308422
SCT,7,2,0,43.324608
SCT,7,2,0,43.355137
SCT,7,2,0,43.289463
SCT,7,2,0,43.295113
SCT,7,2,0,43.29431
SCT,7,3,0,43.53567
SCT,7,3,0,43.4673
SCT,7,3,0,43.557697
SCT,7,3,0,43.51512
SCT,7,3,0,43.421005
SCT,7,3,0,43.526554
SCT,7,3,0,43.51238
SCT,7,3,0,43.476192
SCT,7,3,0,43.481808
SCT,7,3,0,43.418507
SCT,7,4,0,43.562855
SCT,7,4,0,43.58209
SCT,7,4,0,43.58037
SCT,7,4,0,43.5849
SCT,7,4,0,43.584225
SCT,7,4,0,43.6929
SCT,7,4,0,43.58936
SCT,7,4,0,43.59763
SCT,7,4,0,43.60024
SCT,7,4,0,43.536972
SCT,7,5,0,43.50945
SCT,7,5,0,43.48429
SCT,7,5,0,43.54658
SCT,7,5,0,43.539303
SCT,7,5,0,43.50318
SCT,7,5,0,43.54029
SCT,7,5,0,43.578728
SCT,7,5,0,43.53837
SCT,7,5,0,43.564552
SCT,7,5,0,43.53227
SCT,7,6,0,43.11032
SCT,7,6,0,43.07609
SCT,7,6,0,43.118397
SCT,7,6,0,43.128574
SCT,7,6,0,43.113335
SCT,7,6,0,43.174065
SCT,7,6,0,43.14621
SCT,7,6,0,43.148167
SCT,7,6,0,43.131447
SCT,7,6,0,43.203514
SCT,7,7,0,43.18291
SCT,7,7,0,43.22142
SCT,7,7,0,43.18602
SCT,7,7,0,43.2394
SCT,7,7,0,43.24972
SCT,7,7,0,43.24202
SCT,7,7,0,43.23274
SCT,7,7,0,43.232243
SCT,7,7,0,43.228394
SCT,7,7,0,43.288532
SCT,7,8,0,43.207745
SCT,7,8,0,43.24594
SCT,7,8,0,43.178097
SCT,7,8,0,43.276527
SCT,7,8,0,43.253002
SCT,7,8,0,43.18843
SCT,7,8,0,43.234444
SCT,7,8,0,43.216736
SCT,7,8,0,43.25511
SCT,7,8,0,43.25019
SCT,7,9,0,43.22128
SCT,7,9,0,43.22632
SCT,7,9,0,43.240173
SCT,7,9,0,43.260017
SCT,7,9,0,43.27073
SCT,7,9,0,43.272415
SCT,7,9,0,43.353085
SCT,7,9,0,43.21376
SCT,7,9,0,43.30683
SCT,7,9,0,43.302635
SCT,7,10,0,43.19491
SCT,7,10,0,43.199776
SCT,7,10,0,43.204636
SCT,7,10,0,43.198856
SCT,7,10,0,43.204956
SCT,7,10,0,43.205044
SCT,7,10,0,43.32119
SCT,7,10,0,43.22811
SCT,7,10,0,43.238647
SCT,7,10,0,43.19165
SCT,8,1,0,43.24939
SCT,8,1,0,43.24704
SCT,8,1,0,43.229908
SCT,8,1,0,43.205547
SCT,8,1,0,43.19484
SCT,8,1,0,43.23139
SCT,8,1,0,43.223736
SCT,8,1,0,43.2047
SCT,8,1,0,43.145855
SCT,8,1,0,43.196217
SCT,8,2,0,43.386127
SCT,8,2,0,43.403778
SCT,8,2,0,43.386387
SCT,8,2,0,43.389248
SCT,8,2,0,43.415836
SCT,8,2,0,43.42762
SCT,8,2,0,43.415817
SCT,8,2,0,43.427765
SCT,8,2,0,43.426914
SCT,8,2,0,43.340485
SCT,8,3,0,43.593967
SCT,8,3,0,43.577183
SCT,8,3,0,43.48643
SCT,8,3,0,43.583008
SCT,8,3,0,43.361652
SCT,8,3,0,43.425816
SCT,8,3,0,43.514244
SCT,8,3,0,43.593422
SCT,8,3,0,43.50269
SCT,8,3,0,43.561157
SCT,8,4,0,43.684937
SCT,8,4,0,43.794834
SCT,8,4,0,43.720074
SCT,8,4,0,43.622578
SCT,8,4,0,43.708836
SCT,8,4,0,43.729347
SCT,8,4,0,43.67526
SCT,8,4,0,43.76144
SCT,8,4,0,43.642597
SCT,8,4,0,43.704414
SCT,8,5,0,43.435677
SCT,8,5,0,43.452343
SCT,8,5,0,43.464436
SCT,8,5,0,43.453968
SCT,8,5,0,43.43444
SCT,8,5,0,43.48018
SCT,8,5,0,43.41045
SCT,8,5,0,43.40195
SCT,8,5,0,43.439674
SCT,8,5,0,43.481937
SCT,8,6,0,43.525635
SCT,8,6,0,43.509766
SCT,8,6,0,43.55686
SCT,8,6,0,43.533615
SCT,8,6,0,43.46633
SCT,8,6,0,43.52319
SCT,8,6,0,43.510807
SCT,8,6,0,43.558758
SCT,8,6,0,43.56681
SCT,8,6,0,43.53327
SCT,8,7,0,43.087208
SCT,8,7,0,43.094986
SCT,8,7,0,43.116394
SCT,8,7,0,43.210346
SCT,8,7,0,43.112507
SCT,8,7,0,43.179733
SCT,8,7,0,43.21895
SCT,8,7,0,43.150974
SCT,8,7,0,43.153744
SCT,8,7,0,43.066605
SCT,8,8,0,43.490055
SCT,8,8,0,43.44482
SCT,8,8,0,43.4948
SCT,8,8,0,43.361076
SCT,8,8,0,43.51563
SCT,8,8,0,43.58056
SCT,8,8,0,43.52585
SCT,8,8,0,43.51293
SCT,8,8,0,43.50676
SCT,8,8,0,43.42499
SCT,8,9,0,43.67733
SCT,8,9,0,43.681816
SCT,8,9,0,43.708908
SCT,8,9,0,43.642113
SCT,8,9,0,43.627686
SCT,8,9,0,43.633453
SCT,8,9,0,43.659748
SCT,8,9,0,43.66823
SCT,8,9,0,43.66891
SCT,8,9,0,43.70306
SCT,8,10,0,42.78306
SCT,8,10,0,42.80191
SCT,8,10,0,42.787434
SCT,8,10,0,42.743694
SCT,8,10,0,42.80685
SCT,8,10,0,42.81322
SCT,8,10,0,42.786167
SCT,8,10,0,42.841644
SCT,8,10,0,42.72194
SCT,8,10,0,42.780006
SCT,9,1,0,43.31644
SCT,9,1,0,43.28293
SCT,9,1,0,43.224487
SCT,9,1,0,43.269264
SCT,9,1,0,43.273582
SCT,9,1,0,43.28055
SCT,9,1,0,43.298935
SCT,9,1,0,43.267086
SCT,9,1,0,43.255344
SCT,9,1,0,43.17253
SCT,9,2,0,43.447327
SCT,9,2,0,43.444946
SCT,9,2,0,43.48244
SCT,9,2,0,43.531647
SCT,9,2,0,43.504406
SCT,9,2,0,43.502598
SCT,9,2,0,43.44358
SCT,9,2,0,43.44897
SCT,9,2,0,43.4858
SCT,9,2,0,43.413002
SCT,9,3,0,43.66798
SCT,9,3,0,43.67658
SCT,9,3,0,43.38116
SCT,9,3,0,43.64624
SCT,9,3,0,43.541744
SCT,9,3,0,43.34546
SCT,9,3,0,43.334183
SCT,9,3,0,43.66505
SCT,9,3,0,43.64032
SCT,9,3,0,43.615646
SCT,9,4,0,43.707294
SCT,9,4,0,43.724995
SCT,9,4,0,43.659283
SCT,9,4,0,43.656143
SCT,9,4,0,43.686657
SCT,9,4,0,43.56215
SCT,9,4,0,43.561974
SCT,9,4,0,43.730724
SCT,9,4,0,43.712734
SCT,9,4,0,43.70926
SCT,9,5,0,43.603973
SCT,9,5,0,43.63236
SCT,9,5,0,43.60991
SCT,9,5,0,43.628204
SCT,9,5,0,43.62518
SCT,9,5,0,43.652718
SCT,9,5,0,43.6301
SCT,9,5,0,43.626434
SCT,9,5,0,43.551453
SCT,9,5,0,43.628807
SCT,9,6,0,43.475147
SCT,9,6,0,43.346317
SCT,9,6,0,43.237885
SCT,9,6,0,43.525005
SCT,9,6,0,43.53415
SCT,9,6,0,43.511665
SCT,9,6,0,43.454777
SCT,9,6,0,43.421955
SCT,9,6,0,43.416283
SCT,9,6,0,43.41519
SCT,9,7,0,43.14481
SCT,9,7,0,43.157143
SCT,9,7,0,43.154835
SCT,9,7,0,43.193336
SCT,9,7,0,43.136703
SCT,9,7,0,43.145798
SCT,9,7,0,43.16622
SCT,9,7,0,43.217083
SCT,9,7,0,43.181267
SCT,9,7,0,43.129482
SCT,9,8,0,43.421486
SCT,9,8,0,43.410522
SCT,9,8,0,43.451633
SCT,9,8,0,43.355785
SCT,9,8,0,43.254353
SCT,9,8,0,43.371574
SCT,9,8,0,43.25688
SCT,9,8,0,43.312233
SCT,9,8,0,43.35079
SCT,9,8,0,43.354076
SCT,9,9,0,43.425743
SCT,9,9,0,43.43058
SCT,9,9,0,43.39418
SCT,9,9,0,43.490128
SCT,9,9,0,43.524773
SCT,9,9,0,43.49831
SCT,9,9,0,43.336678
SCT,9,9,0,43.480247
SCT,9,9,0,43.520657
SCT,9,9,0,43.41568
SCT,9,10,0,43.157413
SCT,9,10,0,43.183678
SCT,9,10,0,43.16929
SCT,9,10,0,43.197765
SCT,9,10,0,43.192978
SCT,9,10,0,43.17351
SCT,9,10,0,43.223423
SCT,9,10,0,43.16767
SCT,9,10,0,43.14535
SCT,9,10,0,43.18724
SCT,10,1,0,43.01775
SCT,10,1,0,43.025505
SCT,10,1,0,43.021675
SCT,10,1,0,43.0294
SCT,10,1,0,42.98264
SCT,10,1,0,42.99548
SCT,10,1,0,43.06647
SCT,10,1,0,43.104088
SCT,10,1,0,43.12277
SCT,10,1,0,43.06674
SCT,10,2,0,43.3579
SCT,10,2,0,43.315784
SCT,10,2,0,43.32582
SCT,10,2,0,43.320225
SCT,10,2,0,43.348576
SCT,10,2,0,43.25103
SCT,10,2,0,43.332848
SCT,10,2,0,43.35855
SCT,10,2,0,43.364296
SCT,10,2,0,43.36725
SCT,10,3,0,43.54543
SCT,10,3,0,43.598618
SCT,10,3,0,43.54822
SCT,10,3,0,43.51662
SCT,10,3,0,43.527264
SCT,10,3,0,43.345688
SCT,10,3,0,43.486404
SCT,10,3,0,43.516434
SCT,10,3,0,43.51989
SCT,10,3,0,43.550217
SCT,10,4,0,43.56164
SCT,10,4,0,43.49122
SCT,10,4,0,43.497845
SCT,10,4,0,43.533386
SCT,10,4,0,43.62466
SCT,10,4,0,43.55303
SCT,10,4,0,43.552246
SCT,10,4,0,43.557945
SCT,10,4,0,43.556686
SCT,10,4,0,43.531963
SCT,10,5,0,43.512207
SCT,10,5,0,43.5392
SCT,10,5,0,43.500534
SCT,10,5,0,43.521942
SCT,10,5,0,43.52392
SCT,10,5,0,43.513138
SCT,10,5,0,43.537888
SCT,10,5,0,43.492073
SCT,10,5,0,43.552555
SCT,10,5,0,43.53611
SCT,10,6,0,43.337036
SCT,10,6,0,43.39575
SCT,10,6,0,43.389065
SCT,10,6,0,43.422123
SCT,10,6,0,43.40939
SCT,10,6,0,43.366875
SCT,10,6,0,43.19932
SCT,10,6,0,43.440998
SCT,10,6,0,43.482395
SCT,10,6,0,43.463196
SCT,10,7,0,43.112938
SCT,10,7,0,43.115807
SCT,10,7,0,43.10286
SCT,10,7,0,43.0674
SCT,10,7,0,43.13094
SCT,10,7,0,43.11682
SCT,10,7,0,43.038692
SCT,10,7,0,43.043278
SCT,10,7,0,43.021584
SCT,10,7,0,43.185333
SCT,10,8,0,43.31874
SCT,10,8,0,43.32111
SCT,10,8,0,43.275368
SCT,10,8,0,43.264275
SCT,10,8,0,43.25277
SCT,10,8,0,43.255272
SCT,10,8,0,43.253803
SCT,10,8,0,43.19981
SCT,10,8,0,43.249523
SCT,10,8,0,43.279922
SCT,10,9,0,43.361958
SCT,10,9,0,43.34259
SCT,10,9,0,43.36389
SCT,10,9,0,43.370968
SCT,10,9,0,43.388275
SCT,10,9,0,43.37466
SCT,10,9,0,43.33735
SCT,10,9,0,43.37557
SCT,10,9,0,43.32737
SCT,10,9,0,43.295048
SCT,10,10,0,43.17933
SCT,10,10,0,43.178715
SCT,10,10,0,43.170277
SCT,10,10,0,43.157585
SCT,10,10,0,43.130974
SCT,10,10,0,43.14334
SCT,10,10,0,43.09392
SCT,10,10,0,43.15163
SCT,10,10,0,43.074043
SCT,10,10,0,43.140995
Exp E (Transformer),1,1,1,41.76128
Exp E (Transformer),1,1,1,41.744205
Exp E (Transformer),1,1,1,41.702816
Exp E (Transformer),1,1,1,41.742153
Exp E (Transformer),1,1,1,41.73812
Exp E (Transformer),1,1,1,41.748627
Exp E (Transformer),1,1,1,41.750706
Exp E (Transformer),1,1,1,41.742752
Exp E (Transformer),1,1,1,41.740906
Exp E (Transformer),1,1,1,41.76061
Exp E (Transformer),1,2,1,41.782578
Exp E (Transformer),1,2,1,41.79417
Exp E (Transformer),1,2,1,41.8087
Exp E (Transformer),1,2,1,41.84326
Exp E (Transformer),1,2,1,41.900875
Exp E (Transformer),1,2,1,41.85576
Exp E (Transformer),1,2,1,41.843163
Exp E (Transformer),1,2,1,41.84922
Exp E (Transformer),1,2,1,41.81642
Exp E (Transformer),1,2,1,41.838963
Exp E (Transformer),1,3,1,41.83525
Exp E (Transformer),1,3,1,41.8423
Exp E (Transformer),1,3,1,41.82783
Exp E (Transformer),1,3,1,41.851234
Exp E (Transformer),1,3,1,41.88283
Exp E (Transformer),1,3,1,41.84593
Exp E (Transformer),1,3,1,41.88382
Exp E (Transformer),1,3,1,41.89288
Exp E (Transformer),1,3,1,41.837494
Exp E (Transformer),1,3,1,41.853405
Exp E (Transformer),1,4,1,41.862045
Exp E (Transformer),1,4,1,41.91125
Exp E (Transformer),1,4,1,41.90129
Exp E (Transformer),1,4,1,41.915573
Exp E (Transformer),1,4,1,41.915237
Exp E (Transformer),1,4,1,41.907307
Exp E (Transformer),1,4,1,41.9231
Exp E (Transformer),1,4,1,41.91025
Exp E (Transformer),1,4,1,41.878174
Exp E (Transformer),1,4,1,41.90148
Exp E (Transformer),1,5,1,41.9107
Exp E (Transformer),1,5,1,41.96521
Exp E (Transformer),1,5,1,41.957634
Exp E (Transformer),1,5,1,41.9698
Exp E (Transformer),1,5,1,41.921967
Exp E (Transformer),1,5,1,41.95559
Exp E (Transformer),1,5,1,41.940323
Exp E (Transformer),1,5,1,41.99292
Exp E (Transformer),1,5,1,41.997593
Exp E (Transformer),1,5,1,41.983246
Exp E (Transformer),1,6,1,41.87721
Exp E (Transformer),1,6,1,41.911663
Exp E (Transformer),1,6,1,41.895847
Exp E (Transformer),1,6,1,41.90555
Exp E (Transformer),1,6,1,41.90267
Exp E (Transformer),1,6,1,41.97218
Exp E (Transformer),1,6,1,41.894592
Exp E (Transformer),1,6,1,41.976593
Exp E (Transformer),1,6,1,41.872917
Exp E (Transformer),1,6,1,41.95038
Exp E (Transformer),1,7,1,41.72317
Exp E (Transformer),1,7,1,41.799248
Exp E (Transformer),1,7,1,41.82341
Exp E (Transformer),1,7,1,41.819473
Exp E (Transformer),1,7,1,41.80386
Exp E (Transformer),1,7,1,41.82328
Exp E (Transformer),1,7,1,41.813007
Exp E (Transformer),1,7,1,41.835526
Exp E (Transformer),1,7,1,41.82109
Exp E (Transformer),1,7,1,41.821762
Exp E (Transformer),1,8,1,42.02577
Exp E (Transformer),1,8,1,41.984005
Exp E (Transformer),1,8,1,41.970566
Exp E (Transformer),1,8,1,42.000706
Exp E (Transformer),1,8,1,42.00303
Exp E (Transformer),1,8,1,42.00435
Exp E (Transformer),1,8,1,41.989223
Exp E (Transformer),1,8,1,42.02295
Exp E (Transformer),1,8,1,41.98226
Exp E (Transformer),1,8,1,41.980865
Exp E (Transformer),1,9,1,41.842575
Exp E (Transformer),1,9,1,41.84484
Exp E (Transformer),1,9,1,41.821712
Exp E (Transformer),1,9,1,41.863518
Exp E (Transformer),1,9,1,41.859924
Exp E (Transformer),1,9,1,41.857876
Exp E (Transformer),1,9,1,41.86855
Exp E (Transformer),1,9,1,41.850525
Exp E (Transformer),1,9,1,41.844837
Exp E (Transformer),1,9,1,41.851444
Exp E (Transformer),1,10,1,41.737072
Exp E (Transformer),1,10,1,41.716248
Exp E (Transformer),1,10,1,41.716633
Exp E (Transformer),1,10,1,41.698227
Exp E (Transformer),1,10,1,41.66264
Exp E (Transformer),1,10,1,41.71528
Exp E (Transformer),1,10,1,41.731697
Exp E (Transformer),1,10,1,41.731033
Exp E (Transformer),1,10,1,41.725605
Exp E (Transformer),1,10,1,41.694275
Exp E (Transformer),2,1,1,42.21803
Exp E (Transformer),2,1,1,42.21393
Exp E (Transformer),2,1,1,42.207382
Exp E (Transformer),2,1,1,42.216106
Exp E (Transformer),2,1,1,42.215515
Exp E (Transformer),2,1,1,42.210155
Exp E (Transformer),2,1,1,42.209824
Exp E (Transformer),2,1,1,42.195293
Exp E (Transformer),2,1,1,42.20556
Exp E (Transformer),2,1,1,42.213146
Exp E (Transformer),2,2,1,42.3193
Exp E (Transformer),2,2,1,42.33352
Exp E (Transformer),2,2,1,42.33233
Exp E (Transformer),2,2,1,42.300953
Exp E (Transformer),2,2,1,42.32127
Exp E (Transformer),2,2,1,42.3351
Exp E (Transformer),2,2,1,42.346794
Exp E (Transformer),2,2,1,42.318718
Exp E (Transformer),2,2,1,42.3483
Exp E (Transformer),2,2,1,42.331963
Exp E (Transformer),2,3,1,42.28332
Exp E (Transformer),2,3,1,42.312496
Exp E (Transformer),2,3,1,42.301857
Exp E (Transformer),2,3,1,42.304
Exp E (Transformer),2,3,1,42.302216
Exp E (Transformer),2,3,1,42.306854
Exp E (Transformer),2,3,1,42.311497
Exp E (Transformer),2,3,1,42.32045
Exp E (Transformer),2,3,1,42.326355
Exp E (Transformer),2,3,1,42.301453
Exp E (Transformer),2,4,1,42.3022
Exp E (Transformer),2,4,1,42.306396
Exp E (Transformer),2,4,1,42.33733
Exp E (Transformer),2,4,1,42.346104
Exp E (Transformer),2,4,1,42.340702
Exp E (Transformer),2,4,1,42.34815
Exp E (Transformer),2,4,1,42.374462
Exp E (Transformer),2,4,1,42.363808
Exp E (Transformer),2,4,1,42.37294
Exp E (Transformer),2,4,1,42.41547
Exp E (Transformer),2,5,1,42.187675
Exp E (Transformer),2,5,1,42.17426
Exp E (Transformer),2,5,1,42.181904
Exp E (Transformer),2,5,1,42.19644
Exp E (Transformer),2,5,1,42.201637
Exp E (Transformer),2,5,1,42.218887
Exp E (Transformer),2,5,1,42.235943
Exp E (Transformer),2,5,1,42.241623
Exp E (Transformer),2,5,1,42.235683
Exp E (Transformer),2,5,1,42.23714
Exp E (Transformer),2,6,1,41.95353
Exp E (Transformer),2,6,1,41.93463
Exp E (Transformer),2,6,1,41.942825
Exp E (Transformer),2,6,1,41.953228
Exp E (Transformer),2,6,1,41.97788
Exp E (Transformer),2,6,1,41.989414
Exp E (Transformer),2,6,1,41.977352
Exp E (Transformer),2,6,1,41.96843
Exp E (Transformer),2,6,1,41.96159
Exp E (Transformer),2,6,1,41.97271
Exp E (Transformer),2,7,1,42.222923
Exp E (Transformer),2,7,1,42.21528
Exp E (Transformer),2,7,1,42.20429
Exp E (Transformer),2,7,1,42.20163
Exp E (Transformer),2,7,1,42.202892
Exp E (Transformer),2,7,1,42.203896
Exp E (Transformer),2,7,1,42.19235
Exp E (Transformer),2,7,1,42.203316
Exp E (Transformer),2,7,1,42.19932
Exp E (Transformer),2,7,1,42.18382
Exp E (Transformer),2,8,1,42.018284
Exp E (Transformer),2,8,1,41.991093
Exp E (Transformer),2,8,1,41.98511
Exp E (Transformer),2,8,1,41.99466
Exp E (Transformer),2,8,1,42.00477
Exp E (Transformer),2,8,1,42.01946
Exp E (Transformer),2,8,1,42.010647
Exp E (Transformer),2,8,1,41.99005
Exp E (Transformer),2,8,1,41.9899
Exp E (Transformer),2,8,1,41.99908
Exp E (Transformer),2,9,1,41.947735
Exp E (Transformer),2,9,1,41.93375
Exp E (Transformer),2,9,1,41.90035
Exp E (Transformer),2,9,1,41.90095
Exp E (Transformer),2,9,1,41.899055
Exp E (Transformer),2,9,1,41.892456
Exp E (Transformer),2,9,1,41.885056
Exp E (Transformer),2,9,1,41.884094
Exp E (Transformer),2,9,1,41.893658
Exp E (Transformer),2,9,1,41.89362
Exp E (Transformer),2,10,1,42.243084
Exp E (Transformer),2,10,1,42.237183
Exp E (Transformer),2,10,1,42.243774
Exp E (Transformer),2,10,1,42.247253
Exp E (Transformer),2,10,1,42.23036
Exp E (Transformer),2,10,1,42.230835
Exp E (Transformer),2,10,1,42.22649
Exp E (Transformer),2,10,1,42.21445
Exp E (Transformer),2,10,1,42.228027
Exp E (Transformer),2,10,1,42.246746
Exp E (Transformer),3,1,1,41.769207
Exp E (Transformer),3,1,1,41.815453
Exp E (Transformer),3,1,1,41.86678
Exp E (Transformer),3,1,1,41.844944
Exp E (Transformer),3,1,1,41.869087
Exp E (Transformer),3,1,1,41.878887
Exp E (Transformer),3,1,1,41.884583
Exp E (Transformer),3,1,1,41.94328
Exp E (Transformer),3,1,1,41.87206
Exp E (Transformer),3,1,1,41.82639
Exp E (Transformer),3,2,1,42.05787
Exp E (Transformer),3,2,1,42.075607
Exp E (Transformer),3,2,1,42.119892
Exp E (Transformer),3,2,1,42.10497
Exp E (Transformer),3,2,1,42.060753
Exp E (Transformer),3,2,1,42.07295
Exp E (Transformer),3,2,1,42.07324
Exp E (Transformer),3,2,1,42.074524
Exp E (Transformer),3,2,1,42.038887
Exp E (Transformer),3,2,1,42.084686
Exp E (Transformer),3,3,1,42.142296
Exp E (Transformer),3,3,1,42.197857
Exp E (Transformer),3,3,1,42.208782
Exp E (Transformer),3,3,1,42.192604
Exp E (Transformer),3,3,1,42.195244
Exp E (Transformer),3,3,1,42.238937
Exp E (Transformer),3,3,1,42.24787
Exp E (Transformer),3,3,1,42.25523
Exp E (Transformer),3,3,1,42.254044
Exp E (Transformer),3,3,1,42.28716
Exp E (Transformer),3,4,1,42.176697
Exp E (Transformer),3,4,1,42.171932
Exp E (Transformer),3,4,1,42.162544
Exp E (Transformer),3,4,1,42.18627
Exp E (Transformer),3,4,1,42.18103
Exp E (Transformer),3,4,1,42.18312
Exp E (Transformer),3,4,1,42.157543
Exp E (Transformer),3,4,1,42.11801
Exp E (Transformer),3,4,1,42.13324
Exp E (Transformer),3,4,1,42.15646
Exp E (Transformer),3,5,1,42.029858
Exp E (Transformer),3,5,1,42.0344
Exp E (Transformer),3,5,1,42.043583
Exp E (Transformer),3,5,1,42.027596
Exp E (Transformer),3,5,1,42.02109
Exp E (Transformer),3,5,1,41.996098
Exp E (Transformer),3,5,1,41.885895
Exp E (Transformer),3,5,1,41.94436
Exp E (Transformer),3,5,1,41.947014
Exp E (Transformer),3,5,1,41.90448
Exp E (Transformer),3,6,1,41.916172
Exp E (Transformer),3,6,1,42.026863
Exp E (Transformer),3,6,1,41.994053
Exp E (Transformer),3,6,1,42.020153
Exp E (Transformer),3,6,1,42.04428
Exp E (Transformer),3,6,1,42.040825
Exp E (Transformer),3,6,1,42.040184
Exp E (Transformer),3,6,1,42.00882
Exp E (Transformer),3,6,1,41.999893
Exp E (Transformer),3,6,1,42.010155
Exp E (Transformer),3,7,1,41.683136
Exp E (Transformer),3,7,1,41.721626
Exp E (Transformer),3,7,1,41.759308
Exp E (Transformer),3,7,1,41.724236
Exp E (Transformer),3,7,1,41.69725
Exp E (Transformer),3,7,1,41.703068
Exp E (Transformer),3,7,1,41.73
Exp E (Transformer),3,7,1,41.757454
Exp E (Transformer),3,7,1,41.729397
Exp E (Transformer),3,7,1,41.758823
Exp E (Transformer),3,8,1,41.623184
Exp E (Transformer),3,8,1,41.60229
Exp E (Transformer),3,8,1,41.57999
Exp E (Transformer),3,8,1,41.58353
Exp E (Transformer),3,8,1,41.567524
Exp E (Transformer),3,8,1,41.592743
Exp E (Transformer),3,8,1,41.605923
Exp E (Transformer),3,8,1,41.616806
Exp E (Transformer),3,8,1,41.631615
Exp E (Transformer),3,8,1,41.59225
Exp E (Transformer),3,9,1,42.160786
Exp E (Transformer),3,9,1,42.166386
Exp E (Transformer),3,9,1,42.15303
Exp E (Transformer),3,9,1,42.15901
Exp E (Transformer),3,9,1,42.159206
Exp E (Transformer),3,9,1,42.159885
Exp E (Transformer),3,9,1,42.152657
Exp E (Transformer),3,9,1,42.156963
Exp E (Transformer),3,9,1,42.152664
Exp E (Transformer),3,9,1,42.162823
Exp E (Transformer),3,10,1,41.655388
Exp E (Transformer),3,10,1,41.63989
Exp E (Transformer),3,10,1,41.63389
Exp E (Transformer),3,10,1,41.678513
Exp E (Transformer),3,10,1,41.665462
Exp E (Transformer),3,10,1,41.66041
Exp E (Transformer),3,10,1,41.66378
Exp E (Transformer),3,10,1,41.648922
Exp E (Transformer),3,10,1,41.652267
Exp E (Transformer),3,10,1,41.670464
Exp E (Transformer),4,1,1,42.369473
Exp E (Transformer),4,1,1,42.324047
Exp E (Transformer),4,1,1,42.28206
Exp E (Transformer),4,1,1,42.32584
Exp E (Transformer),4,1,1,42.342793
Exp E (Transformer),4,1,1,42.338295
Exp E (Transformer),4,1,1,42.350807
Exp E (Transformer),4,1,1,42.33422
Exp E (Transformer),4,1,1,42.358875
Exp E (Transformer),4,1,1,42.379913
Exp E (Transformer),4,2,1,42.18195
Exp E (Transformer),4,2,1,42.119366
Exp E (Transformer),4,2,1,42.112415
Exp E (Transformer),4,2,1,42.11472
Exp E (Transformer),4,2,1,42.12083
Exp E (Transformer),4,2,1,42.12287
Exp E (Transformer),4,2,1,42.14692
Exp E (Transformer),4,2,1,42.164543
Exp E (Transformer),4,2,1,42.14457
Exp E (Transformer),4,2,1,42.159103
Exp E (Transformer),4,3,1,42.181908
Exp E (Transformer),4,3,1,42.177288
Exp E (Transformer),4,3,1,42.181774
Exp E (Transformer),4,3,1,42.19149
Exp E (Transformer),4,3,1,42.190216
Exp E (Transformer),4,3,1,42.18306
Exp E (Transformer),4,3,1,42.17768
Exp E (Transformer),4,3,1,42.173073
Exp E (Transformer),4,3,1,42.179646
Exp E (Transformer),4,3,1,42.181515
Exp E (Transformer),4,4,1,42.111343
Exp E (Transformer),4,4,1,42.073124
Exp E (Transformer),4,4,1,42.07785
Exp E (Transformer),4,4,1,42.072376
Exp E (Transformer),4,4,1,42.074894
Exp E (Transformer),4,4,1,42.07505
Exp E (Transformer),4,4,1,42.080536
Exp E (Transformer),4,4,1,42.07754
Exp E (Transformer),4,4,1,42.076134
Exp E (Transformer),4,4,1,42.09581
Exp E (Transformer),4,5,1,42.31833
Exp E (Transformer),4,5,1,42.30678
Exp E (Transformer),4,5,1,42.320316
Exp E (Transformer),4,5,1,42.28569
Exp E (Transformer),4,5,1,42.299026
Exp E (Transformer),4,5,1,42.30193
Exp E (Transformer),4,5,1,42.317932
Exp E (Transformer),4,5,1,42.32193
Exp E (Transformer),4,5,1,42.29522
Exp E (Transformer),4,5,1,42.308193
Exp E (Transformer),4,6,1,41.90827
Exp E (Transformer),4,6,1,41.880043
Exp E (Transformer),4,6,1,41.889965
Exp E (Transformer),4,6,1,41.89143
Exp E (Transformer),4,6,1,41.89251
Exp E (Transformer),4,6,1,41.891003
Exp E (Transformer),4,6,1,41.90919
Exp E (Transformer),4,6,1,41.95278
Exp E (Transformer),4,6,1,41.926163
Exp E (Transformer),4,6,1,41.94003
Exp E (Transformer),4,7,1,41.74047
Exp E (Transformer),4,7,1,41.776897
Exp E (Transformer),4,7,1,41.73126
Exp E (Transformer),4,7,1,41.77001
Exp E (Transformer),4,7,1,41.72013
Exp E (Transformer),4,7,1,41.696556
Exp E (Transformer),4,7,1,41.699276
Exp E (Transformer),4,7,1,41.709114
Exp E (Transformer),4,7,1,41.693504
Exp E (Transformer),4,7,1,41.710423
Exp E (Transformer),4,8,1,42.31975
Exp E (Transformer),4,8,1,42.34527
Exp E (Transformer),4,8,1,42.362076
Exp E (Transformer),4,8,1,42.363964
Exp E (Transformer),4,8,1,42.371006
Exp E (Transformer),4,8,1,42.413807
Exp E (Transformer),4,8,1,42.404118
Exp E (Transformer),4,8,1,42.4009
Exp E (Transformer),4,8,1,42.413483
Exp E (Transformer),4,8,1,42.414032
Exp E (Transformer),4,9,1,42.026356
Exp E (Transformer),4,9,1,42.024677
Exp E (Transformer),4,9,1,42.02277
Exp E (Transformer),4,9,1,42.01365
Exp E (Transformer),4,9,1,42.022366
Exp E (Transformer),4,9,1,42.005703
Exp E (Transformer),4,9,1,42.006634
Exp E (Transformer),4,9,1,41.999813
Exp E (Transformer),4,9,1,42.00056
Exp E (Transformer),4,9,1,42.000072
Exp E (Transformer),4,10,1,41.646896
Exp E (Transformer),4,10,1,41.66999
Exp E (Transformer),4,10,1,41.643906
Exp E (Transformer),4,10,1,41.656395
Exp E (Transformer),4,10,1,41.62672
Exp E (Transformer),4,10,1,41.65682
Exp E (Transformer),4,10,1,41.631355
Exp E (Transformer),4,10,1,41.63947
Exp E (Transformer),4,10,1,41.64076
Exp E (Transformer),4,10,1,41.680527
Exp E (Transformer),5,1,1,41.775654
Exp E (Transformer),5,1,1,41.76423
Exp E (Transformer),5,1,1,41.744064
Exp E (Transformer),5,1,1,41.746445
Exp E (Transformer),5,1,1,41.726566
Exp E (Transformer),5,1,1,41.73581
Exp E (Transformer),5,1,1,41.720837
Exp E (Transformer),5,1,1,41.71976
Exp E (Transformer),5,1,1,41.734863
Exp E (Transformer),5,1,1,41.741753
Exp E (Transformer),5,2,1,41.848118
Exp E (Transformer),5,2,1,41.952427
Exp E (Transformer),5,2,1,41.860523
Exp E (Transformer),5,2,1,41.952362
Exp E (Transformer),5,2,1,41.9201
Exp E (Transformer),5,2,1,41.916904
Exp E (Transformer),5,2,1,41.864056
Exp E (Transformer),5,2,1,41.911415
Exp E (Transformer),5,2,1,41.8793
Exp E (Transformer),5,2,1,41.914745
Exp E (Transformer),5,3,1,41.848846
Exp E (Transformer),5,3,1,41.855434
Exp E (Transformer),5,3,1,41.857506
Exp E (Transformer),5,3,1,41.885365
Exp E (Transformer),5,3,1,41.89243
Exp E (Transformer),5,3,1,41.85836
Exp E (Transformer),5,3,1,41.852417
Exp E (Transformer),5,3,1,41.872494
Exp E (Transformer),5,3,1,41.892376
Exp E (Transformer),5,3,1,41.914276
Exp E (Transformer),5,4,1,41.759583
Exp E (Transformer),5,4,1,41.786507
Exp E (Transformer),5,4,1,41.783817
Exp E (Transformer),5,4,1,41.784534
Exp E (Transformer),5,4,1,41.805607
Exp E (Transformer),5,4,1,41.797024
Exp E (Transformer),5,4,1,41.810978
Exp E (Transformer),5,4,1,41.79323
Exp E (Transformer),5,4,1,41.815178
Exp E (Transformer),5,4,1,41.816814
Exp E (Transformer),5,5,1,41.75838
Exp E (Transformer),5,5,1,41.786457
Exp E (Transformer),5,5,1,41.743217
Exp E (Transformer),5,5,1,41.74781
Exp E (Transformer),5,5,1,41.75971
Exp E (Transformer),5,5,1,41.79133
Exp E (Transformer),5,5,1,41.747208
Exp E (Transformer),5,5,1,41.760887
Exp E (Transformer),5,5,1,41.78665
Exp E (Transformer),5,5,1,41.767605
Exp E (Transformer),5,6,1,41.769207
Exp E (Transformer),5,6,1,41.716022
Exp E (Transformer),5,6,1,41.71382
Exp E (Transformer),5,6,1,41.74107
Exp E (Transformer),5,6,1,41.69122
Exp E (Transformer),5,6,1,41.7239
Exp E (Transformer),5,6,1,41.7222
Exp E (Transformer),5,6,1,41.710087
Exp E (Transformer),5,6,1,41.691925
Exp E (Transformer),5,6,1,41.713444
Exp E (Transformer),5,7,1,41.778942
Exp E (Transformer),5,7,1,41.79795
Exp E (Transformer),5,7,1,41.806377
Exp E (Transformer),5,7,1,41.798862
Exp E (Transformer),5,7,1,41.76518
Exp E (Transformer),5,7,1,41.76095
Exp E (Transformer),5,7,1,41.77255
Exp E (Transformer),5,7,1,41.774143
Exp E (Transformer),5,7,1,41.772884
Exp E (Transformer),5,7,1,41.795322
Exp E (Transformer),5,8,1,41.831856
Exp E (Transformer),5,8,1,41.82329
Exp E (Transformer),5,8,1,41.833374
Exp E (Transformer),5,8,1,41.855896
Exp E (Transformer),5,8,1,41.826942
Exp E (Transformer),5,8,1,41.853127
Exp E (Transformer),5,8,1,41.844074
Exp E (Transformer),5,8,1,41.86124
Exp E (Transformer),5,8,1,41.862484
Exp E (Transformer),5,8,1,41.889347
Exp E (Transformer),5,9,1,41.723614
Exp E (Transformer),5,9,1,41.74213
Exp E (Transformer),5,9,1,41.728706
Exp E (Transformer),5,9,1,41.74859
Exp E (Transformer),5,9,1,41.747383
Exp E (Transformer),5,9,1,41.75934
Exp E (Transformer),5,9,1,41.753727
Exp E (Transformer),5,9,1,41.738228
Exp E (Transformer),5,9,1,41.747143
Exp E (Transformer),5,9,1,41.74502
Exp E (Transformer),5,10,1,41.500492
Exp E (Transformer),5,10,1,41.495094
Exp E (Transformer),5,10,1,41.503647
Exp E (Transformer),5,10,1,41.498215
Exp E (Transformer),5,10,1,41.47021
Exp E (Transformer),5,10,1,41.464054
Exp E (Transformer),5,10,1,41.4867
Exp E (Transformer),5,10,1,41.485012
Exp E (Transformer),5,10,1,41.50667
Exp E (Transformer),5,10,1,41.49816
Exp E (Transformer),6,1,1,42.09631
Exp E (Transformer),6,1,1,42.0692
Exp E (Transformer),6,1,1,42.06937
Exp E (Transformer),6,1,1,42.079464
Exp E (Transformer),6,1,1,42.082172
Exp E (Transformer),6,1,1,42.08609
Exp E (Transformer),6,1,1,42.083176
Exp E (Transformer),6,1,1,42.086628
Exp E (Transformer),6,1,1,42.094997
Exp E (Transformer),6,1,1,42.09955
Exp E (Transformer),6,2,1,42.273415
Exp E (Transformer),6,2,1,42.27399
Exp E (Transformer),6,2,1,42.300934
Exp E (Transformer),6,2,1,42.289425
Exp E (Transformer),6,2,1,42.301136
Exp E (Transformer),6,2,1,42.318092
Exp E (Transformer),6,2,1,42.317795
Exp E (Transformer),6,2,1,42.30924
Exp E (Transformer),6,2,1,42.306545
Exp E (Transformer),6,2,1,42.293385
Exp E (Transformer),6,3,1,42.258167
Exp E (Transformer),6,3,1,42.26419
Exp E (Transformer),6,3,1,42.259098
Exp E (Transformer),6,3,1,42.2744
Exp E (Transformer),6,3,1,42.26605
Exp E (Transformer),6,3,1,42.27391
Exp E (Transformer),6,3,1,42.271553
Exp E (Transformer),6,3,1,42.275993
Exp E (Transformer),6,3,1,42.29428
Exp E (Transformer),6,3,1,42.29373
Exp E (Transformer),6,4,1,42.306976
Exp E (Transformer),6,4,1,42.299725
Exp E (Transformer),6,4,1,42.328125
Exp E (Transformer),6,4,1,42.314037
Exp E (Transformer),6,4,1,42.307438
Exp E (Transformer),6,4,1,42.30976
Exp E (Transformer),6,4,1,42.29209
Exp E (Transformer),6,4,1,42.2891
Exp E (Transformer),6,4,1,42.291042
Exp E (Transformer),6,4,1,42.2936
Exp E (Transformer),6,5,1,42.27235
Exp E (Transformer),6,5,1,42.280293
Exp E (Transformer),6,5,1,42.262974
Exp E (Transformer),6,5,1,42.306156
Exp E (Transformer),6,5,1,42.298103
Exp E (Transformer),6,5,1,42.296913
Exp E (Transformer),6,5,1,42.303005
Exp E (Transformer),6,5,1,42.303703
Exp E (Transformer),6,5,1,42.32339
Exp E (Transformer),6,5,1,42.318024
Exp E (Transformer),6,6,1,41.805176
Exp E (Transformer),6,6,1,41.794495
Exp E (Transformer),6,6,1,41.792225
Exp E (Transformer),6,6,1,41.796783
Exp E (Transformer),6,6,1,41.814034
Exp E (Transformer),6,6,1,41.80331
Exp E (Transformer),6,6,1,41.809338
Exp E (Transformer),6,6,1,41.804077
Exp E (Transformer),6,6,1,41.81413
Exp E (Transformer),6,6,1,41.820118
Exp E (Transformer),6,7,1,42.130047
Exp E (Transformer),6,7,1,42.113983
Exp E (Transformer),6,7,1,42.11408
Exp E (Transformer),6,7,1,42.097576
Exp E (Transformer),6,7,1,42.107624
Exp E (Transformer),6,7,1,42.092907
Exp E (Transformer),6,7,1,42.092163
Exp E (Transformer),6,7,1,42.09714
Exp E (Transformer),6,7,1,42.0995
Exp E (Transformer),6,7,1,42.08126
Exp E (Transformer),6,8,1,42.11828
Exp E (Transformer),6,8,1,42.136024
Exp E (Transformer),6,8,1,42.136505
Exp E (Transformer),6,8,1,42.12728
Exp E (Transformer),6,8,1,42.11611
Exp E (Transformer),6,8,1,42.113876
Exp E (Transformer),6,8,1,42.11666
Exp E (Transformer),6,8,1,42.107273
Exp E (Transformer),6,8,1,42.116226
Exp E (Transformer),6,8,1,42.117596
Exp E (Transformer),6,9,1,42.072365
Exp E (Transformer),6,9,1,42.03848
Exp E (Transformer),6,9,1,42.04261
Exp E (Transformer),6,9,1,42.04566
Exp E (Transformer),6,9,1,42.035656
Exp E (Transformer),6,9,1,42.044205
Exp E (Transformer),6,9,1,42.056232
Exp E (Transformer),6,9,1,42.081055
Exp E (Transformer),6,9,1,42.065025
Exp E (Transformer),6,9,1,42.04423
Exp E (Transformer),6,10,1,41.859074
Exp E (Transformer),6,10,1,41.88101
Exp E (Transformer),6,10,1,41.882385
Exp E (Transformer),6,10,1,41.873947
Exp E (Transformer),6,10,1,41.88979
Exp E (Transformer),6,10,1,41.885014
Exp E (Transformer),6,10,1,41.869934
Exp E (Transformer),6,10,1,41.863663
Exp E (Transformer),6,10,1,41.899055
Exp E (Transformer),6,10,1,41.873074
Exp E (Transformer),7,1,1,42.18801
Exp E (Transformer),7,1,1,42.198925
Exp E (Transformer),7,1,1,42.19391
Exp E (Transformer),7,1,1,42.21052
Exp E (Transformer),7,1,1,42.206734
Exp E (Transformer),7,1,1,42.20343
Exp E (Transformer),7,1,1,42.20549
Exp E (Transformer),7,1,1,42.20555
Exp E (Transformer),7,1,1,42.209187
Exp E (Transformer),7,1,1,42.2008
Exp E (Transformer),7,2,1,42.300755
Exp E (Transformer),7,2,1,42.31013
Exp E (Transformer),7,2,1,42.307636
Exp E (Transformer),7,2,1,42.308834
Exp E (Transformer),7,2,1,42.306812
Exp E (Transformer),7,2,1,42.31118
Exp E (Transformer),7,2,1,42.310036
Exp E (Transformer),7,2,1,42.310104
Exp E (Transformer),7,2,1,42.31024
Exp E (Transformer),7,2,1,42.309845
Exp E (Transformer),7,3,1,42.278748
Exp E (Transformer),7,3,1,42.277283
Exp E (Transformer),7,3,1,42.283817
Exp E (Transformer),7,3,1,42.283737
Exp E (Transformer),7,3,1,42.281498
Exp E (Transformer),7,3,1,42.283833
Exp E (Transformer),7,3,1,42.29342
Exp E (Transformer),7,3,1,42.29941
Exp E (Transformer),7,3,1,42.303448
Exp E (Transformer),7,3,1,42.298702
Exp E (Transformer),7,4,1,42.22889
Exp E (Transformer),7,4,1,42.23568
Exp E (Transformer),7,4,1,42.2348
Exp E (Transformer),7,4,1,42.23141
Exp E (Transformer),7,4,1,42.226448
Exp E (Transformer),7,4,1,42.222466
Exp E (Transformer),7,4,1,42.229946
Exp E (Transformer),7,4,1,42.233738
Exp E (Transformer),7,4,1,42.23375
Exp E (Transformer),7,4,1,42.23299
Exp E (Transformer),7,5,1,42.369656
Exp E (Transformer),7,5,1,42.373104
Exp E (Transformer),7,5,1,42.364773
Exp E (Transformer),7,5,1,42.36373
Exp E (Transformer),7,5,1,42.372864
Exp E (Transformer),7,5,1,42.36317
Exp E (Transformer),7,5,1,42.371258
Exp E (Transformer),7,5,1,42.38136
Exp E (Transformer),7,5,1,42.378307
Exp E (Transformer),7,5,1,42.38018
Exp E (Transformer),7,6,1,41.895657
Exp E (Transformer),7,6,1,41.884487
Exp E (Transformer),7,6,1,41.88289
Exp E (Transformer),7,6,1,41.8779
Exp E (Transformer),7,6,1,41.8776
Exp E (Transformer),7,6,1,41.87937
Exp E (Transformer),7,6,1,41.887936
Exp E (Transformer),7,6,1,41.878277
Exp E (Transformer),7,6,1,41.87777
Exp E (Transformer),7,6,1,41.87897
Exp E (Transformer),7,7,1,42.053673
Exp E (Transformer),7,7,1,42.049488
Exp E (Transformer),7,7,1,42.054573
Exp E (Transformer),7,7,1,42.051826
Exp E (Transformer),7,7,1,42.047173
Exp E (Transformer),7,7,1,42.050983
Exp E (Transformer),7,7,1,42.046825
Exp E (Transformer),7,7,1,42.04882
Exp E (Transformer),7,7,1,42.045128
Exp E (Transformer),7,7,1,42.04909
Exp E (Transformer),7,8,1,42.077385
Exp E (Transformer),7,8,1,42.08232
Exp E (Transformer),7,8,1,42.07904
Exp E (Transformer),7,8,1,42.078575
Exp E (Transformer),7,8,1,42.081707
Exp E (Transformer),7,8,1,42.080715
Exp E (Transformer),7,8,1,42.0817
Exp E (Transformer),7,8,1,42.078518
Exp E (Transformer),7,8,1,42.072704
Exp E (Transformer),7,8,1,42.070568
Exp E (Transformer),7,9,1,42.011837
Exp E (Transformer),7,9,1,42.010098
Exp E (Transformer),7,9,1,42.008034
Exp E (Transformer),7,9,1,42.005314
Exp E (Transformer),7,9,1,42.003025
Exp E (Transformer),7,9,1,42.00182
Exp E (Transformer),7,9,1,42.011227
Exp E (Transformer),7,9,1,42.012417
Exp E (Transformer),7,9,1,42.009937
Exp E (Transformer),7,9,1,42.010834
Exp E (Transformer),7,10,1,42.11733
Exp E (Transformer),7,10,1,42.127506
Exp E (Transformer),7,10,1,42.126953
Exp E (Transformer),7,10,1,42.1242
Exp E (Transformer),7,10,1,42.134018
Exp E (Transformer),7,10,1,42.13348
Exp E (Transformer),7,10,1,42.127743
Exp E (Transformer),7,10,1,42.135742
Exp E (Transformer),7,10,1,42.12967
Exp E (Transformer),7,10,1,42.132053
Exp E (Transformer),8,1,1,42.165066
Exp E (Transformer),8,1,1,42.162754
Exp E (Transformer),8,1,1,42.187355
Exp E (Transformer),8,1,1,42.209087
Exp E (Transformer),8,1,1,42.18172
Exp E (Transformer),8,1,1,42.220802
Exp E (Transformer),8,1,1,42.205975
Exp E (Transformer),8,1,1,42.1951
Exp E (Transformer),8,1,1,42.177845
Exp E (Transformer),8,1,1,42.162422
Exp E (Transformer),8,2,1,42.24851
Exp E (Transformer),8,2,1,42.261005
Exp E (Transformer),8,2,1,42.26763
Exp E (Transformer),8,2,1,42.26867
Exp E (Transformer),8,2,1,42.26869
Exp E (Transformer),8,2,1,42.280453
Exp E (Transformer),8,2,1,42.26711
Exp E (Transformer),8,2,1,42.26313
Exp E (Transformer),8,2,1,42.270966
Exp E (Transformer),8,2,1,42.274715
Exp E (Transformer),8,3,1,42.106037
Exp E (Transformer),8,3,1,42.129135
Exp E (Transformer),8,3,1,42.120228
Exp E (Transformer),8,3,1,42.109245
Exp E (Transformer),8,3,1,42.116165
Exp E (Transformer),8,3,1,42.114998
Exp E (Transformer),8,3,1,42.110134
Exp E (Transformer),8,3,1,42.120594
Exp E (Transformer),8,3,1,42.112797
Exp E (Transformer),8,3,1,42.120266
Exp E (Transformer),8,4,1,42.101006
Exp E (Transformer),8,4,1,42.103107
Exp E (Transformer),8,4,1,42.095078
Exp E (Transformer),8,4,1,42.09584
Exp E (Transformer),8,4,1,42.095417
Exp E (Transformer),8,4,1,42.08512
Exp E (Transformer),8,4,1,42.081207
Exp E (Transformer),8,4,1,42.089714
Exp E (Transformer),8,4,1,42.085655
Exp E (Transformer),8,4,1,42.09005
Exp E (Transformer),8,5,1,42.306385
Exp E (Transformer),8,5,1,42.291897
Exp E (Transformer),8,5,1,42.295795
Exp E (Transformer),8,5,1,42.289906
Exp E (Transformer),8,5,1,42.29529
Exp E (Transformer),8,5,1,42.300358
Exp E (Transformer),8,5,1,42.302002
Exp E (Transformer),8,5,1,42.30254
Exp E (Transformer),8,5,1,42.29845
Exp E (Transformer),8,5,1,42.308598
Exp E (Transformer),8,6,1,41.962307
Exp E (Transformer),8,6,1,41.962685
Exp E (Transformer),8,6,1,41.957184
Exp E (Transformer),8,6,1,41.949394
Exp E (Transformer),8,6,1,41.96167
Exp E (Transformer),8,6,1,41.95143
Exp E (Transformer),8,6,1,41.95065
Exp E (Transformer),8,6,1,41.96827
Exp E (Transformer),8,6,1,41.969677
Exp E (Transformer),8,6,1,41.955574
Exp E (Transformer),8,7,1,41.99482
Exp E (Transformer),8,7,1,42.000732
Exp E (Transformer),8,7,1,42.007175
Exp E (Transformer),8,7,1,42.01476
Exp E (Transformer),8,7,1,42.01283
Exp E (Transformer),8,7,1,42.008892
Exp E (Transformer),8,7,1,42.004295
Exp E (Transformer),8,7,1,42.005524
Exp E (Transformer),8,7,1,42.011097
Exp E (Transformer),8,7,1,42.01093
Exp E (Transformer),8,8,1,41.934322
Exp E (Transformer),8,8,1,41.92845
Exp E (Transformer),8,8,1,41.9277
Exp E (Transformer),8,8,1,41.914692
Exp E (Transformer),8,8,1,41.9126
Exp E (Transformer),8,8,1,41.924305
Exp E (Transformer),8,8,1,41.923344
Exp E (Transformer),8,8,1,41.923462
Exp E (Transformer),8,8,1,41.924202
Exp E (Transformer),8,8,1,41.922928
Exp E (Transformer),8,9,1,41.76575
Exp E (Transformer),8,9,1,41.7665
Exp E (Transformer),8,9,1,41.767395
Exp E (Transformer),8,9,1,41.762985
Exp E (Transformer),8,9,1,41.771843
Exp E (Transformer),8,9,1,41.763992
Exp E (Transformer),8,9,1,41.756332
Exp E (Transformer),8,9,1,41.76145
Exp E (Transformer),8,9,1,41.762432
Exp E (Transformer),8,9,1,41.759113
Exp E (Transformer),8,10,1,42.158974
Exp E (Transformer),8,10,1,42.152504
Exp E (Transformer),8,10,1,42.155663
Exp E (Transformer),8,10,1,42.152866
Exp E (Transformer),8,10,1,42.15513
Exp E (Transformer),8,10,1,42.145725
Exp E (Transformer),8,10,1,42.145153
Exp E (Transformer),8,10,1,42.13832
Exp E (Transformer),8,10,1,42.153652
Exp E (Transformer),8,10,1,42.15203
Exp E (Transformer),9,1,1,42.16799
Exp E (Transformer),9,1,1,42.15545
Exp E (Transformer),9,1,1,42.15662
Exp E (Transformer),9,1,1,42.17115
Exp E (Transformer),9,1,1,42.165783
Exp E (Transformer),9,1,1,42.15777
Exp E (Transformer),9,1,1,42.16031
Exp E (Transformer),9,1,1,42.16321
Exp E (Transformer),9,1,1,42.161232
Exp E (Transformer),9,1,1,42.16095
Exp E (Transformer),9,2,1,42.2167
Exp E (Transformer),9,2,1,42.219494
Exp E (Transformer),9,2,1,42.217102
Exp E (Transformer),9,2,1,42.21585
Exp E (Transformer),9,2,1,42.218307
Exp E (Transformer),9,2,1,42.216843
Exp E (Transformer),9,2,1,42.217117
Exp E (Transformer),9,2,1,42.217857
Exp E (Transformer),9,2,1,42.215168
Exp E (Transformer),9,2,1,42.21597
Exp E (Transformer),9,3,1,42.26921
Exp E (Transformer),9,3,1,42.267773
Exp E (Transformer),9,3,1,42.271564
Exp E (Transformer),9,3,1,42.274174
Exp E (Transformer),9,3,1,42.273235
Exp E (Transformer),9,3,1,42.274414
Exp E (Transformer),9,3,1,42.27554
Exp E (Transformer),9,3,1,42.271935
Exp E (Transformer),9,3,1,42.273643
Exp E (Transformer),9,3,1,42.27244
Exp E (Transformer),9,4,1,42.18899
Exp E (Transformer),9,4,1,42.191696
Exp E (Transformer),9,4,1,42.190727
Exp E (Transformer),9,4,1,42.188637
Exp E (Transformer),9,4,1,42.18918
Exp E (Transformer),9,4,1,42.189465
Exp E (Transformer),9,4,1,42.18871
Exp E (Transformer),9,4,1,42.188576
Exp E (Transformer),9,4,1,42.18732
Exp E (Transformer),9,4,1,42.18529
Exp E (Transformer),9,5,1,42.32029
Exp E (Transformer),9,5,1,42.318398
Exp E (Transformer),9,5,1,42.323875
Exp E (Transformer),9,5,1,42.320602
Exp E (Transformer),9,5,1,42.319836
Exp E (Transformer),9,5,1,42.321228
Exp E (Transformer),9,5,1,42.323643
Exp E (Transformer),9,5,1,42.32416
Exp E (Transformer),9,5,1,42.319775
Exp E (Transformer),9,5,1,42.32353
Exp E (Transformer),9,6,1,42.00645
Exp E (Transformer),9,6,1,42.002773
Exp E (Transformer),9,6,1,42.00492
Exp E (Transformer),9,6,1,42.003063
Exp E (Transformer),9,6,1,42.00565
Exp E (Transformer),9,6,1,42.007732
Exp E (Transformer),9,6,1,42.0081
Exp E (Transformer),9,6,1,42.008007
Exp E (Transformer),9,6,1,42.00547
Exp E (Transformer),9,6,1,42.01136
Exp E (Transformer),9,7,1,42.026863
Exp E (Transformer),9,7,1,42.018646
Exp E (Transformer),9,7,1,42.00751
Exp E (Transformer),9,7,1,42.002216
Exp E (Transformer),9,7,1,42.005272
Exp E (Transformer),9,7,1,41.998028
Exp E (Transformer),9,7,1,41.998573
Exp E (Transformer),9,7,1,42.00605
Exp E (Transformer),9,7,1,42.010124
Exp E (Transformer),9,7,1,42.002815
Exp E (Transformer),9,8,1,42.110325
Exp E (Transformer),9,8,1,42.109344
Exp E (Transformer),9,8,1,42.10603
Exp E (Transformer),9,8,1,42.105618
Exp E (Transformer),9,8,1,42.104923
Exp E (Transformer),9,8,1,42.104847
Exp E (Transformer),9,8,1,42.10276
Exp E (Transformer),9,8,1,42.096798
Exp E (Transformer),9,8,1,42.096104
Exp E (Transformer),9,8,1,42.096966
Exp E (Transformer),9,9,1,42.06396
Exp E (Transformer),9,9,1,42.060852
Exp E (Transformer),9,9,1,42.055794
Exp E (Transformer),9,9,1,42.056324
Exp E (Transformer),9,9,1,42.05923
Exp E (Transformer),9,9,1,42.05643
Exp E (Transformer),9,9,1,42.060036
Exp E (Transformer),9,9,1,42.06228
Exp E (Transformer),9,9,1,42.057884
Exp E (Transformer),9,9,1,42.05824
Exp E (Transformer),9,10,1,42.13577
Exp E (Transformer),9,10,1,42.13638
Exp E (Transformer),9,10,1,42.136726
Exp E (Transformer),9,10,1,42.134228
Exp E (Transformer),9,10,1,42.134247
Exp E (Transformer),9,10,1,42.13518
Exp E (Transformer),9,10,1,42.13469
Exp E (Transformer),9,10,1,42.132946
Exp E (Transformer),9,10,1,42.13751
Exp E (Transformer),9,10,1,42.13512
Exp E (Transformer),10,1,1,42.14618
Exp E (Transformer),10,1,1,42.145817
Exp E (Transformer),10,1,1,42.151302
Exp E (Transformer),10,1,1,42.15949
Exp E (Transformer),10,1,1,42.161522
Exp E (Transformer),10,1,1,42.162197
Exp E (Transformer),10,1,1,42.165257
Exp E (Transformer),10,1,1,42.16225
Exp E (Transformer),10,1,1,42.16014
Exp E (Transformer),10,1,1,42.15855
Exp E (Transformer),10,2,1,42.152786
Exp E (Transformer),10,2,1,42.15935
Exp E (Transformer),10,2,1,42.16189
Exp E (Transformer),10,2,1,42.16465
Exp E (Transformer),10,2,1,42.160496
Exp E (Transformer),10,2,1,42.16313
Exp E (Transformer),10,2,1,42.16746
Exp E (Transformer),10,2,1,42.167175
Exp E (Transformer),10,2,1,42.16282
Exp E (Transformer),10,2,1,42.159904
Exp E (Transformer),10,3,1,42.24058
Exp E (Transformer),10,3,1,42.2482
Exp E (Transformer),10,3,1,42.251934
Exp E (Transformer),10,3,1,42.24924
Exp E (Transformer),10,3,1,42.247917
Exp E (Transformer),10,3,1,42.25332
Exp E (Transformer),10,3,1,42.25018
Exp E (Transformer),10,3,1,42.246445
Exp E (Transformer),10,3,1,42.242104
Exp E (Transformer),10,3,1,42.246258
Exp E (Transformer),10,4,1,42.181824
Exp E (Transformer),10,4,1,42.179
Exp E (Transformer),10,4,1,42.17631
Exp E (Transformer),10,4,1,42.176525
Exp E (Transformer),10,4,1,42.17766
Exp E (Transformer),10,4,1,42.178314
Exp E (Transformer),10,4,1,42.17804
Exp E (Transformer),10,4,1,42.178535
Exp E (Transformer),10,4,1,42.183765
Exp E (Transformer),10,4,1,42.187523
Exp E (Transformer),10,5,1,42.32184
Exp E (Transformer),10,5,1,42.321697
Exp E (Transformer),10,5,1,42.324768
Exp E (Transformer),10,5,1,42.322823
Exp E (Transformer),10,5,1,42.326622
Exp E (Transformer),10,5,1,42.326046
Exp E (Transformer),10,5,1,42.329426
Exp E (Transformer),10,5,1,42.32456
Exp E (Transformer),10,5,1,42.328136
Exp E (Transformer),10,5,1,42.32754
Exp E (Transformer),10,6,1,41.993828
Exp E (Transformer),10,6,1,41.9777
Exp E (Transformer),10,6,1,41.977943
Exp E (Transformer),10,6,1,41.984154
Exp E (Transformer),10,6,1,41.980457
Exp E (Transformer),10,6,1,41.97738
Exp E (Transformer),10,6,1,41.969612
Exp E (Transformer),10,6,1,41.972378
Exp E (Transformer),10,6,1,41.98313
Exp E (Transformer),10,6,1,41.97695
Exp E (Transformer),10,7,1,42.025925
Exp E (Transformer),10,7,1,42.028664
Exp E (Transformer),10,7,1,42.02511
Exp E (Transformer),10,7,1,42.024643
Exp E (Transformer),10,7,1,42.025494
Exp E (Transformer),10,7,1,42.02529
Exp E (Transformer),10,7,1,42.027077
Exp E (Transformer),10,7,1,42.025093
Exp E (Transformer),10,7,1,42.02134
Exp E (Transformer),10,7,1,42.026653
Exp E (Transformer),10,8,1,42.073196
Exp E (Transformer),10,8,1,42.0755
Exp E (Transformer),10,8,1,42.076466
Exp E (Transformer),10,8,1,42.07693
Exp E (Transformer),10,8,1,42.076107
Exp E (Transformer),10,8,1,42.074635
Exp E (Transformer),10,8,1,42.07711
Exp E (Transformer),10,8,1,42.07926
Exp E (Transformer),10,8,1,42.077625
Exp E (Transformer),10,8,1,42.078346
Exp E (Transformer),10,9,1,42.104736
Exp E (Transformer),10,9,1,42.106846
Exp E (Transformer),10,9,1,42.102486
Exp E (Transformer),10,9,1,42.102154
Exp E (Transformer),10,9,1,42.104397
Exp E (Transformer),10,9,1,42.1026
Exp E (Transformer),10,9,1,42.103733
Exp E (Transformer),10,9,1,42.103718
Exp E (Transformer),10,9,1,42.104725
Exp E (Transformer),10,9,1,42.105404
Exp E (Transformer),10,10,1,42.12383
Exp E (Transformer),10,10,1,42.125496
Exp E (Transformer),10,10,1,42.125683
Exp E (Transformer),10,10,1,42.128975
Exp E (Transformer),10,10,1,42.132072
Exp E (Transformer),10,10,1,42.13196
Exp E (Transformer),10,10,1,42.127197
Exp E (Transformer),10,10,1,42.13213
Exp E (Transformer),10,10,1,42.128765
Exp E (Transformer),10,10,1,42.136593
Exp E (Transformer),1,1,0,41.815517
Exp E (Transformer),1,1,0,41.838665
Exp E (Transformer),1,1,0,41.974712
Exp E (Transformer),1,1,0,41.884563
Exp E (Transformer),1,1,0,41.96971
Exp E (Transformer),1,1,0,42.1294
Exp E (Transformer),1,1,0,41.89191
Exp E (Transformer),1,1,0,41.98037
Exp E (Transformer),1,1,0,41.944653
Exp E (Transformer),1,1,0,41.93794
Exp E (Transformer),1,2,0,41.96044
Exp E (Transformer),1,2,0,41.84623
Exp E (Transformer),1,2,0,41.909676
Exp E (Transformer),1,2,0,41.849472
Exp E (Transformer),1,2,0,41.916817
Exp E (Transformer),1,2,0,41.896618
Exp E (Transformer),1,2,0,41.8371
Exp E (Transformer),1,2,0,41.933434
Exp E (Transformer),1,2,0,41.779606
Exp E (Transformer),1,2,0,41.84255
Exp E (Transformer),1,3,0,41.99344
Exp E (Transformer),1,3,0,41.966484
Exp E (Transformer),1,3,0,41.87987
Exp E (Transformer),1,3,0,41.99113
Exp E (Transformer),1,3,0,41.91406
Exp E (Transformer),1,3,0,41.980064
Exp E (Transformer),1,3,0,41.977795
Exp E (Transformer),1,3,0,42.059208
Exp E (Transformer),1,3,0,41.99047
Exp E (Transformer),1,3,0,41.945705
Exp E (Transformer),1,4,0,42.16336
Exp E (Transformer),1,4,0,42.04616
Exp E (Transformer),1,4,0,42.01389
Exp E (Transformer),1,4,0,42.06736
Exp E (Transformer),1,4,0,42.08272
Exp E (Transformer),1,4,0,41.728024
Exp E (Transformer),1,4,0,41.905483
Exp E (Transformer),1,4,0,42.084797
Exp E (Transformer),1,4,0,42.103813
Exp E (Transformer),1,4,0,42.143284
Exp E (Transformer),1,5,0,41.956417
Exp E (Transformer),1,5,0,41.886204
Exp E (Transformer),1,5,0,41.949886
Exp E (Transformer),1,5,0,41.93938
Exp E (Transformer),1,5,0,41.96456
Exp E (Transformer),1,5,0,41.89847
Exp E (Transformer),1,5,0,41.863525
Exp E (Transformer),1,5,0,42.04322
Exp E (Transformer),1,5,0,41.920345
Exp E (Transformer),1,5,0,41.944244
Exp E (Transformer),1,6,0,41.730663
Exp E (Transformer),1,6,0,41.512806
Exp E (Transformer),1,6,0,41.59617
Exp E (Transformer),1,6,0,41.637035
Exp E (Transformer),1,6,0,41.690945
Exp E (Transformer),1,6,0,41.684734
Exp E (Transformer),1,6,0,41.65354
Exp E (Transformer),1,6,0,41.655464
Exp E (Transformer),1,6,0,41.638264
Exp E (Transformer),1,6,0,41.56969
Exp E (Transformer),1,7,0,41.969433
Exp E (Transformer),1,7,0,42.114693
Exp E (Transformer),1,7,0,41.920265
Exp E (Transformer),1,7,0,42.040794
Exp E (Transformer),1,7,0,41.899048
Exp E (Transformer),1,7,0,41.94264
Exp E (Transformer),1,7,0,41.960842
Exp E (Transformer),1,7,0,41.97485
Exp E (Transformer),1,7,0,41.773987
Exp E (Transformer),1,7,0,42.09116
Exp E (Transformer),1,8,0,41.833897
Exp E (Transformer),1,8,0,41.750042
Exp E (Transformer),1,8,0,41.800987
Exp E (Transformer),1,8,0,41.812187
Exp E (Transformer),1,8,0,41.930767
Exp E (Transformer),1,8,0,41.93146
Exp E (Transformer),1,8,0,42.07458
Exp E (Transformer),1,8,0,41.724022
Exp E (Transformer),1,8,0,41.984905
Exp E (Transformer),1,8,0,41.823757
Exp E (Transformer),1,9,0,42.15069
Exp E (Transformer),1,9,0,42.085617
Exp E (Transformer),1,9,0,42.02213
Exp E (Transformer),1,9,0,42.16092
Exp E (Transformer),1,9,0,42.09197
Exp E (Transformer),1,9,0,42.073414
Exp E (Transformer),1,9,0,42.038994
Exp E (Transformer),1,9,0,42.00321
Exp E (Transformer),1,9,0,42.16894
Exp E (Transformer),1,9,0,42.17457
Exp E (Transformer),1,10,0,41.839302
Exp E (Transformer),1,10,0,41.81384
Exp E (Transformer),1,10,0,41.823967
Exp E (Transformer),1,10,0,41.76679
Exp E (Transformer),1,10,0,41.746223
Exp E (Transformer),1,10,0,41.69427
Exp E (Transformer),1,10,0,41.775215
Exp E (Transformer),1,10,0,41.74734
Exp E (Transformer),1,10,0,41.793503
Exp E (Transformer),1,10,0,41.778572
Exp E (Transformer),2,1,0,42.243153
Exp E (Transformer),2,1,0,42.249165
Exp E (Transformer),2,1,0,42.24512
Exp E (Transformer),2,1,0,42.21841
Exp E (Transformer),2,1,0,42.21233
Exp E (Transformer),2,1,0,42.23339
Exp E (Transformer),2,1,0,42.207367
Exp E (Transformer),2,1,0,42.194393
Exp E (Transformer),2,1,0,42.19633
Exp E (Transformer),2,1,0,42.21071
Exp E (Transformer),2,2,0,42.322124
Exp E (Transformer),2,2,0,42.296722
Exp E (Transformer),2,2,0,42.303864
Exp E (Transformer),2,2,0,42.267235
Exp E (Transformer),2,2,0,42.29129
Exp E (Transformer),2,2,0,42.27453
Exp E (Transformer),2,2,0,42.261036
Exp E (Transformer),2,2,0,42.256668
Exp E (Transformer),2,2,0,42.283146
Exp E (Transformer),2,2,0,42.300476
Exp E (Transformer),2,3,0,42.28401
Exp E (Transformer),2,3,0,42.30224
Exp E (Transformer),2,3,0,42.277946
Exp E (Transformer),2,3,0,42.271225
Exp E (Transformer),2,3,0,42.29954
Exp E (Transformer),2,3,0,42.285816
Exp E (Transformer),2,3,0,42.339294
Exp E (Transformer),2,3,0,42.30287
Exp E (Transformer),2,3,0,42.29225
Exp E (Transformer),2,3,0,42.26636
Exp E (Transformer),2,4,0,42.321846
Exp E (Transformer),2,4,0,42.315308
Exp E (Transformer),2,4,0,42.329906
Exp E (Transformer),2,4,0,42.346466
Exp E (Transformer),2,4,0,42.36131
Exp E (Transformer),2,4,0,42.33269
Exp E (Transformer),2,4,0,42.309093
Exp E (Transformer),2,4,0,42.30586
Exp E (Transformer),2,4,0,42.416817
Exp E (Transformer),2,4,0,42.41848
Exp E (Transformer),2,5,0,42.273182
Exp E (Transformer),2,5,0,42.19596
Exp E (Transformer),2,5,0,42.148857
Exp E (Transformer),2,5,0,42.217037
Exp E (Transformer),2,5,0,42.237946
Exp E (Transformer),2,5,0,42.17447
Exp E (Transformer),2,5,0,42.227493
Exp E (Transformer),2,5,0,42.191025
Exp E (Transformer),2,5,0,42.228832
Exp E (Transformer),2,5,0,42.21559
Exp E (Transformer),2,6,0,41.92106
Exp E (Transformer),2,6,0,41.917816
Exp E (Transformer),2,6,0,41.959713
Exp E (Transformer),2,6,0,41.936306
Exp E (Transformer),2,6,0,41.916668
Exp E (Transformer),2,6,0,41.919796
Exp E (Transformer),2,6,0,41.90931
Exp E (Transformer),2,6,0,41.894062
Exp E (Transformer),2,6,0,41.949173
Exp E (Transformer),2,6,0,41.94206
Exp E (Transformer),2,7,0,42.191982
Exp E (Transformer),2,7,0,42.200554
Exp E (Transformer),2,7,0,42.18704
Exp E (Transformer),2,7,0,42.164486
Exp E (Transformer),2,7,0,42.158
Exp E (Transformer),2,7,0,42.15417
Exp E (Transformer),2,7,0,42.184937
Exp E (Transformer),2,7,0,42.156124
Exp E (Transformer),2,7,0,42.17387
Exp E (Transformer),2,7,0,42.18022
Exp E (Transformer),2,8,0,41.973225
Exp E (Transformer),2,8,0,41.901634
Exp E (Transformer),2,8,0,41.929874
Exp E (Transformer),2,8,0,41.953804
Exp E (Transformer),2,8,0,41.893913
Exp E (Transformer),2,8,0,41.8541
Exp E (Transformer),2,8,0,41.965454
Exp E (Transformer),2,8,0,41.895393
Exp E (Transformer),2,8,0,41.958782
Exp E (Transformer),2,8,0,41.951286
Exp E (Transformer),2,9,0,41.977596
Exp E (Transformer),2,9,0,41.95934
Exp E (Transformer),2,9,0,41.960857
Exp E (Transformer),2,9,0,41.988598
Exp E (Transformer),2,9,0,41.95278
Exp E (Transformer),2,9,0,41.947296
Exp E (Transformer),2,9,0,41.92718
Exp E (Transformer),2,9,0,41.9118
Exp E (Transformer),2,9,0,41.936367
Exp E (Transformer),2,9,0,41.956512
Exp E (Transformer),2,10,0,42.14494
Exp E (Transformer),2,10,0,42.154366
Exp E (Transformer),2,10,0,42.103054
Exp E (Transformer),2,10,0,42.142326
Exp E (Transformer),2,10,0,42.099255
Exp E (Transformer),2,10,0,42.1044
Exp E (Transformer),2,10,0,42.079525
Exp E (Transformer),2,10,0,42.081245
Exp E (Transformer),2,10,0,42.04279
Exp E (Transformer),2,10,0,42.012188
Exp E (Transformer),3,1,0,41.92458
Exp E (Transformer),3,1,0,41.973354
Exp E (Transformer),3,1,0,41.97667
Exp E (Transformer),3,1,0,41.953747
Exp E (Transformer),3,1,0,41.87057
Exp E (Transformer),3,1,0,41.89657
Exp E (Transformer),3,1,0,41.89688
Exp E (Transformer),3,1,0,41.86702
Exp E (Transformer),3,1,0,41.833866
Exp E (Transformer),3,1,0,41.793495
Exp E (Transformer),3,2,0,42.156506
Exp E (Transformer),3,2,0,42.17626
Exp E (Transformer),3,2,0,42.194984
Exp E (Transformer),3,2,0,42.150383
Exp E (Transformer),3,2,0,42.037846
Exp E (Transformer),3,2,0,42.03351
Exp E (Transformer),3,2,0,42.055954
Exp E (Transformer),3,2,0,42.06996
Exp E (Transformer),3,2,0,42.12859
Exp E (Transformer),3,2,0,42.422672
Exp E (Transformer),3,3,0,42.21771
Exp E (Transformer),3,3,0,42.208317
Exp E (Transformer),3,3,0,42.270287
Exp E (Transformer),3,3,0,42.288364
Exp E (Transformer),3,3,0,42.12986
Exp E (Transformer),3,3,0,42.26237
Exp E (Transformer),3,3,0,42.15348
Exp E (Transformer),3,3,0,42.11827
Exp E (Transformer),3,3,0,42.231926
Exp E (Transformer),3,3,0,42.179108
Exp E (Transformer),3,4,0,42.183937
Exp E (Transformer),3,4,0,42.15025
Exp E (Transformer),3,4,0,42.16258
Exp E (Transformer),3,4,0,42.162334
Exp E (Transformer),3,4,0,42.194324
Exp E (Transformer),3,4,0,42.074707
Exp E (Transformer),3,4,0,42.05201
Exp E (Transformer),3,4,0,42.081463
Exp E (Transformer),3,4,0,42.122868
Exp E (Transformer),3,4,0,42.204853
Exp E (Transformer),3,5,0,41.8968
Exp E (Transformer),3,5,0,41.93103
Exp E (Transformer),3,5,0,41.9443
Exp E (Transformer),3,5,0,41.893097
Exp E (Transformer),3,5,0,41.969326
Exp E (Transformer),3,5,0,41.831345
Exp E (Transformer),3,5,0,42.03954
Exp E (Transformer),3,5,0,41.909416
Exp E (Transformer),3,5,0,42.062874
Exp E (Transformer),3,5,0,42.024616
Exp E (Transformer),3,6,0,41.97429
Exp E (Transformer),3,6,0,41.995834
Exp E (Transformer),3,6,0,41.978764
Exp E (Transformer),3,6,0,41.97916
Exp E (Transformer),3,6,0,41.99459
Exp E (Transformer),3,6,0,42.00866
Exp E (Transformer),3,6,0,42.046356
Exp E (Transformer),3,6,0,42.025894
Exp E (Transformer),3,6,0,41.993046
Exp E (Transformer),3,6,0,42.03365
Exp E (Transformer),3,7,0,41.77866
Exp E (Transformer),3,7,0,41.79647
Exp E (Transformer),3,7,0,41.787106
Exp E (Transformer),3,7,0,41.75293
Exp E (Transformer),3,7,0,41.75882
Exp E (Transformer),3,7,0,41.745255
Exp E (Transformer),3,7,0,41.766476
Exp E (Transformer),3,7,0,41.819305
Exp E (Transformer),3,7,0,41.750328
Exp E (Transformer),3,7,0,41.891296
Exp E (Transformer),3,8,0,41.605335
Exp E (Transformer),3,8,0,41.651043
Exp E (Transformer),3,8,0,41.67727
Exp E (Transformer),3,8,0,41.639805
Exp E (Transformer),3,8,0,41.68899
Exp E (Transformer),3,8,0,41.656277
Exp E (Transformer),3,8,0,41.680893
Exp E (Transformer),3,8,0,41.567863
Exp E (Transformer),3,8,0,41.71221
Exp E (Transformer),3,8,0,41.631557
Exp E (Transformer),3,9,0,42.059326
Exp E (Transformer),3,9,0,42.074734
Exp E (Transformer),3,9,0,42.06613
Exp E (Transformer),3,9,0,42.19551
Exp E (Transformer),3,9,0,42.23629
Exp E (Transformer),3,9,0,42.1015
Exp E (Transformer),3,9,0,42.08954
Exp E (Transformer),3,9,0,42.043655
Exp E (Transformer),3,9,0,41.91826
Exp E (Transformer),3,9,0,41.92554
Exp E (Transformer),3,10,0,41.82832
Exp E (Transformer),3,10,0,41.69537
Exp E (Transformer),3,10,0,41.82447
Exp E (Transformer),3,10,0,41.728878
Exp E (Transformer),3,10,0,41.702446
Exp E (Transformer),3,10,0,41.78928
Exp E (Transformer),3,10,0,41.633415
Exp E (Transformer),3,10,0,41.80935
Exp E (Transformer),3,10,0,41.754032
Exp E (Transformer),3,10,0,41.82008
Exp E (Transformer),4,1,0,42.418266
Exp E (Transformer),4,1,0,42.368366
Exp E (Transformer),4,1,0,42.391567
Exp E (Transformer),4,1,0,42.381542
Exp E (Transformer),4,1,0,42.38649
Exp E (Transformer),4,1,0,42.337204
Exp E (Transformer),4,1,0,42.37045
Exp E (Transformer),4,1,0,42.374535
Exp E (Transformer),4,1,0,42.352077
Exp E (Transformer),4,1,0,42.39372
Exp E (Transformer),4,2,0,42.25228
Exp E (Transformer),4,2,0,42.196373
Exp E (Transformer),4,2,0,42.19138
Exp E (Transformer),4,2,0,42.198334
Exp E (Transformer),4,2,0,42.15899
Exp E (Transformer),4,2,0,42.20969
Exp E (Transformer),4,2,0,42.193623
Exp E (Transformer),4,2,0,42.197674
Exp E (Transformer),4,2,0,42.225124
Exp E (Transformer),4,2,0,42.283833
Exp E (Transformer),4,3,0,42.209476
Exp E (Transformer),4,3,0,42.127407
Exp E (Transformer),4,3,0,42.171192
Exp E (Transformer),4,3,0,42.188377
Exp E (Transformer),4,3,0,42.2037
Exp E (Transformer),4,3,0,42.103962
Exp E (Transformer),4,3,0,42.172424
Exp E (Transformer),4,3,0,42.132607
Exp E (Transformer),4,3,0,42.199574
Exp E (Transformer),4,3,0,42.1316
Exp E (Transformer),4,4,0,42.13192
Exp E (Transformer),4,4,0,42.093353
Exp E (Transformer),4,4,0,41.898243
Exp E (Transformer),4,4,0,42.1213
Exp E (Transformer),4,4,0,42.07654
Exp E (Transformer),4,4,0,42.03048
Exp E (Transformer),4,4,0,42.105904
Exp E (Transformer),4,4,0,42.126945
Exp E (Transformer),4,4,0,42.097645
Exp E (Transformer),4,4,0,42.109734
Exp E (Transformer),4,5,0,42.305042
Exp E (Transformer),4,5,0,42.306152
Exp E (Transformer),4,5,0,42.25668
Exp E (Transformer),4,5,0,42.30718
Exp E (Transformer),4,5,0,42.352646
Exp E (Transformer),4,5,0,42.359425
Exp E (Transformer),4,5,0,42.28761
Exp E (Transformer),4,5,0,42.29084
Exp E (Transformer),4,5,0,42.315895
Exp E (Transformer),4,5,0,42.315315
Exp E (Transformer),4,6,0,41.95755
Exp E (Transformer),4,6,0,41.962925
Exp E (Transformer),4,6,0,41.95804
Exp E (Transformer),4,6,0,41.95477
Exp E (Transformer),4,6,0,41.968746
Exp E (Transformer),4,6,0,41.962303
Exp E (Transformer),4,6,0,41.94617
Exp E (Transformer),4,6,0,41.965057
Exp E (Transformer),4,6,0,41.96524
Exp E (Transformer),4,6,0,41.960617
Exp E (Transformer),4,7,0,41.77251
Exp E (Transformer),4,7,0,41.846436
Exp E (Transformer),4,7,0,41.837646
Exp E (Transformer),4,7,0,41.809784
Exp E (Transformer),4,7,0,41.861477
Exp E (Transformer),4,7,0,41.7046
Exp E (Transformer),4,7,0,41.675243
Exp E (Transformer),4,7,0,41.694447
Exp E (Transformer),4,7,0,41.68049
Exp E (Transformer),4,7,0,41.73611
Exp E (Transformer),4,8,0,42.40143
Exp E (Transformer),4,8,0,42.41757
Exp E (Transformer),4,8,0,42.340843
Exp E (Transformer),4,8,0,42.36749
Exp E (Transformer),4,8,0,42.392757
Exp E (Transformer),4,8,0,42.107178
Exp E (Transformer),4,8,0,42.332462
Exp E (Transformer),4,8,0,42.345394
Exp E (Transformer),4,8,0,42.31478
Exp E (Transformer),4,8,0,42.38711
Exp E (Transformer),4,9,0,42.02503
Exp E (Transformer),4,9,0,42.012657
Exp E (Transformer),4,9,0,42.007915
Exp E (Transformer),4,9,0,42.065773
Exp E (Transformer),4,9,0,42.056084
Exp E (Transformer),4,9,0,42.04408
Exp E (Transformer),4,9,0,42.041862
Exp E (Transformer),4,9,0,42.0012
Exp E (Transformer),4,9,0,41.955063
Exp E (Transformer),4,9,0,41.984287
Exp E (Transformer),4,10,0,41.992607
Exp E (Transformer),4,10,0,42.021328
Exp E (Transformer),4,10,0,42.04184
Exp E (Transformer),4,10,0,41.956318
Exp E (Transformer),4,10,0,41.903408
Exp E (Transformer),4,10,0,41.925457
Exp E (Transformer),4,10,0,41.935158
Exp E (Transformer),4,10,0,41.95572
Exp E (Transformer),4,10,0,41.894817
Exp E (Transformer),4,10,0,41.888866
Exp E (Transformer),5,1,0,41.789288
Exp E (Transformer),5,1,0,41.760113
Exp E (Transformer),5,1,0,41.747925
Exp E (Transformer),5,1,0,41.670414
Exp E (Transformer),5,1,0,41.68499
Exp E (Transformer),5,1,0,41.701862
Exp E (Transformer),5,1,0,41.686214
Exp E (Transformer),5,1,0,41.69588
Exp E (Transformer),5,1,0,41.728436
Exp E (Transformer),5,1,0,41.762234
Exp E (Transformer),5,2,0,41.866882
Exp E (Transformer),5,2,0,41.88657
Exp E (Transformer),5,2,0,41.880768
Exp E (Transformer),5,2,0,41.930347
Exp E (Transformer),5,2,0,41.868748
Exp E (Transformer),5,2,0,41.863697
Exp E (Transformer),5,2,0,41.832085
Exp E (Transformer),5,2,0,41.905888
Exp E (Transformer),5,2,0,41.873493
Exp E (Transformer),5,2,0,41.832687
Exp E (Transformer),5,3,0,41.78305
Exp E (Transformer),5,3,0,41.75604
Exp E (Transformer),5,3,0,41.78891
Exp E (Transformer),5,3,0,41.835327
Exp E (Transformer),5,3,0,41.84586
Exp E (Transformer),5,3,0,41.833805
Exp E (Transformer),5,3,0,41.856422
Exp E (Transformer),5,3,0,41.84591
Exp E (Transformer),5,3,0,41.85484
Exp E (Transformer),5,3,0,41.847298
Exp E (Transformer),5,4,0,41.76473
Exp E (Transformer),5,4,0,41.816322
Exp E (Transformer),5,4,0,41.72743
Exp E (Transformer),5,4,0,41.757095
Exp E (Transformer),5,4,0,41.67074
Exp E (Transformer),5,4,0,41.789238
Exp E (Transformer),5,4,0,41.821297
Exp E (Transformer),5,4,0,41.747948
Exp E (Transformer),5,4,0,41.846626
Exp E (Transformer),5,4,0,41.821407
Exp E (Transformer),5,5,0,41.81114
Exp E (Transformer),5,5,0,41.87762
Exp E (Transformer),5,5,0,41.841015
Exp E (Transformer),5,5,0,41.82477
Exp E (Transformer),5,5,0,41.780155
Exp E (Transformer),5,5,0,41.923557
Exp E (Transformer),5,5,0,41.852898
Exp E (Transformer),5,5,0,41.847702
Exp E (Transformer),5,5,0,41.77949
Exp E (Transformer),5,5,0,41.90909
Exp E (Transformer),5,6,0,41.824978
Exp E (Transformer),5,6,0,41.734577
Exp E (Transformer),5,6,0,41.76516
Exp E (Transformer),5,6,0,41.689613
Exp E (Transformer),5,6,0,41.73548
Exp E (Transformer),5,6,0,41.838108
Exp E (Transformer),5,6,0,41.851124
Exp E (Transformer),5,6,0,41.816383
Exp E (Transformer),5,6,0,41.835033
Exp E (Transformer),5,6,0,41.878815
Exp E (Transformer),5,7,0,41.72503
Exp E (Transformer),5,7,0,41.755257
Exp E (Transformer),5,7,0,41.73318
Exp E (Transformer),5,7,0,41.7152
Exp E (Transformer),5,7,0,41.712738
Exp E (Transformer),5,7,0,41.738758
Exp E (Transformer),5,7,0,41.677734
Exp E (Transformer),5,7,0,41.698524
Exp E (Transformer),5,7,0,41.673805
Exp E (Transformer),5,7,0,41.739586
Exp E (Transformer),5,8,0,41.823143
Exp E (Transformer),5,8,0,41.827034
Exp E (Transformer),5,8,0,41.78664
Exp E (Transformer),5,8,0,41.799988
Exp E (Transformer),5,8,0,41.86159
Exp E (Transformer),5,8,0,41.880386
Exp E (Transformer),5,8,0,41.820347
Exp E (Transformer),5,8,0,41.82769
Exp E (Transformer),5,8,0,41.87837
Exp E (Transformer),5,8,0,41.764664
Exp E (Transformer),5,9,0,41.73809
Exp E (Transformer),5,9,0,41.77051
Exp E (Transformer),5,9,0,41.706123
Exp E (Transformer),5,9,0,41.710518
Exp E (Transformer),5,9,0,41.792442
Exp E (Transformer),5,9,0,41.810646
Exp E (Transformer),5,9,0,41.683914
Exp E (Transformer),5,9,0,41.745537
Exp E (Transformer),5,9,0,41.748253
Exp E (Transformer),5,9,0,41.75231
Exp E (Transformer),5,10,0,41.457
Exp E (Transformer),5,10,0,41.517635
Exp E (Transformer),5,10,0,41.519558
Exp E (Transformer),5,10,0,41.524044
Exp E (Transformer),5,10,0,41.51118
Exp E (Transformer),5,10,0,41.55677
Exp E (Transformer),5,10,0,41.530056
Exp E (Transformer),5,10,0,41.533524
Exp E (Transformer),5,10,0,41.582
Exp E (Transformer),5,10,0,41.565804
Exp E (Transformer),6,1,0,42.126583
Exp E (Transformer),6,1,0,42.108746
Exp E (Transformer),6,1,0,42.121094
Exp E (Transformer),6,1,0,42.140434
Exp E (Transformer),6,1,0,42.11045
Exp E (Transformer),6,1,0,42.107388
Exp E (Transformer),6,1,0,42.127296
Exp E (Transformer),6,1,0,42.150124
Exp E (Transformer),6,1,0,42.127327
Exp E (Transformer),6,1,0,42.160564
Exp E (Transformer),6,2,0,42.27697
Exp E (Transformer),6,2,0,42.315174
Exp E (Transformer),6,2,0,42.307583
Exp E (Transformer),6,2,0,42.27334
Exp E (Transformer),6,2,0,42.272217
Exp E (Transformer),6,2,0,42.259247
Exp E (Transformer),6,2,0,42.263542
Exp E (Transformer),6,2,0,42.2692
Exp E (Transformer),6,2,0,42.27975
Exp E (Transformer),6,2,0,42.311073
Exp E (Transformer),6,3,0,42.211834
Exp E (Transformer),6,3,0,42.234386
Exp E (Transformer),6,3,0,42.27672
Exp E (Transformer),6,3,0,42.28986
Exp E (Transformer),6,3,0,42.231396
Exp E (Transformer),6,3,0,42.278606
Exp E (Transformer),6,3,0,42.248844
Exp E (Transformer),6,3,0,42.2955
Exp E (Transformer),6,3,0,42.239185
Exp E (Transformer),6,3,0,42.299843
Exp E (Transformer),6,4,0,42.28986
Exp E (Transformer),6,4,0,42.29101
Exp E (Transformer),6,4,0,42.26935
Exp E (Transformer),6,4,0,42.264084
Exp E (Transformer),6,4,0,42.290207
Exp E (Transformer),6,4,0,42.28991
Exp E (Transformer),6,4,0,42.214584
Exp E (Transformer),6,4,0,42.206516
Exp E (Transformer),6,4,0,42.223434
Exp E (Transformer),6,4,0,42.250347
Exp E (Transformer),6,5,0,42.29963
Exp E (Transformer),6,5,0,42.338528
Exp E (Transformer),6,5,0,42.31669
Exp E (Transformer),6,5,0,42.338276
Exp E (Transformer),6,5,0,42.29932
Exp E (Transformer),6,5,0,42.37738
Exp E (Transformer),6,5,0,42.332912
Exp E (Transformer),6,5,0,42.362804
Exp E (Transformer),6,5,0,42.36053
Exp E (Transformer),6,5,0,42.36287
Exp E (Transformer),6,6,0,41.91965
Exp E (Transformer),6,6,0,41.90159
Exp E (Transformer),6,6,0,41.878254
Exp E (Transformer),6,6,0,41.888206
Exp E (Transformer),6,6,0,41.87879
Exp E (Transformer),6,6,0,41.885277
Exp E (Transformer),6,6,0,41.88378
Exp E (Transformer),6,6,0,41.904636
Exp E (Transformer),6,6,0,41.907497
Exp E (Transformer),6,6,0,41.926483
Exp E (Transformer),6,7,0,42.138885
Exp E (Transformer),6,7,0,42.158546
Exp E (Transformer),6,7,0,42.159534
Exp E (Transformer),6,7,0,42.16782
Exp E (Transformer),6,7,0,42.157345
Exp E (Transformer),6,7,0,42.136246
Exp E (Transformer),6,7,0,42.13004
Exp E (Transformer),6,7,0,42.107147
Exp E (Transformer),6,7,0,42.113205
Exp E (Transformer),6,7,0,42.100048
Exp E (Transformer),6,8,0,42.116173
Exp E (Transformer),6,8,0,42.08567
Exp E (Transformer),6,8,0,42.072247
Exp E (Transformer),6,8,0,42.103214
Exp E (Transformer),6,8,0,42.114075
Exp E (Transformer),6,8,0,42.043877
Exp E (Transformer),6,8,0,42.067764
Exp E (Transformer),6,8,0,42.025486
Exp E (Transformer),6,8,0,42.064533
Exp E (Transformer),6,8,0,42.13439
Exp E (Transformer),6,9,0,41.929268
Exp E (Transformer),6,9,0,41.928696
Exp E (Transformer),6,9,0,41.93398
Exp E (Transformer),6,9,0,41.891155
Exp E (Transformer),6,9,0,41.9076
Exp E (Transformer),6,9,0,41.962997
Exp E (Transformer),6,9,0,41.90263
Exp E (Transformer),6,9,0,41.890263
Exp E (Transformer),6,9,0,41.881794
Exp E (Transformer),6,9,0,41.920338
Exp E (Transformer),6,10,0,41.847157
Exp E (Transformer),6,10,0,41.88401
Exp E (Transformer),6,10,0,41.868565
Exp E (Transformer),6,10,0,41.877632
Exp E (Transformer),6,10,0,41.85898
Exp E (Transformer),6,10,0,41.844334
Exp E (Transformer),6,10,0,41.870014
Exp E (Transformer),6,10,0,41.856335
Exp E (Transformer),6,10,0,41.83424
Exp E (Transformer),6,10,0,41.853104
Exp E (Transformer),7,1,0,42.178032
Exp E (Transformer),7,1,0,42.177193
Exp E (Transformer),7,1,0,42.186867
Exp E (Transformer),7,1,0,42.181408
Exp E (Transformer),7,1,0,42.179718
Exp E (Transformer),7,1,0,42.178543
Exp E (Transformer),7,1,0,42.2099
Exp E (Transformer),7,1,0,42.22057
Exp E (Transformer),7,1,0,42.209717
Exp E (Transformer),7,1,0,42.211582
Exp E (Transformer),7,2,0,42.30322
Exp E (Transformer),7,2,0,42.320724
Exp E (Transformer),7,2,0,42.302155
Exp E (Transformer),7,2,0,42.30567
Exp E (Transformer),7,2,0,42.294434
Exp E (Transformer),7,2,0,42.29267
Exp E (Transformer),7,2,0,42.287533
Exp E (Transformer),7,2,0,42.27745
Exp E (Transformer),7,2,0,42.266304
Exp E (Transformer),7,2,0,42.262413
Exp E (Transformer),7,3,0,42.255375
Exp E (Transformer),7,3,0,42.26175
Exp E (Transformer),7,3,0,42.26627
Exp E (Transformer),7,3,0,42.269463
Exp E (Transformer),7,3,0,42.26667
Exp E (Transformer),7,3,0,42.269665
Exp E (Transformer),7,3,0,42.273636
Exp E (Transformer),7,3,0,42.27916
Exp E (Transformer),7,3,0,42.27543
Exp E (Transformer),7,3,0,42.27827
Exp E (Transformer),7,4,0,42.197662
Exp E (Transformer),7,4,0,42.200275
Exp E (Transformer),7,4,0,42.199097
Exp E (Transformer),7,4,0,42.199944
Exp E (Transformer),7,4,0,42.185555
Exp E (Transformer),7,4,0,42.108646
Exp E (Transformer),7,4,0,42.197956
Exp E (Transformer),7,4,0,42.19869
Exp E (Transformer),7,4,0,42.179813
Exp E (Transformer),7,4,0,42.172478
Exp E (Transformer),7,5,0,42.349876
Exp E (Transformer),7,5,0,42.34428
Exp E (Transformer),7,5,0,42.35012
Exp E (Transformer),7,5,0,42.372566
Exp E (Transformer),7,5,0,42.343216
Exp E (Transformer),7,5,0,42.34944
Exp E (Transformer),7,5,0,42.36412
Exp E (Transformer),7,5,0,42.352932
Exp E (Transformer),7,5,0,42.37194
Exp E (Transformer),7,5,0,42.3434
Exp E (Transformer),7,6,0,41.893642
Exp E (Transformer),7,6,0,41.899696
Exp E (Transformer),7,6,0,41.89662
Exp E (Transformer),7,6,0,41.885303
Exp E (Transformer),7,6,0,41.893364
Exp E (Transformer),7,6,0,41.897907
Exp E (Transformer),7,6,0,41.86155
Exp E (Transformer),7,6,0,41.867836
Exp E (Transformer),7,6,0,41.874153
Exp E (Transformer),7,6,0,41.85874
Exp E (Transformer),7,7,0,42.06027
Exp E (Transformer),7,7,0,42.057144
Exp E (Transformer),7,7,0,42.05784
Exp E (Transformer),7,7,0,42.047516
Exp E (Transformer),7,7,0,42.046806
Exp E (Transformer),7,7,0,42.042576
Exp E (Transformer),7,7,0,42.05757
Exp E (Transformer),7,7,0,42.065773
Exp E (Transformer),7,7,0,42.04954
Exp E (Transformer),7,7,0,42.045498
Exp E (Transformer),7,8,0,42.065918
Exp E (Transformer),7,8,0,42.053566
Exp E (Transformer),7,8,0,42.063034
Exp E (Transformer),7,8,0,42.019
Exp E (Transformer),7,8,0,41.98062
Exp E (Transformer),7,8,0,41.960625
Exp E (Transformer),7,8,0,41.969807
Exp E (Transformer),7,8,0,41.969162
Exp E (Transformer),7,8,0,41.991257
Exp E (Transformer),7,8,0,41.96152
Exp E (Transformer),7,9,0,41.99622
Exp E (Transformer),7,9,0,42.01048
Exp E (Transformer),7,9,0,42.011795
Exp E (Transformer),7,9,0,42.017975
Exp E (Transformer),7,9,0,42.026386
Exp E (Transformer),7,9,0,42.02515
Exp E (Transformer),7,9,0,41.942886
Exp E (Transformer),7,9,0,42.033077
Exp E (Transformer),7,9,0,41.97556
Exp E (Transformer),7,9,0,41.959717
Exp E (Transformer),7,10,0,42.1021
Exp E (Transformer),7,10,0,42.10398
Exp E (Transformer),7,10,0,42.107048
Exp E (Transformer),7,10,0,42.100883
Exp E (Transformer),7,10,0,42.0941
Exp E (Transformer),7,10,0,42.084244
Exp E (Transformer),7,10,0,42.099884
Exp E (Transformer),7,10,0,42.108875
Exp E (Transformer),7,10,0,42.101265
Exp E (Transformer),7,10,0,42.083843
Exp E (Transformer),8,1,0,42.062004
Exp E (Transformer),8,1,0,42.086903
Exp E (Transformer),8,1,0,42.08549
Exp E (Transformer),8,1,0,42.08771
Exp E (Transformer),8,1,0,42.095207
Exp E (Transformer),8,1,0,42.09175
Exp E (Transformer),8,1,0,42.095325
Exp E (Transformer),8,1,0,42.096207
Exp E (Transformer),8,1,0,42.083755
Exp E (Transformer),8,1,0,42.089314
Exp E (Transformer),8,2,0,42.2196
Exp E (Transformer),8,2,0,42.230114
Exp E (Transformer),8,2,0,42.218285
Exp E (Transformer),8,2,0,42.19785
Exp E (Transformer),8,2,0,42.216484
Exp E (Transformer),8,2,0,42.218193
Exp E (Transformer),8,2,0,42.22483
Exp E (Transformer),8,2,0,42.224148
Exp E (Transformer),8,2,0,42.223328
Exp E (Transformer),8,2,0,42.216
Exp E (Transformer),8,3,0,42.129097
Exp E (Transformer),8,3,0,42.108997
Exp E (Transformer),8,3,0,42.11334
Exp E (Transformer),8,3,0,42.073124
Exp E (Transformer),8,3,0,42.09486
Exp E (Transformer),8,3,0,42.084217
Exp E (Transformer),8,3,0,42.098606
Exp E (Transformer),8,3,0,42.130062
Exp E (Transformer),8,3,0,42.098766
Exp E (Transformer),8,3,0,42.088676
Exp E (Transformer),8,4,0,42.09608
Exp E (Transformer),8,4,0,42.090595
Exp E (Transformer),8,4,0,42.114536
Exp E (Transformer),8,4,0,42.116653
Exp E (Transformer),8,4,0,42.108566
Exp E (Transformer),8,4,0,42.108162
Exp E (Transformer),8,4,0,42.098316
Exp E (Transformer),8,4,0,42.09075
Exp E (Transformer),8,4,0,42.05147
Exp E (Transformer),8,4,0,42.078316
Exp E (Transformer),8,5,0,42.30349
Exp E (Transformer),8,5,0,42.299484
Exp E (Transformer),8,5,0,42.3008
Exp E (Transformer),8,5,0,42.298115
Exp E (Transformer),8,5,0,42.29801
Exp E (Transformer),8,5,0,42.299236
Exp E (Transformer),8,5,0,42.28885
Exp E (Transformer),8,5,0,42.291107
Exp E (Transformer),8,5,0,42.311
Exp E (Transformer),8,5,0,42.317577
Exp E (Transformer),8,6,0,41.762386
Exp E (Transformer),8,6,0,41.77474
Exp E (Transformer),8,6,0,41.766376
Exp E (Transformer),8,6,0,41.76606
Exp E (Transformer),8,6,0,41.778095
Exp E (Transformer),8,6,0,41.772728
Exp E (Transformer),8,6,0,41.78159
Exp E (Transformer),8,6,0,41.76762
Exp E (Transformer),8,6,0,41.768555
Exp E (Transformer),8,6,0,41.770916
Exp E (Transformer),8,7,0,42.000507
Exp E (Transformer),8,7,0,41.999565
Exp E (Transformer),8,7,0,41.990475
Exp E (Transformer),8,7,0,41.9782
Exp E (Transformer),8,7,0,42.018826
Exp E (Transformer),8,7,0,42.008877
Exp E (Transformer),8,7,0,41.997173
Exp E (Transformer),8,7,0,42.013657
Exp E (Transformer),8,7,0,41.960472
Exp E (Transformer),8,7,0,41.979588
Exp E (Transformer),8,8,0,41.93275
Exp E (Transformer),8,8,0,41.91881
Exp E (Transformer),8,8,0,41.91572
Exp E (Transformer),8,8,0,41.907658
Exp E (Transformer),8,8,0,41.895557
Exp E (Transformer),8,8,0,41.912277
Exp E (Transformer),8,8,0,41.893944
Exp E (Transformer),8,8,0,41.889523
Exp E (Transformer),8,8,0,41.894012
Exp E (Transformer),8,8,0,41.922462
Exp E (Transformer),8,9,0,41.809723
Exp E (Transformer),8,9,0,41.783756
Exp E (Transformer),8,9,0,41.767868
Exp E (Transformer),8,9,0,41.797592
Exp E (Transformer),8,9,0,41.81905
Exp E (Transformer),8,9,0,41.831924
Exp E (Transformer),8,9,0,41.794567
Exp E (Transformer),8,9,0,41.793137
Exp E (Transformer),8,9,0,41.784534
Exp E (Transformer),8,9,0,41.765038
Exp E (Transformer),8,10,0,42.17533
Exp E (Transformer),8,10,0,42.163986
Exp E (Transformer),8,10,0,42.156532
Exp E (Transformer),8,10,0,42.09805
Exp E (Transformer),8,10,0,42.06262
Exp E (Transformer),8,10,0,42.10254
Exp E (Transformer),8,10,0,42.15239
Exp E (Transformer),8,10,0,42.05542
Exp E (Transformer),8,10,0,42.169823
Exp E (Transformer),8,10,0,42.148483
Exp E (Transformer),9,1,0,42.183796
Exp E (Transformer),9,1,0,42.182426
Exp E (Transformer),9,1,0,42.183273
Exp E (Transformer),9,1,0,42.180202
Exp E (Transformer),9,1,0,42.17814
Exp E (Transformer),9,1,0,42.17963
Exp E (Transformer),9,1,0,42.172523
Exp E (Transformer),9,1,0,42.17116
Exp E (Transformer),9,1,0,42.16328
Exp E (Transformer),9,1,0,42.164207
Exp E (Transformer),9,2,0,42.21802
Exp E (Transformer),9,2,0,42.215096
Exp E (Transformer),9,2,0,42.21349
Exp E (Transformer),9,2,0,42.20295
Exp E (Transformer),9,2,0,42.20669
Exp E (Transformer),9,2,0,42.20652
Exp E (Transformer),9,2,0,42.206345
Exp E (Transformer),9,2,0,42.21723
Exp E (Transformer),9,2,0,42.214256
Exp E (Transformer),9,2,0,42.206055
Exp E (Transformer),9,3,0,42.28023
Exp E (Transformer),9,3,0,42.2696
Exp E (Transformer),9,3,0,42.275818
Exp E (Transformer),9,3,0,42.273186
Exp E (Transformer),9,3,0,42.279686
Exp E (Transformer),9,3,0,42.278755
Exp E (Transformer),9,3,0,42.278748
Exp E (Transformer),9,3,0,42.279438
Exp E (Transformer),9,3,0,42.27504
Exp E (Transformer),9,3,0,42.27937
Exp E (Transformer),9,4,0,42.19832
Exp E (Transformer),9,4,0,42.197704
Exp E (Transformer),9,4,0,42.18374
Exp E (Transformer),9,4,0,42.188522
Exp E (Transformer),9,4,0,42.18537
Exp E (Transformer),9,4,0,42.169075
Exp E (Transformer),9,4,0,42.15209
Exp E (Transformer),9,4,0,42.188034
Exp E (Transformer),9,4,0,42.18621
Exp E (Transformer),9,4,0,42.187363
Exp E (Transformer),9,5,0,42.31496
Exp E (Transformer),9,5,0,42.3146
Exp E (Transformer),9,5,0,42.306255
Exp E (Transformer),9,5,0,42.31294
Exp E (Transformer),9,5,0,42.328987
Exp E (Transformer),9,5,0,42.347084
Exp E (Transformer),9,5,0,42.330585
Exp E (Transformer),9,5,0,42.32598
Exp E (Transformer),9,5,0,42.30835
Exp E (Transformer),9,5,0,42.346928
Exp E (Transformer),9,6,0,41.984543
Exp E (Transformer),9,6,0,41.98407
Exp E (Transformer),9,6,0,41.970657
Exp E (Transformer),9,6,0,41.980434
Exp E (Transformer),9,6,0,41.995007
Exp E (Transformer),9,6,0,41.997566
Exp E (Transformer),9,6,0,41.98899
Exp E (Transformer),9,6,0,41.987335
Exp E (Transformer),9,6,0,41.98421
Exp E (Transformer),9,6,0,41.98086
Exp E (Transformer),9,7,0,41.995445
Exp E (Transformer),9,7,0,41.993584
Exp E (Transformer),9,7,0,41.994293
Exp E (Transformer),9,7,0,41.991974
Exp E (Transformer),9,7,0,41.991592
Exp E (Transformer),9,7,0,41.989967
Exp E (Transformer),9,7,0,41.977043
Exp E (Transformer),9,7,0,41.986168
Exp E (Transformer),9,7,0,41.960606
Exp E (Transformer),9,7,0,41.973797
Exp E (Transformer),9,8,0,42.1035
Exp E (Transformer),9,8,0,42.109303
Exp E (Transformer),9,8,0,42.101055
Exp E (Transformer),9,8,0,42.094273
Exp E (Transformer),9,8,0,42.091125
Exp E (Transformer),9,8,0,42.088737
Exp E (Transformer),9,8,0,42.08474
Exp E (Transformer),9,8,0,42.095013
Exp E (Transformer),9,8,0,42.06513
Exp E (Transformer),9,8,0,42.11798
Exp E (Transformer),9,9,0,42.079235
Exp E (Transformer),9,9,0,42.09339
Exp E (Transformer),9,9,0,42.090073
Exp E (Transformer),9,9,0,42.07561
Exp E (Transformer),9,9,0,42.089176
Exp E (Transformer),9,9,0,42.10082
Exp E (Transformer),9,9,0,42.099873
Exp E (Transformer),9,9,0,42.10938
Exp E (Transformer),9,9,0,42.109783
Exp E (Transformer),9,9,0,42.102757
Exp E (Transformer),9,10,0,42.11851
Exp E (Transformer),9,10,0,42.12043
Exp E (Transformer),9,10,0,42.09983
Exp E (Transformer),9,10,0,42.089832
Exp E (Transformer),9,10,0,42.083866
Exp E (Transformer),9,10,0,42.09822
Exp E (Transformer),9,10,0,42.10572
Exp E (Transformer),9,10,0,42.106052
Exp E (Transformer),9,10,0,42.104
Exp E (Transformer),9,10,0,42.095345
Exp E (Transformer),10,1,0,42.155293
Exp E (Transformer),10,1,0,42.154648
Exp E (Transformer),10,1,0,42.147255
Exp E (Transformer),10,1,0,42.152412
Exp E (Transformer),10,1,0,42.157898
Exp E (Transformer),10,1,0,42.154278
Exp E (Transformer),10,1,0,42.15158
Exp E (Transformer),10,1,0,42.14435
Exp E (Transformer),10,1,0,42.147472
Exp E (Transformer),10,1,0,42.151806
Exp E (Transformer),10,2,0,42.13753
Exp E (Transformer),10,2,0,42.13531
Exp E (Transformer),10,2,0,42.137043
Exp E (Transformer),10,2,0,42.139816
Exp E (Transformer),10,2,0,42.131355
Exp E (Transformer),10,2,0,42.128445
Exp E (Transformer),10,2,0,42.157207
Exp E (Transformer),10,2,0,42.13153
Exp E (Transformer),10,2,0,42.14106
Exp E (Transformer),10,2,0,42.138683
Exp E (Transformer),10,3,0,42.229042
Exp E (Transformer),10,3,0,42.246323
Exp E (Transformer),10,3,0,42.24165
Exp E (Transformer),10,3,0,42.22645
Exp E (Transformer),10,3,0,42.226883
Exp E (Transformer),10,3,0,42.226707
Exp E (Transformer),10,3,0,42.26035
Exp E (Transformer),10,3,0,42.254456
Exp E (Transformer),10,3,0,42.253593
Exp E (Transformer),10,3,0,42.251373
Exp E (Transformer),10,4,0,42.178246
Exp E (Transformer),10,4,0,42.181675
Exp E (Transformer),10,4,0,42.176136
Exp E (Transformer),10,4,0,42.1634
Exp E (Transformer),10,4,0,42.147762
Exp E (Transformer),10,4,0,42.156277
Exp E (Transformer),10,4,0,42.15107
Exp E (Transformer),10,4,0,42.16632
Exp E (Transformer),10,4,0,42.154385
Exp E (Transformer),10,4,0,42.139782
Exp E (Transformer),10,5,0,42.312603
Exp E (Transformer),10,5,0,42.284275
Exp E (Transformer),10,5,0,42.278717
Exp E (Transformer),10,5,0,42.3107
Exp E (Transformer),10,5,0,42.305935
Exp E (Transformer),10,5,0,42.27438
Exp E (Transformer),10,5,0,42.225792
Exp E (Transformer),10,5,0,42.285175
Exp E (Transformer),10,5,0,42.285458
Exp E (Transformer),10,5,0,42.273754
Exp E (Transformer),10,6,0,41.97233
Exp E (Transformer),10,6,0,41.974655
Exp E (Transformer),10,6,0,41.973003
Exp E (Transformer),10,6,0,41.970848
Exp E (Transformer),10,6,0,41.974186
Exp E (Transformer),10,6,0,41.974277
Exp E (Transformer),10,6,0,41.965702
Exp E (Transformer),10,6,0,41.954678
Exp E (Transformer),10,6,0,41.942574
Exp E (Transformer),10,6,0,41.949383
Exp E (Transformer),10,7,0,42.01502
Exp E (Transformer),10,7,0,42.01381
Exp E (Transformer),10,7,0,42.011723
Exp E (Transformer),10,7,0,42.003654
Exp E (Transformer),10,7,0,42.008907
Exp E (Transformer),10,7,0,41.995358
Exp E (Transformer),10,7,0,41.988827
Exp E (Transformer),10,7,0,41.996582
Exp E (Transformer),10,7,0,42.00767
Exp E (Transformer),10,7,0,42.001026
Exp E (Transformer),10,8,0,42.0738
Exp E (Transformer),10,8,0,42.07158
Exp E (Transformer),10,8,0,42.07674
Exp E (Transformer),10,8,0,42.01804
Exp E (Transformer),10,8,0,42.01331
Exp E (Transformer),10,8,0,41.99124
Exp E (Transformer),10,8,0,41.99203
Exp E (Transformer),10,8,0,42.00069
Exp E (Transformer),10,8,0,41.982132
Exp E (Transformer),10,8,0,42.01653
Exp E (Transformer),10,9,0,42.139473
Exp E (Transformer),10,9,0,42.138966
Exp E (Transformer),10,9,0,42.13953
Exp E (Transformer),10,9,0,42.13688
Exp E (Transformer),10,9,0,42.12974
Exp E (Transformer),10,9,0,42.131042
Exp E (Transformer),10,9,0,42.119484
Exp E (Transformer),10,9,0,42.1403
Exp E (Transformer),10,9,0,42.133156
Exp E (Transformer),10,9,0,42.122856
Exp E (Transformer),10,10,0,42.111176
Exp E (Transformer),10,10,0,42.109673
Exp E (Transformer),10,10,0,42.11244
Exp E (Transformer),10,10,0,42.11081
Exp E (Transformer),10,10,0,42.078213
Exp E (Transformer),10,10,0,42.059063
Exp E (Transformer),10,10,0,42.056633
Exp E (Transformer),10,10,0,42.107735
Exp E (Transformer),10,10,0,42.05059
Exp E (Transformer),10,10,0,42.113647
